id,collateral_id,hazard,scenario,value,coverage,scenario_invariant,unit,dataset_name,dataset_version,pathway,return_period_yrs,sampled_at
HS-00001,SG-MS-001,flood_riverine,today,0.35,scored,false,m,Aqueduct Floods v2 riverine (synthetic stand-in),synthetic,rcp8p5,100,2026-09-07
HS-00002,SG-MS-001,flood_coastal,today,0.02,scored,false,m,Aqueduct Floods v2 coastal-wtsub (synthetic stand-in),synthetic,rcp8p5,100,2026-09-07
HS-00003,SG-MS-001,wind,today,,absent,false,m/s,STORM v4 (synthetic stand-in),synthetic,present-climate,100,2026-09-07
HS-00004,SG-MS-001,heat_days35,today,0.0,scored,false,days/yr,NEX-GDDP-CMIP6 vs ERA5-Land (synthetic stand-in),synthetic,ssp585,,2026-09-07
HS-00005,SG-MS-001,pm25,today,16.9,measured_not_scored,true,ug/m3,GHAP PM2.5 annual mean (synthetic stand-in),synthetic,,,2026-09-07
HS-00006,SG-MS-001,flood_riverine,y2030,0.4,scored,false,m,Aqueduct Floods v2 riverine (synthetic stand-in),synthetic,rcp8p5,100,2026-09-07
HS-00007,SG-MS-001,flood_coastal,y2030,0.11,scored,false,m,Aqueduct Floods v2 coastal-wtsub (synthetic stand-in),synthetic,rcp8p5,100,2026-09-07
HS-00008,SG-MS-001,wind,y2030,,absent,false,m/s,STORM v4 (synthetic stand-in),synthetic,climate-change,100,2026-09-07
HS-00009,SG-MS-001,heat_days35,y2030,5.0,scored,false,days/yr,NEX-GDDP-CMIP6 vs ERA5-Land (synthetic stand-in),synthetic,ssp585,,2026-09-07
HS-00010,SG-MS-001,pm25,y2030,16.9,measured_not_scored,true,ug/m3,GHAP PM2.5 annual mean (synthetic stand-in),synthetic,,,2026-09-07
HS-00011,SG-MS-001,flood_riverine,y2050,0.44,scored,false,m,Aqueduct Floods v2 riverine (synthetic stand-in),synthetic,rcp8p5,100,2026-09-07
HS-00012,SG-MS-001,flood_coastal,y2050,0.25,scored,false,m,Aqueduct Floods v2 coastal-wtsub (synthetic stand-in),synthetic,rcp8p5,100,2026-09-07
HS-00013,SG-MS-001,wind,y2050,,absent,false,m/s,STORM v4 (synthetic stand-in),synthetic,climate-change,100,2026-09-07
HS-00014,SG-MS-001,heat_days35,y2050,15.0,scored,false,days/yr,NEX-GDDP-CMIP6 vs ERA5-Land (synthetic stand-in),synthetic,ssp585,,2026-09-07
HS-00015,SG-MS-001,pm25,y2050,16.9,measured_not_scored,true,ug/m3,GHAP PM2.5 annual mean (synthetic stand-in),synthetic,,,2026-09-07
HS-00016,SG-MS-002,flood_riverine,today,1.12,scored,false,m,Aqueduct Floods v2 riverine (synthetic stand-in),synthetic,rcp8p5,100,2026-09-07
HS-00017,SG-MS-002,flood_coastal,today,2.88,scored,false,m,Aqueduct Floods v2 coastal-wtsub (synthetic stand-in),synthetic,rcp8p5,100,2026-09-07
HS-00018,SG-MS-002,wind,today,,absent,false,m/s,STORM v4 (synthetic stand-in),synthetic,present-climate,100,2026-09-07
HS-00019,SG-MS-002,heat_days35,today,0.0,scored,false,days/yr,NEX-GDDP-CMIP6 vs ERA5-Land (synthetic stand-in),synthetic,ssp585,,2026-09-07
HS-00020,SG-MS-002,pm25,today,16.7,measured_not_scored,true,ug/m3,GHAP PM2.5 annual mean (synthetic stand-in),synthetic,,,2026-09-07
HS-00021,SG-MS-002,flood_riverine,y2030,1.26,scored,false,m,Aqueduct Floods v2 riverine (synthetic stand-in),synthetic,rcp8p5,100,2026-09-07
HS-00022,SG-MS-002,flood_coastal,y2030,3.35,scored,false,m,Aqueduct Floods v2 coastal-wtsub (synthetic stand-in),synthetic,rcp8p5,100,2026-09-07
HS-00023,SG-MS-002,wind,y2030,,absent,false,m/s,STORM v4 (synthetic stand-in),synthetic,climate-change,100,2026-09-07
HS-00024,SG-MS-002,heat_days35,y2030,4.0,scored,false,days/yr,NEX-GDDP-CMIP6 vs ERA5-Land (synthetic stand-in),synthetic,ssp585,,2026-09-07
HS-00025,SG-MS-002,pm25,y2030,16.7,measured_not_scored,true,ug/m3,GHAP PM2.5 annual mean (synthetic stand-in),synthetic,,,2026-09-07
HS-00026,SG-MS-002,flood_riverine,y2050,1.4,scored,false,m,Aqueduct Floods v2 riverine (synthetic stand-in),synthetic,rcp8p5,100,2026-09-07
HS-00027,SG-MS-002,flood_coastal,y2050,3.83,scored,false,m,Aqueduct Floods v2 coastal-wtsub (synthetic stand-in),synthetic,rcp8p5,100,2026-09-07
HS-00028,SG-MS-002,wind,y2050,,absent,false,m/s,STORM v4 (synthetic stand-in),synthetic,climate-change,100,2026-09-07
HS-00029,SG-MS-002,heat_days35,y2050,16.0,scored,false,days/yr,NEX-GDDP-CMIP6 vs ERA5-Land (synthetic stand-in),synthetic,ssp585,,2026-09-07
HS-00030,SG-MS-002,pm25,y2050,16.7,measured_not_scored,true,ug/m3,GHAP PM2.5 annual mean (synthetic stand-in),synthetic,,,2026-09-07
HS-00031,SG-MS-003,flood_riverine,today,0.69,scored,false,m,Aqueduct Floods v2 riverine (synthetic stand-in),synthetic,rcp8p5,100,2026-09-07
HS-00032,SG-MS-003,flood_coastal,today,0.56,scored,false,m,Aqueduct Floods v2 coastal-wtsub (synthetic stand-in),synthetic,rcp8p5,100,2026-09-07
HS-00033,SG-MS-003,wind,today,,absent,false,m/s,STORM v4 (synthetic stand-in),synthetic,present-climate,100,2026-09-07
HS-00034,SG-MS-003,heat_days35,today,0.0,scored,false,days/yr,NEX-GDDP-CMIP6 vs ERA5-Land (synthetic stand-in),synthetic,ssp585,,2026-09-07
HS-00035,SG-MS-003,pm25,today,17.3,measured_not_scored,true,ug/m3,GHAP PM2.5 annual mean (synthetic stand-in),synthetic,,,2026-09-07
HS-00036,SG-MS-003,flood_riverine,y2030,0.77,scored,false,m,Aqueduct Floods v2 riverine (synthetic stand-in),synthetic,rcp8p5,100,2026-09-07
HS-00037,SG-MS-003,flood_coastal,y2030,0.85,scored,false,m,Aqueduct Floods v2 coastal-wtsub (synthetic stand-in),synthetic,rcp8p5,100,2026-09-07
HS-00038,SG-MS-003,wind,y2030,,absent,false,m/s,STORM v4 (synthetic stand-in),synthetic,climate-change,100,2026-09-07
HS-00039,SG-MS-003,heat_days35,y2030,5.0,scored,false,days/yr,NEX-GDDP-CMIP6 vs ERA5-Land (synthetic stand-in),synthetic,ssp585,,2026-09-07
HS-00040,SG-MS-003,pm25,y2030,17.3,measured_not_scored,true,ug/m3,GHAP PM2.5 annual mean (synthetic stand-in),synthetic,,,2026-09-07
HS-00041,SG-MS-003,flood_riverine,y2050,0.86,scored,false,m,Aqueduct Floods v2 riverine (synthetic stand-in),synthetic,rcp8p5,100,2026-09-07
HS-00042,SG-MS-003,flood_coastal,y2050,1.16,scored,false,m,Aqueduct Floods v2 coastal-wtsub (synthetic stand-in),synthetic,rcp8p5,100,2026-09-07
HS-00043,SG-MS-003,wind,y2050,,absent,false,m/s,STORM v4 (synthetic stand-in),synthetic,climate-change,100,2026-09-07
HS-00044,SG-MS-003,heat_days35,y2050,16.0,scored,false,days/yr,NEX-GDDP-CMIP6 vs ERA5-Land (synthetic stand-in),synthetic,ssp585,,2026-09-07
HS-00045,SG-MS-003,pm25,y2050,17.3,measured_not_scored,true,ug/m3,GHAP PM2.5 annual mean (synthetic stand-in),synthetic,,,2026-09-07
HS-00046,SG-MS-004,flood_riverine,today,0.7,scored,false,m,Aqueduct Floods v2 riverine (synthetic stand-in),synthetic,rcp8p5,100,2026-09-07
HS-00047,SG-MS-004,flood_coastal,today,1.37,scored,false,m,Aqueduct Floods v2 coastal-wtsub (synthetic stand-in),synthetic,rcp8p5,100,2026-09-07
HS-00048,SG-MS-004,wind,today,,absent,false,m/s,STORM v4 (synthetic stand-in),synthetic,present-climate,100,2026-09-07
HS-00049,SG-MS-004,heat_days35,today,0.0,scored,false,days/yr,NEX-GDDP-CMIP6 vs ERA5-Land (synthetic stand-in),synthetic,ssp585,,2026-09-07
HS-00050,SG-MS-004,pm25,today,16.9,measured_not_scored,true,ug/m3,GHAP PM2.5 annual mean (synthetic stand-in),synthetic,,,2026-09-07
HS-00051,SG-MS-004,flood_riverine,y2030,0.79,scored,false,m,Aqueduct Floods v2 riverine (synthetic stand-in),synthetic,rcp8p5,100,2026-09-07
HS-00052,SG-MS-004,flood_coastal,y2030,1.82,scored,false,m,Aqueduct Floods v2 coastal-wtsub (synthetic stand-in),synthetic,rcp8p5,100,2026-09-07
HS-00053,SG-MS-004,wind,y2030,,absent,false,m/s,STORM v4 (synthetic stand-in),synthetic,climate-change,100,2026-09-07
HS-00054,SG-MS-004,heat_days35,y2030,5.0,scored,false,days/yr,NEX-GDDP-CMIP6 vs ERA5-Land (synthetic stand-in),synthetic,ssp585,,2026-09-07
HS-00055,SG-MS-004,pm25,y2030,16.9,measured_not_scored,true,ug/m3,GHAP PM2.5 annual mean (synthetic stand-in),synthetic,,,2026-09-07
HS-00056,SG-MS-004,flood_riverine,y2050,0.87,scored,false,m,Aqueduct Floods v2 riverine (synthetic stand-in),synthetic,rcp8p5,100,2026-09-07
HS-00057,SG-MS-004,flood_coastal,y2050,2.28,scored,false,m,Aqueduct Floods v2 coastal-wtsub (synthetic stand-in),synthetic,rcp8p5,100,2026-09-07
HS-00058,SG-MS-004,wind,y2050,,absent,false,m/s,STORM v4 (synthetic stand-in),synthetic,climate-change,100,2026-09-07
HS-00059,SG-MS-004,heat_days35,y2050,17.0,scored,false,days/yr,NEX-GDDP-CMIP6 vs ERA5-Land (synthetic stand-in),synthetic,ssp585,,2026-09-07
HS-00060,SG-MS-004,pm25,y2050,16.9,measured_not_scored,true,ug/m3,GHAP PM2.5 annual mean (synthetic stand-in),synthetic,,,2026-09-07
HS-00061,SG-MS-005,flood_riverine,today,0.18,scored,false,m,Aqueduct Floods v2 riverine (synthetic stand-in),synthetic,rcp8p5,100,2026-09-07
HS-00062,SG-MS-005,flood_coastal,today,0.0,scored,false,m,Aqueduct Floods v2 coastal-wtsub (synthetic stand-in),synthetic,rcp8p5,100,2026-09-07
HS-00063,SG-MS-005,wind,today,,absent,false,m/s,STORM v4 (synthetic stand-in),synthetic,present-climate,100,2026-09-07
HS-00064,SG-MS-005,heat_days35,today,0.0,scored,false,days/yr,NEX-GDDP-CMIP6 vs ERA5-Land (synthetic stand-in),synthetic,ssp585,,2026-09-07
HS-00065,SG-MS-005,pm25,today,17.1,measured_not_scored,true,ug/m3,GHAP PM2.5 annual mean (synthetic stand-in),synthetic,,,2026-09-07
HS-00066,SG-MS-005,flood_riverine,y2030,0.2,scored,false,m,Aqueduct Floods v2 riverine (synthetic stand-in),synthetic,rcp8p5,100,2026-09-07
HS-00067,SG-MS-005,flood_coastal,y2030,0.02,scored,false,m,Aqueduct Floods v2 coastal-wtsub (synthetic stand-in),synthetic,rcp8p5,100,2026-09-07
HS-00068,SG-MS-005,wind,y2030,,absent,false,m/s,STORM v4 (synthetic stand-in),synthetic,climate-change,100,2026-09-07
HS-00069,SG-MS-005,heat_days35,y2030,5.0,scored,false,days/yr,NEX-GDDP-CMIP6 vs ERA5-Land (synthetic stand-in),synthetic,ssp585,,2026-09-07
HS-00070,SG-MS-005,pm25,y2030,17.1,measured_not_scored,true,ug/m3,GHAP PM2.5 annual mean (synthetic stand-in),synthetic,,,2026-09-07
HS-00071,SG-MS-005,flood_riverine,y2050,0.22,scored,false,m,Aqueduct Floods v2 riverine (synthetic stand-in),synthetic,rcp8p5,100,2026-09-07
HS-00072,SG-MS-005,flood_coastal,y2050,0.11,scored,false,m,Aqueduct Floods v2 coastal-wtsub (synthetic stand-in),synthetic,rcp8p5,100,2026-09-07
HS-00073,SG-MS-005,wind,y2050,,absent,false,m/s,STORM v4 (synthetic stand-in),synthetic,climate-change,100,2026-09-07
HS-00074,SG-MS-005,heat_days35,y2050,16.0,scored,false,days/yr,NEX-GDDP-CMIP6 vs ERA5-Land (synthetic stand-in),synthetic,ssp585,,2026-09-07
HS-00075,SG-MS-005,pm25,y2050,17.1,measured_not_scored,true,ug/m3,GHAP PM2.5 annual mean (synthetic stand-in),synthetic,,,2026-09-07
HS-00076,SG-MS-006,flood_riverine,today,0.24,scored,false,m,Aqueduct Floods v2 riverine (synthetic stand-in),synthetic,rcp8p5,100,2026-09-07
HS-00077,SG-MS-006,flood_coastal,today,0.0,scored,false,m,Aqueduct Floods v2 coastal-wtsub (synthetic stand-in),synthetic,rcp8p5,100,2026-09-07
HS-00078,SG-MS-006,wind,today,,absent,false,m/s,STORM v4 (synthetic stand-in),synthetic,present-climate,100,2026-09-07
HS-00079,SG-MS-006,heat_days35,today,0.0,scored,false,days/yr,NEX-GDDP-CMIP6 vs ERA5-Land (synthetic stand-in),synthetic,ssp585,,2026-09-07
HS-00080,SG-MS-006,pm25,today,17.4,measured_not_scored,true,ug/m3,GHAP PM2.5 annual mean (synthetic stand-in),synthetic,,,2026-09-07
HS-00081,SG-MS-006,flood_riverine,y2030,0.27,scored,false,m,Aqueduct Floods v2 riverine (synthetic stand-in),synthetic,rcp8p5,100,2026-09-07
HS-00082,SG-MS-006,flood_coastal,y2030,0.04,scored,false,m,Aqueduct Floods v2 coastal-wtsub (synthetic stand-in),synthetic,rcp8p5,100,2026-09-07
HS-00083,SG-MS-006,wind,y2030,,absent,false,m/s,STORM v4 (synthetic stand-in),synthetic,climate-change,100,2026-09-07
HS-00084,SG-MS-006,heat_days35,y2030,5.0,scored,false,days/yr,NEX-GDDP-CMIP6 vs ERA5-Land (synthetic stand-in),synthetic,ssp585,,2026-09-07
HS-00085,SG-MS-006,pm25,y2030,17.4,measured_not_scored,true,ug/m3,GHAP PM2.5 annual mean (synthetic stand-in),synthetic,,,2026-09-07
HS-00086,SG-MS-006,flood_riverine,y2050,0.3,scored,false,m,Aqueduct Floods v2 riverine (synthetic stand-in),synthetic,rcp8p5,100,2026-09-07
HS-00087,SG-MS-006,flood_coastal,y2050,0.13,scored,false,m,Aqueduct Floods v2 coastal-wtsub (synthetic stand-in),synthetic,rcp8p5,100,2026-09-07
HS-00088,SG-MS-006,wind,y2050,,absent,false,m/s,STORM v4 (synthetic stand-in),synthetic,climate-change,100,2026-09-07
HS-00089,SG-MS-006,heat_days35,y2050,15.0,scored,false,days/yr,NEX-GDDP-CMIP6 vs ERA5-Land (synthetic stand-in),synthetic,ssp585,,2026-09-07
HS-00090,SG-MS-006,pm25,y2050,17.4,measured_not_scored,true,ug/m3,GHAP PM2.5 annual mean (synthetic stand-in),synthetic,,,2026-09-07
HS-00091,SG-MS-007,flood_riverine,today,0.35,scored,false,m,Aqueduct Floods v2 riverine (synthetic stand-in),synthetic,rcp8p5,100,2026-09-07
HS-00092,SG-MS-007,flood_coastal,today,0.11,scored,false,m,Aqueduct Floods v2 coastal-wtsub (synthetic stand-in),synthetic,rcp8p5,100,2026-09-07
HS-00093,SG-MS-007,wind,today,,absent,false,m/s,STORM v4 (synthetic stand-in),synthetic,present-climate,100,2026-09-07
HS-00094,SG-MS-007,heat_days35,today,0.0,scored,false,days/yr,NEX-GDDP-CMIP6 vs ERA5-Land (synthetic stand-in),synthetic,ssp585,,2026-09-07
HS-00095,SG-MS-007,pm25,today,16.6,measured_not_scored,true,ug/m3,GHAP PM2.5 annual mean (synthetic stand-in),synthetic,,,2026-09-07
HS-00096,SG-MS-007,flood_riverine,y2030,0.39,scored,false,m,Aqueduct Floods v2 riverine (synthetic stand-in),synthetic,rcp8p5,100,2026-09-07
HS-00097,SG-MS-007,flood_coastal,y2030,0.27,scored,false,m,Aqueduct Floods v2 coastal-wtsub (synthetic stand-in),synthetic,rcp8p5,100,2026-09-07
HS-00098,SG-MS-007,wind,y2030,,absent,false,m/s,STORM v4 (synthetic stand-in),synthetic,climate-change,100,2026-09-07
HS-00099,SG-MS-007,heat_days35,y2030,6.0,scored,false,days/yr,NEX-GDDP-CMIP6 vs ERA5-Land (synthetic stand-in),synthetic,ssp585,,2026-09-07
HS-00100,SG-MS-007,pm25,y2030,16.6,measured_not_scored,true,ug/m3,GHAP PM2.5 annual mean (synthetic stand-in),synthetic,,,2026-09-07
HS-00101,SG-MS-007,flood_riverine,y2050,0.43,scored,false,m,Aqueduct Floods v2 riverine (synthetic stand-in),synthetic,rcp8p5,100,2026-09-07
HS-00102,SG-MS-007,flood_coastal,y2050,0.48,scored,false,m,Aqueduct Floods v2 coastal-wtsub (synthetic stand-in),synthetic,rcp8p5,100,2026-09-07
HS-00103,SG-MS-007,wind,y2050,,absent,false,m/s,STORM v4 (synthetic stand-in),synthetic,climate-change,100,2026-09-07
HS-00104,SG-MS-007,heat_days35,y2050,18.0,scored,false,days/yr,NEX-GDDP-CMIP6 vs ERA5-Land (synthetic stand-in),synthetic,ssp585,,2026-09-07
HS-00105,SG-MS-007,pm25,y2050,16.6,measured_not_scored,true,ug/m3,GHAP PM2.5 annual mean (synthetic stand-in),synthetic,,,2026-09-07
HS-00106,SG-MS-008,flood_riverine,today,0.19,scored,false,m,Aqueduct Floods v2 riverine (synthetic stand-in),synthetic,rcp8p5,100,2026-09-07
HS-00107,SG-MS-008,flood_coastal,today,0.0,scored,false,m,Aqueduct Floods v2 coastal-wtsub (synthetic stand-in),synthetic,rcp8p5,100,2026-09-07
HS-00108,SG-MS-008,wind,today,,absent,false,m/s,STORM v4 (synthetic stand-in),synthetic,present-climate,100,2026-09-07
HS-00109,SG-MS-008,heat_days35,today,0.0,scored,false,days/yr,NEX-GDDP-CMIP6 vs ERA5-Land (synthetic stand-in),synthetic,ssp585,,2026-09-07
HS-00110,SG-MS-008,pm25,today,17.4,measured_not_scored,true,ug/m3,GHAP PM2.5 annual mean (synthetic stand-in),synthetic,,,2026-09-07
HS-00111,SG-MS-008,flood_riverine,y2030,0.22,scored,false,m,Aqueduct Floods v2 riverine (synthetic stand-in),synthetic,rcp8p5,100,2026-09-07
HS-00112,SG-MS-008,flood_coastal,y2030,0.03,scored,false,m,Aqueduct Floods v2 coastal-wtsub (synthetic stand-in),synthetic,rcp8p5,100,2026-09-07
HS-00113,SG-MS-008,wind,y2030,,absent,false,m/s,STORM v4 (synthetic stand-in),synthetic,climate-change,100,2026-09-07
HS-00114,SG-MS-008,heat_days35,y2030,5.0,scored,false,days/yr,NEX-GDDP-CMIP6 vs ERA5-Land (synthetic stand-in),synthetic,ssp585,,2026-09-07
HS-00115,SG-MS-008,pm25,y2030,17.4,measured_not_scored,true,ug/m3,GHAP PM2.5 annual mean (synthetic stand-in),synthetic,,,2026-09-07
HS-00116,SG-MS-008,flood_riverine,y2050,0.24,scored,false,m,Aqueduct Floods v2 riverine (synthetic stand-in),synthetic,rcp8p5,100,2026-09-07
HS-00117,SG-MS-008,flood_coastal,y2050,0.13,scored,false,m,Aqueduct Floods v2 coastal-wtsub (synthetic stand-in),synthetic,rcp8p5,100,2026-09-07
HS-00118,SG-MS-008,wind,y2050,,absent,false,m/s,STORM v4 (synthetic stand-in),synthetic,climate-change,100,2026-09-07
HS-00119,SG-MS-008,heat_days35,y2050,18.0,scored,false,days/yr,NEX-GDDP-CMIP6 vs ERA5-Land (synthetic stand-in),synthetic,ssp585,,2026-09-07
HS-00120,SG-MS-008,pm25,y2050,17.4,measured_not_scored,true,ug/m3,GHAP PM2.5 annual mean (synthetic stand-in),synthetic,,,2026-09-07
HS-00121,SG-MS-009,flood_riverine,today,0.43,scored,false,m,Aqueduct Floods v2 riverine (synthetic stand-in),synthetic,rcp8p5,100,2026-09-07
HS-00122,SG-MS-009,flood_coastal,today,0.29,scored,false,m,Aqueduct Floods v2 coastal-wtsub (synthetic stand-in),synthetic,rcp8p5,100,2026-09-07
HS-00123,SG-MS-009,wind,today,,absent,false,m/s,STORM v4 (synthetic stand-in),synthetic,present-climate,100,2026-09-07
HS-00124,SG-MS-009,heat_days35,today,0.0,scored,false,days/yr,NEX-GDDP-CMIP6 vs ERA5-Land (synthetic stand-in),synthetic,ssp585,,2026-09-07
HS-00125,SG-MS-009,pm25,today,16.9,measured_not_scored,true,ug/m3,GHAP PM2.5 annual mean (synthetic stand-in),synthetic,,,2026-09-07
HS-00126,SG-MS-009,flood_riverine,y2030,0.48,scored,false,m,Aqueduct Floods v2 riverine (synthetic stand-in),synthetic,rcp8p5,100,2026-09-07
HS-00127,SG-MS-009,flood_coastal,y2030,0.53,scored,false,m,Aqueduct Floods v2 coastal-wtsub (synthetic stand-in),synthetic,rcp8p5,100,2026-09-07
HS-00128,SG-MS-009,wind,y2030,,absent,false,m/s,STORM v4 (synthetic stand-in),synthetic,climate-change,100,2026-09-07
HS-00129,SG-MS-009,heat_days35,y2030,5.0,scored,false,days/yr,NEX-GDDP-CMIP6 vs ERA5-Land (synthetic stand-in),synthetic,ssp585,,2026-09-07
HS-00130,SG-MS-009,pm25,y2030,16.9,measured_not_scored,true,ug/m3,GHAP PM2.5 annual mean (synthetic stand-in),synthetic,,,2026-09-07
HS-00131,SG-MS-009,flood_riverine,y2050,0.54,scored,false,m,Aqueduct Floods v2 riverine (synthetic stand-in),synthetic,rcp8p5,100,2026-09-07
HS-00132,SG-MS-009,flood_coastal,y2050,0.8,scored,false,m,Aqueduct Floods v2 coastal-wtsub (synthetic stand-in),synthetic,rcp8p5,100,2026-09-07
HS-00133,SG-MS-009,wind,y2050,,absent,false,m/s,STORM v4 (synthetic stand-in),synthetic,climate-change,100,2026-09-07
HS-00134,SG-MS-009,heat_days35,y2050,17.0,scored,false,days/yr,NEX-GDDP-CMIP6 vs ERA5-Land (synthetic stand-in),synthetic,ssp585,,2026-09-07
HS-00135,SG-MS-009,pm25,y2050,16.9,measured_not_scored,true,ug/m3,GHAP PM2.5 annual mean (synthetic stand-in),synthetic,,,2026-09-07
HS-00136,SG-MS-010,flood_riverine,today,0.28,scored,false,m,Aqueduct Floods v2 riverine (synthetic stand-in),synthetic,rcp8p5,100,2026-09-07
HS-00137,SG-MS-010,flood_coastal,today,0.0,scored,false,m,Aqueduct Floods v2 coastal-wtsub (synthetic stand-in),synthetic,rcp8p5,100,2026-09-07
HS-00138,SG-MS-010,wind,today,,absent,false,m/s,STORM v4 (synthetic stand-in),synthetic,present-climate,100,2026-09-07
HS-00139,SG-MS-010,heat_days35,today,0.0,scored,false,days/yr,NEX-GDDP-CMIP6 vs ERA5-Land (synthetic stand-in),synthetic,ssp585,,2026-09-07
HS-00140,SG-MS-010,pm25,today,16.7,measured_not_scored,true,ug/m3,GHAP PM2.5 annual mean (synthetic stand-in),synthetic,,,2026-09-07
HS-00141,SG-MS-010,flood_riverine,y2030,0.32,scored,false,m,Aqueduct Floods v2 riverine (synthetic stand-in),synthetic,rcp8p5,100,2026-09-07
HS-00142,SG-MS-010,flood_coastal,y2030,0.04,scored,false,m,Aqueduct Floods v2 coastal-wtsub (synthetic stand-in),synthetic,rcp8p5,100,2026-09-07
HS-00143,SG-MS-010,wind,y2030,,absent,false,m/s,STORM v4 (synthetic stand-in),synthetic,climate-change,100,2026-09-07
HS-00144,SG-MS-010,heat_days35,y2030,5.0,scored,false,days/yr,NEX-GDDP-CMIP6 vs ERA5-Land (synthetic stand-in),synthetic,ssp585,,2026-09-07
HS-00145,SG-MS-010,pm25,y2030,16.7,measured_not_scored,true,ug/m3,GHAP PM2.5 annual mean (synthetic stand-in),synthetic,,,2026-09-07
HS-00146,SG-MS-010,flood_riverine,y2050,0.35,scored,false,m,Aqueduct Floods v2 riverine (synthetic stand-in),synthetic,rcp8p5,100,2026-09-07
HS-00147,SG-MS-010,flood_coastal,y2050,0.14,scored,false,m,Aqueduct Floods v2 coastal-wtsub (synthetic stand-in),synthetic,rcp8p5,100,2026-09-07
HS-00148,SG-MS-010,wind,y2050,,absent,false,m/s,STORM v4 (synthetic stand-in),synthetic,climate-change,100,2026-09-07
HS-00149,SG-MS-010,heat_days35,y2050,16.0,scored,false,days/yr,NEX-GDDP-CMIP6 vs ERA5-Land (synthetic stand-in),synthetic,ssp585,,2026-09-07
HS-00150,SG-MS-010,pm25,y2050,16.7,measured_not_scored,true,ug/m3,GHAP PM2.5 annual mean (synthetic stand-in),synthetic,,,2026-09-07
HS-00151,SG-EC-001,flood_riverine,today,0.52,scored,false,m,Aqueduct Floods v2 riverine (synthetic stand-in),synthetic,rcp8p5,100,2026-09-07
HS-00152,SG-EC-001,flood_coastal,today,0.25,scored,false,m,Aqueduct Floods v2 coastal-wtsub (synthetic stand-in),synthetic,rcp8p5,100,2026-09-07
HS-00153,SG-EC-001,wind,today,,absent,false,m/s,STORM v4 (synthetic stand-in),synthetic,present-climate,100,2026-09-07
HS-00154,SG-EC-001,heat_days35,today,0.0,scored,false,days/yr,NEX-GDDP-CMIP6 vs ERA5-Land (synthetic stand-in),synthetic,ssp585,,2026-09-07
HS-00155,SG-EC-001,pm25,today,16.6,measured_not_scored,true,ug/m3,GHAP PM2.5 annual mean (synthetic stand-in),synthetic,,,2026-09-07
HS-00156,SG-EC-001,flood_riverine,y2030,0.58,scored,false,m,Aqueduct Floods v2 riverine (synthetic stand-in),synthetic,rcp8p5,100,2026-09-07
HS-00157,SG-EC-001,flood_coastal,y2030,0.48,scored,false,m,Aqueduct Floods v2 coastal-wtsub (synthetic stand-in),synthetic,rcp8p5,100,2026-09-07
HS-00158,SG-EC-001,wind,y2030,,absent,false,m/s,STORM v4 (synthetic stand-in),synthetic,climate-change,100,2026-09-07
HS-00159,SG-EC-001,heat_days35,y2030,5.0,scored,false,days/yr,NEX-GDDP-CMIP6 vs ERA5-Land (synthetic stand-in),synthetic,ssp585,,2026-09-07
HS-00160,SG-EC-001,pm25,y2030,16.6,measured_not_scored,true,ug/m3,GHAP PM2.5 annual mean (synthetic stand-in),synthetic,,,2026-09-07
HS-00161,SG-EC-001,flood_riverine,y2050,0.65,scored,false,m,Aqueduct Floods v2 riverine (synthetic stand-in),synthetic,rcp8p5,100,2026-09-07
HS-00162,SG-EC-001,flood_coastal,y2050,0.74,scored,false,m,Aqueduct Floods v2 coastal-wtsub (synthetic stand-in),synthetic,rcp8p5,100,2026-09-07
HS-00163,SG-EC-001,wind,y2050,,absent,false,m/s,STORM v4 (synthetic stand-in),synthetic,climate-change,100,2026-09-07
HS-00164,SG-EC-001,heat_days35,y2050,17.0,scored,false,days/yr,NEX-GDDP-CMIP6 vs ERA5-Land (synthetic stand-in),synthetic,ssp585,,2026-09-07
HS-00165,SG-EC-001,pm25,y2050,16.6,measured_not_scored,true,ug/m3,GHAP PM2.5 annual mean (synthetic stand-in),synthetic,,,2026-09-07
HS-00166,SG-EC-002,flood_riverine,today,0.41,scored,false,m,Aqueduct Floods v2 riverine (synthetic stand-in),synthetic,rcp8p5,100,2026-09-07
HS-00167,SG-EC-002,flood_coastal,today,0.29,scored,false,m,Aqueduct Floods v2 coastal-wtsub (synthetic stand-in),synthetic,rcp8p5,100,2026-09-07
HS-00168,SG-EC-002,wind,today,,absent,false,m/s,STORM v4 (synthetic stand-in),synthetic,present-climate,100,2026-09-07
HS-00169,SG-EC-002,heat_days35,today,0.0,scored,false,days/yr,NEX-GDDP-CMIP6 vs ERA5-Land (synthetic stand-in),synthetic,ssp585,,2026-09-07
HS-00170,SG-EC-002,pm25,today,16.9,measured_not_scored,true,ug/m3,GHAP PM2.5 annual mean (synthetic stand-in),synthetic,,,2026-09-07
HS-00171,SG-EC-002,flood_riverine,y2030,0.46,scored,false,m,Aqueduct Floods v2 riverine (synthetic stand-in),synthetic,rcp8p5,100,2026-09-07
HS-00172,SG-EC-002,flood_coastal,y2030,0.55,scored,false,m,Aqueduct Floods v2 coastal-wtsub (synthetic stand-in),synthetic,rcp8p5,100,2026-09-07
HS-00173,SG-EC-002,wind,y2030,,absent,false,m/s,STORM v4 (synthetic stand-in),synthetic,climate-change,100,2026-09-07
HS-00174,SG-EC-002,heat_days35,y2030,6.0,scored,false,days/yr,NEX-GDDP-CMIP6 vs ERA5-Land (synthetic stand-in),synthetic,ssp585,,2026-09-07
HS-00175,SG-EC-002,pm25,y2030,16.9,measured_not_scored,true,ug/m3,GHAP PM2.5 annual mean (synthetic stand-in),synthetic,,,2026-09-07
HS-00176,SG-EC-002,flood_riverine,y2050,0.51,scored,false,m,Aqueduct Floods v2 riverine (synthetic stand-in),synthetic,rcp8p5,100,2026-09-07
HS-00177,SG-EC-002,flood_coastal,y2050,0.85,scored,false,m,Aqueduct Floods v2 coastal-wtsub (synthetic stand-in),synthetic,rcp8p5,100,2026-09-07
HS-00178,SG-EC-002,wind,y2050,,absent,false,m/s,STORM v4 (synthetic stand-in),synthetic,climate-change,100,2026-09-07
HS-00179,SG-EC-002,heat_days35,y2050,18.0,scored,false,days/yr,NEX-GDDP-CMIP6 vs ERA5-Land (synthetic stand-in),synthetic,ssp585,,2026-09-07
HS-00180,SG-EC-002,pm25,y2050,16.9,measured_not_scored,true,ug/m3,GHAP PM2.5 annual mean (synthetic stand-in),synthetic,,,2026-09-07
HS-00181,SG-EC-003,flood_riverine,today,0.14,scored,false,m,Aqueduct Floods v2 riverine (synthetic stand-in),synthetic,rcp8p5,100,2026-09-07
HS-00182,SG-EC-003,flood_coastal,today,0.0,scored,false,m,Aqueduct Floods v2 coastal-wtsub (synthetic stand-in),synthetic,rcp8p5,100,2026-09-07
HS-00183,SG-EC-003,wind,today,,absent,false,m/s,STORM v4 (synthetic stand-in),synthetic,present-climate,100,2026-09-07
HS-00184,SG-EC-003,heat_days35,today,0.0,scored,false,days/yr,NEX-GDDP-CMIP6 vs ERA5-Land (synthetic stand-in),synthetic,ssp585,,2026-09-07
HS-00185,SG-EC-003,pm25,today,17.4,measured_not_scored,true,ug/m3,GHAP PM2.5 annual mean (synthetic stand-in),synthetic,,,2026-09-07
HS-00186,SG-EC-003,flood_riverine,y2030,0.16,scored,false,m,Aqueduct Floods v2 riverine (synthetic stand-in),synthetic,rcp8p5,100,2026-09-07
HS-00187,SG-EC-003,flood_coastal,y2030,0.0,scored,false,m,Aqueduct Floods v2 coastal-wtsub (synthetic stand-in),synthetic,rcp8p5,100,2026-09-07
HS-00188,SG-EC-003,wind,y2030,,absent,false,m/s,STORM v4 (synthetic stand-in),synthetic,climate-change,100,2026-09-07
HS-00189,SG-EC-003,heat_days35,y2030,5.0,scored,false,days/yr,NEX-GDDP-CMIP6 vs ERA5-Land (synthetic stand-in),synthetic,ssp585,,2026-09-07
HS-00190,SG-EC-003,pm25,y2030,17.4,measured_not_scored,true,ug/m3,GHAP PM2.5 annual mean (synthetic stand-in),synthetic,,,2026-09-07
HS-00191,SG-EC-003,flood_riverine,y2050,0.18,scored,false,m,Aqueduct Floods v2 riverine (synthetic stand-in),synthetic,rcp8p5,100,2026-09-07
HS-00192,SG-EC-003,flood_coastal,y2050,0.06,scored,false,m,Aqueduct Floods v2 coastal-wtsub (synthetic stand-in),synthetic,rcp8p5,100,2026-09-07
HS-00193,SG-EC-003,wind,y2050,,absent,false,m/s,STORM v4 (synthetic stand-in),synthetic,climate-change,100,2026-09-07
HS-00194,SG-EC-003,heat_days35,y2050,15.0,scored,false,days/yr,NEX-GDDP-CMIP6 vs ERA5-Land (synthetic stand-in),synthetic,ssp585,,2026-09-07
HS-00195,SG-EC-003,pm25,y2050,17.4,measured_not_scored,true,ug/m3,GHAP PM2.5 annual mean (synthetic stand-in),synthetic,,,2026-09-07
HS-00196,SG-EC-004,flood_riverine,today,0.19,scored,false,m,Aqueduct Floods v2 riverine (synthetic stand-in),synthetic,rcp8p5,100,2026-09-07
HS-00197,SG-EC-004,flood_coastal,today,0.0,scored,false,m,Aqueduct Floods v2 coastal-wtsub (synthetic stand-in),synthetic,rcp8p5,100,2026-09-07
HS-00198,SG-EC-004,wind,today,,absent,false,m/s,STORM v4 (synthetic stand-in),synthetic,present-climate,100,2026-09-07
HS-00199,SG-EC-004,heat_days35,today,0.0,scored,false,days/yr,NEX-GDDP-CMIP6 vs ERA5-Land (synthetic stand-in),synthetic,ssp585,,2026-09-07
HS-00200,SG-EC-004,pm25,today,17.1,measured_not_scored,true,ug/m3,GHAP PM2.5 annual mean (synthetic stand-in),synthetic,,,2026-09-07
HS-00201,SG-EC-004,flood_riverine,y2030,0.21,scored,false,m,Aqueduct Floods v2 riverine (synthetic stand-in),synthetic,rcp8p5,100,2026-09-07
HS-00202,SG-EC-004,flood_coastal,y2030,0.0,scored,false,m,Aqueduct Floods v2 coastal-wtsub (synthetic stand-in),synthetic,rcp8p5,100,2026-09-07
HS-00203,SG-EC-004,wind,y2030,,absent,false,m/s,STORM v4 (synthetic stand-in),synthetic,climate-change,100,2026-09-07
HS-00204,SG-EC-004,heat_days35,y2030,4.0,scored,false,days/yr,NEX-GDDP-CMIP6 vs ERA5-Land (synthetic stand-in),synthetic,ssp585,,2026-09-07
HS-00205,SG-EC-004,pm25,y2030,17.1,measured_not_scored,true,ug/m3,GHAP PM2.5 annual mean (synthetic stand-in),synthetic,,,2026-09-07
HS-00206,SG-EC-004,flood_riverine,y2050,0.23,scored,false,m,Aqueduct Floods v2 riverine (synthetic stand-in),synthetic,rcp8p5,100,2026-09-07
HS-00207,SG-EC-004,flood_coastal,y2050,0.09,scored,false,m,Aqueduct Floods v2 coastal-wtsub (synthetic stand-in),synthetic,rcp8p5,100,2026-09-07
HS-00208,SG-EC-004,wind,y2050,,absent,false,m/s,STORM v4 (synthetic stand-in),synthetic,climate-change,100,2026-09-07
HS-00209,SG-EC-004,heat_days35,y2050,15.0,scored,false,days/yr,NEX-GDDP-CMIP6 vs ERA5-Land (synthetic stand-in),synthetic,ssp585,,2026-09-07
HS-00210,SG-EC-004,pm25,y2050,17.1,measured_not_scored,true,ug/m3,GHAP PM2.5 annual mean (synthetic stand-in),synthetic,,,2026-09-07
HS-00211,SG-EC-005,flood_riverine,today,0.2,scored,false,m,Aqueduct Floods v2 riverine (synthetic stand-in),synthetic,rcp8p5,100,2026-09-07
HS-00212,SG-EC-005,flood_coastal,today,0.0,scored,false,m,Aqueduct Floods v2 coastal-wtsub (synthetic stand-in),synthetic,rcp8p5,100,2026-09-07
HS-00213,SG-EC-005,wind,today,,absent,false,m/s,STORM v4 (synthetic stand-in),synthetic,present-climate,100,2026-09-07
HS-00214,SG-EC-005,heat_days35,today,0.0,scored,false,days/yr,NEX-GDDP-CMIP6 vs ERA5-Land (synthetic stand-in),synthetic,ssp585,,2026-09-07
HS-00215,SG-EC-005,pm25,today,16.5,measured_not_scored,true,ug/m3,GHAP PM2.5 annual mean (synthetic stand-in),synthetic,,,2026-09-07
HS-00216,SG-EC-005,flood_riverine,y2030,0.23,scored,false,m,Aqueduct Floods v2 riverine (synthetic stand-in),synthetic,rcp8p5,100,2026-09-07
HS-00217,SG-EC-005,flood_coastal,y2030,0.0,scored,false,m,Aqueduct Floods v2 coastal-wtsub (synthetic stand-in),synthetic,rcp8p5,100,2026-09-07
HS-00218,SG-EC-005,wind,y2030,,absent,false,m/s,STORM v4 (synthetic stand-in),synthetic,climate-change,100,2026-09-07
HS-00219,SG-EC-005,heat_days35,y2030,5.0,scored,false,days/yr,NEX-GDDP-CMIP6 vs ERA5-Land (synthetic stand-in),synthetic,ssp585,,2026-09-07
HS-00220,SG-EC-005,pm25,y2030,16.5,measured_not_scored,true,ug/m3,GHAP PM2.5 annual mean (synthetic stand-in),synthetic,,,2026-09-07
HS-00221,SG-EC-005,flood_riverine,y2050,0.26,scored,false,m,Aqueduct Floods v2 riverine (synthetic stand-in),synthetic,rcp8p5,100,2026-09-07
HS-00222,SG-EC-005,flood_coastal,y2050,0.1,scored,false,m,Aqueduct Floods v2 coastal-wtsub (synthetic stand-in),synthetic,rcp8p5,100,2026-09-07
HS-00223,SG-EC-005,wind,y2050,,absent,false,m/s,STORM v4 (synthetic stand-in),synthetic,climate-change,100,2026-09-07
HS-00224,SG-EC-005,heat_days35,y2050,17.0,scored,false,days/yr,NEX-GDDP-CMIP6 vs ERA5-Land (synthetic stand-in),synthetic,ssp585,,2026-09-07
HS-00225,SG-EC-005,pm25,y2050,16.5,measured_not_scored,true,ug/m3,GHAP PM2.5 annual mean (synthetic stand-in),synthetic,,,2026-09-07
HS-00226,SG-EC-006,flood_riverine,today,0.57,scored,false,m,Aqueduct Floods v2 riverine (synthetic stand-in),synthetic,rcp8p5,100,2026-09-07
HS-00227,SG-EC-006,flood_coastal,today,0.28,scored,false,m,Aqueduct Floods v2 coastal-wtsub (synthetic stand-in),synthetic,rcp8p5,100,2026-09-07
HS-00228,SG-EC-006,wind,today,,absent,false,m/s,STORM v4 (synthetic stand-in),synthetic,present-climate,100,2026-09-07
HS-00229,SG-EC-006,heat_days35,today,0.0,scored,false,days/yr,NEX-GDDP-CMIP6 vs ERA5-Land (synthetic stand-in),synthetic,ssp585,,2026-09-07
HS-00230,SG-EC-006,pm25,today,17.1,measured_not_scored,true,ug/m3,GHAP PM2.5 annual mean (synthetic stand-in),synthetic,,,2026-09-07
HS-00231,SG-EC-006,flood_riverine,y2030,0.64,scored,false,m,Aqueduct Floods v2 riverine (synthetic stand-in),synthetic,rcp8p5,100,2026-09-07
HS-00232,SG-EC-006,flood_coastal,y2030,0.53,scored,false,m,Aqueduct Floods v2 coastal-wtsub (synthetic stand-in),synthetic,rcp8p5,100,2026-09-07
HS-00233,SG-EC-006,wind,y2030,,absent,false,m/s,STORM v4 (synthetic stand-in),synthetic,climate-change,100,2026-09-07
HS-00234,SG-EC-006,heat_days35,y2030,5.0,scored,false,days/yr,NEX-GDDP-CMIP6 vs ERA5-Land (synthetic stand-in),synthetic,ssp585,,2026-09-07
HS-00235,SG-EC-006,pm25,y2030,17.1,measured_not_scored,true,ug/m3,GHAP PM2.5 annual mean (synthetic stand-in),synthetic,,,2026-09-07
HS-00236,SG-EC-006,flood_riverine,y2050,0.72,scored,false,m,Aqueduct Floods v2 riverine (synthetic stand-in),synthetic,rcp8p5,100,2026-09-07
HS-00237,SG-EC-006,flood_coastal,y2050,0.82,scored,false,m,Aqueduct Floods v2 coastal-wtsub (synthetic stand-in),synthetic,rcp8p5,100,2026-09-07
HS-00238,SG-EC-006,wind,y2050,,absent,false,m/s,STORM v4 (synthetic stand-in),synthetic,climate-change,100,2026-09-07
HS-00239,SG-EC-006,heat_days35,y2050,18.0,scored,false,days/yr,NEX-GDDP-CMIP6 vs ERA5-Land (synthetic stand-in),synthetic,ssp585,,2026-09-07
HS-00240,SG-EC-006,pm25,y2050,17.1,measured_not_scored,true,ug/m3,GHAP PM2.5 annual mean (synthetic stand-in),synthetic,,,2026-09-07
HS-00241,SG-EC-007,flood_riverine,today,0.35,scored,false,m,Aqueduct Floods v2 riverine (synthetic stand-in),synthetic,rcp8p5,100,2026-09-07
HS-00242,SG-EC-007,flood_coastal,today,0.06,scored,false,m,Aqueduct Floods v2 coastal-wtsub (synthetic stand-in),synthetic,rcp8p5,100,2026-09-07
HS-00243,SG-EC-007,wind,today,,absent,false,m/s,STORM v4 (synthetic stand-in),synthetic,present-climate,100,2026-09-07
HS-00244,SG-EC-007,heat_days35,today,0.0,scored,false,days/yr,NEX-GDDP-CMIP6 vs ERA5-Land (synthetic stand-in),synthetic,ssp585,,2026-09-07
HS-00245,SG-EC-007,pm25,today,17.5,measured_not_scored,true,ug/m3,GHAP PM2.5 annual mean (synthetic stand-in),synthetic,,,2026-09-07
HS-00246,SG-EC-007,flood_riverine,y2030,0.39,scored,false,m,Aqueduct Floods v2 riverine (synthetic stand-in),synthetic,rcp8p5,100,2026-09-07
HS-00247,SG-EC-007,flood_coastal,y2030,0.18,scored,false,m,Aqueduct Floods v2 coastal-wtsub (synthetic stand-in),synthetic,rcp8p5,100,2026-09-07
HS-00248,SG-EC-007,wind,y2030,,absent,false,m/s,STORM v4 (synthetic stand-in),synthetic,climate-change,100,2026-09-07
HS-00249,SG-EC-007,heat_days35,y2030,6.0,scored,false,days/yr,NEX-GDDP-CMIP6 vs ERA5-Land (synthetic stand-in),synthetic,ssp585,,2026-09-07
HS-00250,SG-EC-007,pm25,y2030,17.5,measured_not_scored,true,ug/m3,GHAP PM2.5 annual mean (synthetic stand-in),synthetic,,,2026-09-07
HS-00251,SG-EC-007,flood_riverine,y2050,0.43,scored,false,m,Aqueduct Floods v2 riverine (synthetic stand-in),synthetic,rcp8p5,100,2026-09-07
HS-00252,SG-EC-007,flood_coastal,y2050,0.34,scored,false,m,Aqueduct Floods v2 coastal-wtsub (synthetic stand-in),synthetic,rcp8p5,100,2026-09-07
HS-00253,SG-EC-007,wind,y2050,,absent,false,m/s,STORM v4 (synthetic stand-in),synthetic,climate-change,100,2026-09-07
HS-00254,SG-EC-007,heat_days35,y2050,17.0,scored,false,days/yr,NEX-GDDP-CMIP6 vs ERA5-Land (synthetic stand-in),synthetic,ssp585,,2026-09-07
HS-00255,SG-EC-007,pm25,y2050,17.5,measured_not_scored,true,ug/m3,GHAP PM2.5 annual mean (synthetic stand-in),synthetic,,,2026-09-07
HS-00256,SG-EC-008,flood_riverine,today,0.63,scored,false,m,Aqueduct Floods v2 riverine (synthetic stand-in),synthetic,rcp8p5,100,2026-09-07
HS-00257,SG-EC-008,flood_coastal,today,0.43,scored,false,m,Aqueduct Floods v2 coastal-wtsub (synthetic stand-in),synthetic,rcp8p5,100,2026-09-07
HS-00258,SG-EC-008,wind,today,,absent,false,m/s,STORM v4 (synthetic stand-in),synthetic,present-climate,100,2026-09-07
HS-00259,SG-EC-008,heat_days35,today,0.0,scored,false,days/yr,NEX-GDDP-CMIP6 vs ERA5-Land (synthetic stand-in),synthetic,ssp585,,2026-09-07
HS-00260,SG-EC-008,pm25,today,16.7,measured_not_scored,true,ug/m3,GHAP PM2.5 annual mean (synthetic stand-in),synthetic,,,2026-09-07
HS-00261,SG-EC-008,flood_riverine,y2030,0.71,scored,false,m,Aqueduct Floods v2 riverine (synthetic stand-in),synthetic,rcp8p5,100,2026-09-07
HS-00262,SG-EC-008,flood_coastal,y2030,0.71,scored,false,m,Aqueduct Floods v2 coastal-wtsub (synthetic stand-in),synthetic,rcp8p5,100,2026-09-07
HS-00263,SG-EC-008,wind,y2030,,absent,false,m/s,STORM v4 (synthetic stand-in),synthetic,climate-change,100,2026-09-07
HS-00264,SG-EC-008,heat_days35,y2030,6.0,scored,false,days/yr,NEX-GDDP-CMIP6 vs ERA5-Land (synthetic stand-in),synthetic,ssp585,,2026-09-07
HS-00265,SG-EC-008,pm25,y2030,16.7,measured_not_scored,true,ug/m3,GHAP PM2.5 annual mean (synthetic stand-in),synthetic,,,2026-09-07
HS-00266,SG-EC-008,flood_riverine,y2050,0.79,scored,false,m,Aqueduct Floods v2 riverine (synthetic stand-in),synthetic,rcp8p5,100,2026-09-07
HS-00267,SG-EC-008,flood_coastal,y2050,1.03,scored,false,m,Aqueduct Floods v2 coastal-wtsub (synthetic stand-in),synthetic,rcp8p5,100,2026-09-07
HS-00268,SG-EC-008,wind,y2050,,absent,false,m/s,STORM v4 (synthetic stand-in),synthetic,climate-change,100,2026-09-07
HS-00269,SG-EC-008,heat_days35,y2050,18.0,scored,false,days/yr,NEX-GDDP-CMIP6 vs ERA5-Land (synthetic stand-in),synthetic,ssp585,,2026-09-07
HS-00270,SG-EC-008,pm25,y2050,16.7,measured_not_scored,true,ug/m3,GHAP PM2.5 annual mean (synthetic stand-in),synthetic,,,2026-09-07
HS-00271,SG-EC-009,flood_riverine,today,0.0,scored,false,m,Aqueduct Floods v2 riverine (synthetic stand-in),synthetic,rcp8p5,100,2026-09-07
HS-00272,SG-EC-009,flood_coastal,today,0.0,scored,false,m,Aqueduct Floods v2 coastal-wtsub (synthetic stand-in),synthetic,rcp8p5,100,2026-09-07
HS-00273,SG-EC-009,wind,today,,absent,false,m/s,STORM v4 (synthetic stand-in),synthetic,present-climate,100,2026-09-07
HS-00274,SG-EC-009,heat_days35,today,0.0,scored,false,days/yr,NEX-GDDP-CMIP6 vs ERA5-Land (synthetic stand-in),synthetic,ssp585,,2026-09-07
HS-00275,SG-EC-009,pm25,today,17.0,measured_not_scored,true,ug/m3,GHAP PM2.5 annual mean (synthetic stand-in),synthetic,,,2026-09-07
HS-00276,SG-EC-009,flood_riverine,y2030,0.0,scored,false,m,Aqueduct Floods v2 riverine (synthetic stand-in),synthetic,rcp8p5,100,2026-09-07
HS-00277,SG-EC-009,flood_coastal,y2030,0.0,scored,false,m,Aqueduct Floods v2 coastal-wtsub (synthetic stand-in),synthetic,rcp8p5,100,2026-09-07
HS-00278,SG-EC-009,wind,y2030,,absent,false,m/s,STORM v4 (synthetic stand-in),synthetic,climate-change,100,2026-09-07
HS-00279,SG-EC-009,heat_days35,y2030,6.0,scored,false,days/yr,NEX-GDDP-CMIP6 vs ERA5-Land (synthetic stand-in),synthetic,ssp585,,2026-09-07
HS-00280,SG-EC-009,pm25,y2030,17.0,measured_not_scored,true,ug/m3,GHAP PM2.5 annual mean (synthetic stand-in),synthetic,,,2026-09-07
HS-00281,SG-EC-009,flood_riverine,y2050,0.0,scored,false,m,Aqueduct Floods v2 riverine (synthetic stand-in),synthetic,rcp8p5,100,2026-09-07
HS-00282,SG-EC-009,flood_coastal,y2050,0.0,scored,false,m,Aqueduct Floods v2 coastal-wtsub (synthetic stand-in),synthetic,rcp8p5,100,2026-09-07
HS-00283,SG-EC-009,wind,y2050,,absent,false,m/s,STORM v4 (synthetic stand-in),synthetic,climate-change,100,2026-09-07
HS-00284,SG-EC-009,heat_days35,y2050,18.0,scored,false,days/yr,NEX-GDDP-CMIP6 vs ERA5-Land (synthetic stand-in),synthetic,ssp585,,2026-09-07
HS-00285,SG-EC-009,pm25,y2050,17.0,measured_not_scored,true,ug/m3,GHAP PM2.5 annual mean (synthetic stand-in),synthetic,,,2026-09-07
HS-00286,SG-EC-010,flood_riverine,today,0.51,scored,false,m,Aqueduct Floods v2 riverine (synthetic stand-in),synthetic,rcp8p5,100,2026-09-07
HS-00287,SG-EC-010,flood_coastal,today,0.27,scored,false,m,Aqueduct Floods v2 coastal-wtsub (synthetic stand-in),synthetic,rcp8p5,100,2026-09-07
HS-00288,SG-EC-010,wind,today,,absent,false,m/s,STORM v4 (synthetic stand-in),synthetic,present-climate,100,2026-09-07
HS-00289,SG-EC-010,heat_days35,today,0.0,scored,false,days/yr,NEX-GDDP-CMIP6 vs ERA5-Land (synthetic stand-in),synthetic,ssp585,,2026-09-07
HS-00290,SG-EC-010,pm25,today,16.7,measured_not_scored,true,ug/m3,GHAP PM2.5 annual mean (synthetic stand-in),synthetic,,,2026-09-07
HS-00291,SG-EC-010,flood_riverine,y2030,0.57,scored,false,m,Aqueduct Floods v2 riverine (synthetic stand-in),synthetic,rcp8p5,100,2026-09-07
HS-00292,SG-EC-010,flood_coastal,y2030,0.49,scored,false,m,Aqueduct Floods v2 coastal-wtsub (synthetic stand-in),synthetic,rcp8p5,100,2026-09-07
HS-00293,SG-EC-010,wind,y2030,,absent,false,m/s,STORM v4 (synthetic stand-in),synthetic,climate-change,100,2026-09-07
HS-00294,SG-EC-010,heat_days35,y2030,5.0,scored,false,days/yr,NEX-GDDP-CMIP6 vs ERA5-Land (synthetic stand-in),synthetic,ssp585,,2026-09-07
HS-00295,SG-EC-010,pm25,y2030,16.7,measured_not_scored,true,ug/m3,GHAP PM2.5 annual mean (synthetic stand-in),synthetic,,,2026-09-07
HS-00296,SG-EC-010,flood_riverine,y2050,0.64,scored,false,m,Aqueduct Floods v2 riverine (synthetic stand-in),synthetic,rcp8p5,100,2026-09-07
HS-00297,SG-EC-010,flood_coastal,y2050,0.74,scored,false,m,Aqueduct Floods v2 coastal-wtsub (synthetic stand-in),synthetic,rcp8p5,100,2026-09-07
HS-00298,SG-EC-010,wind,y2050,,absent,false,m/s,STORM v4 (synthetic stand-in),synthetic,climate-change,100,2026-09-07
HS-00299,SG-EC-010,heat_days35,y2050,17.0,scored,false,days/yr,NEX-GDDP-CMIP6 vs ERA5-Land (synthetic stand-in),synthetic,ssp585,,2026-09-07
HS-00300,SG-EC-010,pm25,y2050,16.7,measured_not_scored,true,ug/m3,GHAP PM2.5 annual mean (synthetic stand-in),synthetic,,,2026-09-07
HS-00301,SG-EC-011,flood_riverine,today,0.08,scored,false,m,Aqueduct Floods v2 riverine (synthetic stand-in),synthetic,rcp8p5,100,2026-09-07
HS-00302,SG-EC-011,flood_coastal,today,0.0,scored,false,m,Aqueduct Floods v2 coastal-wtsub (synthetic stand-in),synthetic,rcp8p5,100,2026-09-07
HS-00303,SG-EC-011,wind,today,,absent,false,m/s,STORM v4 (synthetic stand-in),synthetic,present-climate,100,2026-09-07
HS-00304,SG-EC-011,heat_days35,today,0.0,scored,false,days/yr,NEX-GDDP-CMIP6 vs ERA5-Land (synthetic stand-in),synthetic,ssp585,,2026-09-07
HS-00305,SG-EC-011,pm25,today,16.7,measured_not_scored,true,ug/m3,GHAP PM2.5 annual mean (synthetic stand-in),synthetic,,,2026-09-07
HS-00306,SG-EC-011,flood_riverine,y2030,0.09,scored,false,m,Aqueduct Floods v2 riverine (synthetic stand-in),synthetic,rcp8p5,100,2026-09-07
HS-00307,SG-EC-011,flood_coastal,y2030,0.0,scored,false,m,Aqueduct Floods v2 coastal-wtsub (synthetic stand-in),synthetic,rcp8p5,100,2026-09-07
HS-00308,SG-EC-011,wind,y2030,,absent,false,m/s,STORM v4 (synthetic stand-in),synthetic,climate-change,100,2026-09-07
HS-00309,SG-EC-011,heat_days35,y2030,5.0,scored,false,days/yr,NEX-GDDP-CMIP6 vs ERA5-Land (synthetic stand-in),synthetic,ssp585,,2026-09-07
HS-00310,SG-EC-011,pm25,y2030,16.7,measured_not_scored,true,ug/m3,GHAP PM2.5 annual mean (synthetic stand-in),synthetic,,,2026-09-07
HS-00311,SG-EC-011,flood_riverine,y2050,0.1,scored,false,m,Aqueduct Floods v2 riverine (synthetic stand-in),synthetic,rcp8p5,100,2026-09-07
HS-00312,SG-EC-011,flood_coastal,y2050,0.0,scored,false,m,Aqueduct Floods v2 coastal-wtsub (synthetic stand-in),synthetic,rcp8p5,100,2026-09-07
HS-00313,SG-EC-011,wind,y2050,,absent,false,m/s,STORM v4 (synthetic stand-in),synthetic,climate-change,100,2026-09-07
HS-00314,SG-EC-011,heat_days35,y2050,18.0,scored,false,days/yr,NEX-GDDP-CMIP6 vs ERA5-Land (synthetic stand-in),synthetic,ssp585,,2026-09-07
HS-00315,SG-EC-011,pm25,y2050,16.7,measured_not_scored,true,ug/m3,GHAP PM2.5 annual mean (synthetic stand-in),synthetic,,,2026-09-07
HS-00316,SG-EC-012,flood_riverine,today,0.61,scored,false,m,Aqueduct Floods v2 riverine (synthetic stand-in),synthetic,rcp8p5,100,2026-09-07
HS-00317,SG-EC-012,flood_coastal,today,0.72,scored,false,m,Aqueduct Floods v2 coastal-wtsub (synthetic stand-in),synthetic,rcp8p5,100,2026-09-07
HS-00318,SG-EC-012,wind,today,,absent,false,m/s,STORM v4 (synthetic stand-in),synthetic,present-climate,100,2026-09-07
HS-00319,SG-EC-012,heat_days35,today,0.0,scored,false,days/yr,NEX-GDDP-CMIP6 vs ERA5-Land (synthetic stand-in),synthetic,ssp585,,2026-09-07
HS-00320,SG-EC-012,pm25,today,16.9,measured_not_scored,true,ug/m3,GHAP PM2.5 annual mean (synthetic stand-in),synthetic,,,2026-09-07
HS-00321,SG-EC-012,flood_riverine,y2030,0.69,scored,false,m,Aqueduct Floods v2 riverine (synthetic stand-in),synthetic,rcp8p5,100,2026-09-07
HS-00322,SG-EC-012,flood_coastal,y2030,1.02,scored,false,m,Aqueduct Floods v2 coastal-wtsub (synthetic stand-in),synthetic,rcp8p5,100,2026-09-07
HS-00323,SG-EC-012,wind,y2030,,absent,false,m/s,STORM v4 (synthetic stand-in),synthetic,climate-change,100,2026-09-07
HS-00324,SG-EC-012,heat_days35,y2030,5.0,scored,false,days/yr,NEX-GDDP-CMIP6 vs ERA5-Land (synthetic stand-in),synthetic,ssp585,,2026-09-07
HS-00325,SG-EC-012,pm25,y2030,16.9,measured_not_scored,true,ug/m3,GHAP PM2.5 annual mean (synthetic stand-in),synthetic,,,2026-09-07
HS-00326,SG-EC-012,flood_riverine,y2050,0.76,scored,false,m,Aqueduct Floods v2 riverine (synthetic stand-in),synthetic,rcp8p5,100,2026-09-07
HS-00327,SG-EC-012,flood_coastal,y2050,1.33,scored,false,m,Aqueduct Floods v2 coastal-wtsub (synthetic stand-in),synthetic,rcp8p5,100,2026-09-07
HS-00328,SG-EC-012,wind,y2050,,absent,false,m/s,STORM v4 (synthetic stand-in),synthetic,climate-change,100,2026-09-07
HS-00329,SG-EC-012,heat_days35,y2050,17.0,scored,false,days/yr,NEX-GDDP-CMIP6 vs ERA5-Land (synthetic stand-in),synthetic,ssp585,,2026-09-07
HS-00330,SG-EC-012,pm25,y2050,16.9,measured_not_scored,true,ug/m3,GHAP PM2.5 annual mean (synthetic stand-in),synthetic,,,2026-09-07
HS-00331,SG-SC-001,flood_riverine,today,0.41,scored,false,m,Aqueduct Floods v2 riverine (synthetic stand-in),synthetic,rcp8p5,100,2026-09-07
HS-00332,SG-SC-001,flood_coastal,today,0.33,scored,false,m,Aqueduct Floods v2 coastal-wtsub (synthetic stand-in),synthetic,rcp8p5,100,2026-09-07
HS-00333,SG-SC-001,wind,today,,absent,false,m/s,STORM v4 (synthetic stand-in),synthetic,present-climate,100,2026-09-07
HS-00334,SG-SC-001,heat_days35,today,0.0,scored,false,days/yr,NEX-GDDP-CMIP6 vs ERA5-Land (synthetic stand-in),synthetic,ssp585,,2026-09-07
HS-00335,SG-SC-001,pm25,today,15.8,measured_not_scored,true,ug/m3,GHAP PM2.5 annual mean (synthetic stand-in),synthetic,,,2026-09-07
HS-00336,SG-SC-001,flood_riverine,y2030,0.46,scored,false,m,Aqueduct Floods v2 riverine (synthetic stand-in),synthetic,rcp8p5,100,2026-09-07
HS-00337,SG-SC-001,flood_coastal,y2030,0.59,scored,false,m,Aqueduct Floods v2 coastal-wtsub (synthetic stand-in),synthetic,rcp8p5,100,2026-09-07
HS-00338,SG-SC-001,wind,y2030,,absent,false,m/s,STORM v4 (synthetic stand-in),synthetic,climate-change,100,2026-09-07
HS-00339,SG-SC-001,heat_days35,y2030,6.0,scored,false,days/yr,NEX-GDDP-CMIP6 vs ERA5-Land (synthetic stand-in),synthetic,ssp585,,2026-09-07
HS-00340,SG-SC-001,pm25,y2030,15.8,measured_not_scored,true,ug/m3,GHAP PM2.5 annual mean (synthetic stand-in),synthetic,,,2026-09-07
HS-00341,SG-SC-001,flood_riverine,y2050,0.51,scored,false,m,Aqueduct Floods v2 riverine (synthetic stand-in),synthetic,rcp8p5,100,2026-09-07
HS-00342,SG-SC-001,flood_coastal,y2050,0.9,scored,false,m,Aqueduct Floods v2 coastal-wtsub (synthetic stand-in),synthetic,rcp8p5,100,2026-09-07
HS-00343,SG-SC-001,wind,y2050,,absent,false,m/s,STORM v4 (synthetic stand-in),synthetic,climate-change,100,2026-09-07
HS-00344,SG-SC-001,heat_days35,y2050,18.0,scored,false,days/yr,NEX-GDDP-CMIP6 vs ERA5-Land (synthetic stand-in),synthetic,ssp585,,2026-09-07
HS-00345,SG-SC-001,pm25,y2050,15.8,measured_not_scored,true,ug/m3,GHAP PM2.5 annual mean (synthetic stand-in),synthetic,,,2026-09-07
HS-00346,SG-SC-002,flood_riverine,today,0.25,scored,false,m,Aqueduct Floods v2 riverine (synthetic stand-in),synthetic,rcp8p5,100,2026-09-07
HS-00347,SG-SC-002,flood_coastal,today,0.0,scored,false,m,Aqueduct Floods v2 coastal-wtsub (synthetic stand-in),synthetic,rcp8p5,100,2026-09-07
HS-00348,SG-SC-002,wind,today,,absent,false,m/s,STORM v4 (synthetic stand-in),synthetic,present-climate,100,2026-09-07
HS-00349,SG-SC-002,heat_days35,today,0.0,scored,false,days/yr,NEX-GDDP-CMIP6 vs ERA5-Land (synthetic stand-in),synthetic,ssp585,,2026-09-07
HS-00350,SG-SC-002,pm25,today,15.9,measured_not_scored,true,ug/m3,GHAP PM2.5 annual mean (synthetic stand-in),synthetic,,,2026-09-07
HS-00351,SG-SC-002,flood_riverine,y2030,0.28,scored,false,m,Aqueduct Floods v2 riverine (synthetic stand-in),synthetic,rcp8p5,100,2026-09-07
HS-00352,SG-SC-002,flood_coastal,y2030,0.1,scored,false,m,Aqueduct Floods v2 coastal-wtsub (synthetic stand-in),synthetic,rcp8p5,100,2026-09-07
HS-00353,SG-SC-002,wind,y2030,,absent,false,m/s,STORM v4 (synthetic stand-in),synthetic,climate-change,100,2026-09-07
HS-00354,SG-SC-002,heat_days35,y2030,4.0,scored,false,days/yr,NEX-GDDP-CMIP6 vs ERA5-Land (synthetic stand-in),synthetic,ssp585,,2026-09-07
HS-00355,SG-SC-002,pm25,y2030,15.9,measured_not_scored,true,ug/m3,GHAP PM2.5 annual mean (synthetic stand-in),synthetic,,,2026-09-07
HS-00356,SG-SC-002,flood_riverine,y2050,0.32,scored,false,m,Aqueduct Floods v2 riverine (synthetic stand-in),synthetic,rcp8p5,100,2026-09-07
HS-00357,SG-SC-002,flood_coastal,y2050,0.28,scored,false,m,Aqueduct Floods v2 coastal-wtsub (synthetic stand-in),synthetic,rcp8p5,100,2026-09-07
HS-00358,SG-SC-002,wind,y2050,,absent,false,m/s,STORM v4 (synthetic stand-in),synthetic,climate-change,100,2026-09-07
HS-00359,SG-SC-002,heat_days35,y2050,16.0,scored,false,days/yr,NEX-GDDP-CMIP6 vs ERA5-Land (synthetic stand-in),synthetic,ssp585,,2026-09-07
HS-00360,SG-SC-002,pm25,y2050,15.9,measured_not_scored,true,ug/m3,GHAP PM2.5 annual mean (synthetic stand-in),synthetic,,,2026-09-07
HS-00361,SG-SC-003,flood_riverine,today,0.08,scored,false,m,Aqueduct Floods v2 riverine (synthetic stand-in),synthetic,rcp8p5,100,2026-09-07
HS-00362,SG-SC-003,flood_coastal,today,0.0,scored,false,m,Aqueduct Floods v2 coastal-wtsub (synthetic stand-in),synthetic,rcp8p5,100,2026-09-07
HS-00363,SG-SC-003,wind,today,,absent,false,m/s,STORM v4 (synthetic stand-in),synthetic,present-climate,100,2026-09-07
HS-00364,SG-SC-003,heat_days35,today,0.0,scored,false,days/yr,NEX-GDDP-CMIP6 vs ERA5-Land (synthetic stand-in),synthetic,ssp585,,2026-09-07
HS-00365,SG-SC-003,pm25,today,16.4,measured_not_scored,true,ug/m3,GHAP PM2.5 annual mean (synthetic stand-in),synthetic,,,2026-09-07
HS-00366,SG-SC-003,flood_riverine,y2030,0.09,scored,false,m,Aqueduct Floods v2 riverine (synthetic stand-in),synthetic,rcp8p5,100,2026-09-07
HS-00367,SG-SC-003,flood_coastal,y2030,0.0,scored,false,m,Aqueduct Floods v2 coastal-wtsub (synthetic stand-in),synthetic,rcp8p5,100,2026-09-07
HS-00368,SG-SC-003,wind,y2030,,absent,false,m/s,STORM v4 (synthetic stand-in),synthetic,climate-change,100,2026-09-07
HS-00369,SG-SC-003,heat_days35,y2030,5.0,scored,false,days/yr,NEX-GDDP-CMIP6 vs ERA5-Land (synthetic stand-in),synthetic,ssp585,,2026-09-07
HS-00370,SG-SC-003,pm25,y2030,16.4,measured_not_scored,true,ug/m3,GHAP PM2.5 annual mean (synthetic stand-in),synthetic,,,2026-09-07
HS-00371,SG-SC-003,flood_riverine,y2050,0.1,scored,false,m,Aqueduct Floods v2 riverine (synthetic stand-in),synthetic,rcp8p5,100,2026-09-07
HS-00372,SG-SC-003,flood_coastal,y2050,0.03,scored,false,m,Aqueduct Floods v2 coastal-wtsub (synthetic stand-in),synthetic,rcp8p5,100,2026-09-07
HS-00373,SG-SC-003,wind,y2050,,absent,false,m/s,STORM v4 (synthetic stand-in),synthetic,climate-change,100,2026-09-07
HS-00374,SG-SC-003,heat_days35,y2050,18.0,scored,false,days/yr,NEX-GDDP-CMIP6 vs ERA5-Land (synthetic stand-in),synthetic,ssp585,,2026-09-07
HS-00375,SG-SC-003,pm25,y2050,16.4,measured_not_scored,true,ug/m3,GHAP PM2.5 annual mean (synthetic stand-in),synthetic,,,2026-09-07
HS-00376,SG-SC-004,flood_riverine,today,0.07,scored,false,m,Aqueduct Floods v2 riverine (synthetic stand-in),synthetic,rcp8p5,100,2026-09-07
HS-00377,SG-SC-004,flood_coastal,today,0.0,scored,false,m,Aqueduct Floods v2 coastal-wtsub (synthetic stand-in),synthetic,rcp8p5,100,2026-09-07
HS-00378,SG-SC-004,wind,today,,absent,false,m/s,STORM v4 (synthetic stand-in),synthetic,present-climate,100,2026-09-07
HS-00379,SG-SC-004,heat_days35,today,0.0,scored,false,days/yr,NEX-GDDP-CMIP6 vs ERA5-Land (synthetic stand-in),synthetic,ssp585,,2026-09-07
HS-00380,SG-SC-004,pm25,today,16.5,measured_not_scored,true,ug/m3,GHAP PM2.5 annual mean (synthetic stand-in),synthetic,,,2026-09-07
HS-00381,SG-SC-004,flood_riverine,y2030,0.08,scored,false,m,Aqueduct Floods v2 riverine (synthetic stand-in),synthetic,rcp8p5,100,2026-09-07
HS-00382,SG-SC-004,flood_coastal,y2030,0.0,scored,false,m,Aqueduct Floods v2 coastal-wtsub (synthetic stand-in),synthetic,rcp8p5,100,2026-09-07
HS-00383,SG-SC-004,wind,y2030,,absent,false,m/s,STORM v4 (synthetic stand-in),synthetic,climate-change,100,2026-09-07
HS-00384,SG-SC-004,heat_days35,y2030,6.0,scored,false,days/yr,NEX-GDDP-CMIP6 vs ERA5-Land (synthetic stand-in),synthetic,ssp585,,2026-09-07
HS-00385,SG-SC-004,pm25,y2030,16.5,measured_not_scored,true,ug/m3,GHAP PM2.5 annual mean (synthetic stand-in),synthetic,,,2026-09-07
HS-00386,SG-SC-004,flood_riverine,y2050,0.09,scored,false,m,Aqueduct Floods v2 riverine (synthetic stand-in),synthetic,rcp8p5,100,2026-09-07
HS-00387,SG-SC-004,flood_coastal,y2050,0.0,scored,false,m,Aqueduct Floods v2 coastal-wtsub (synthetic stand-in),synthetic,rcp8p5,100,2026-09-07
HS-00388,SG-SC-004,wind,y2050,,absent,false,m/s,STORM v4 (synthetic stand-in),synthetic,climate-change,100,2026-09-07
HS-00389,SG-SC-004,heat_days35,y2050,18.0,scored,false,days/yr,NEX-GDDP-CMIP6 vs ERA5-Land (synthetic stand-in),synthetic,ssp585,,2026-09-07
HS-00390,SG-SC-004,pm25,y2050,16.5,measured_not_scored,true,ug/m3,GHAP PM2.5 annual mean (synthetic stand-in),synthetic,,,2026-09-07
HS-00391,SG-SC-005,flood_riverine,today,0.0,scored,false,m,Aqueduct Floods v2 riverine (synthetic stand-in),synthetic,rcp8p5,100,2026-09-07
HS-00392,SG-SC-005,flood_coastal,today,0.0,scored,false,m,Aqueduct Floods v2 coastal-wtsub (synthetic stand-in),synthetic,rcp8p5,100,2026-09-07
HS-00393,SG-SC-005,wind,today,,absent,false,m/s,STORM v4 (synthetic stand-in),synthetic,present-climate,100,2026-09-07
HS-00394,SG-SC-005,heat_days35,today,0.0,scored,false,days/yr,NEX-GDDP-CMIP6 vs ERA5-Land (synthetic stand-in),synthetic,ssp585,,2026-09-07
HS-00395,SG-SC-005,pm25,today,16.3,measured_not_scored,true,ug/m3,GHAP PM2.5 annual mean (synthetic stand-in),synthetic,,,2026-09-07
HS-00396,SG-SC-005,flood_riverine,y2030,0.0,scored,false,m,Aqueduct Floods v2 riverine (synthetic stand-in),synthetic,rcp8p5,100,2026-09-07
HS-00397,SG-SC-005,flood_coastal,y2030,0.0,scored,false,m,Aqueduct Floods v2 coastal-wtsub (synthetic stand-in),synthetic,rcp8p5,100,2026-09-07
HS-00398,SG-SC-005,wind,y2030,,absent,false,m/s,STORM v4 (synthetic stand-in),synthetic,climate-change,100,2026-09-07
HS-00399,SG-SC-005,heat_days35,y2030,4.0,scored,false,days/yr,NEX-GDDP-CMIP6 vs ERA5-Land (synthetic stand-in),synthetic,ssp585,,2026-09-07
HS-00400,SG-SC-005,pm25,y2030,16.3,measured_not_scored,true,ug/m3,GHAP PM2.5 annual mean (synthetic stand-in),synthetic,,,2026-09-07
HS-00401,SG-SC-005,flood_riverine,y2050,0.0,scored,false,m,Aqueduct Floods v2 riverine (synthetic stand-in),synthetic,rcp8p5,100,2026-09-07
HS-00402,SG-SC-005,flood_coastal,y2050,0.0,scored,false,m,Aqueduct Floods v2 coastal-wtsub (synthetic stand-in),synthetic,rcp8p5,100,2026-09-07
HS-00403,SG-SC-005,wind,y2050,,absent,false,m/s,STORM v4 (synthetic stand-in),synthetic,climate-change,100,2026-09-07
HS-00404,SG-SC-005,heat_days35,y2050,15.0,scored,false,days/yr,NEX-GDDP-CMIP6 vs ERA5-Land (synthetic stand-in),synthetic,ssp585,,2026-09-07
HS-00405,SG-SC-005,pm25,y2050,16.3,measured_not_scored,true,ug/m3,GHAP PM2.5 annual mean (synthetic stand-in),synthetic,,,2026-09-07
HS-00406,SG-SC-006,flood_riverine,today,0.73,scored,false,m,Aqueduct Floods v2 riverine (synthetic stand-in),synthetic,rcp8p5,100,2026-09-07
HS-00407,SG-SC-006,flood_coastal,today,0.96,scored,false,m,Aqueduct Floods v2 coastal-wtsub (synthetic stand-in),synthetic,rcp8p5,100,2026-09-07
HS-00408,SG-SC-006,wind,today,,absent,false,m/s,STORM v4 (synthetic stand-in),synthetic,present-climate,100,2026-09-07
HS-00409,SG-SC-006,heat_days35,today,0.0,scored,false,days/yr,NEX-GDDP-CMIP6 vs ERA5-Land (synthetic stand-in),synthetic,ssp585,,2026-09-07
HS-00410,SG-SC-006,pm25,today,16.4,measured_not_scored,true,ug/m3,GHAP PM2.5 annual mean (synthetic stand-in),synthetic,,,2026-09-07
HS-00411,SG-SC-006,flood_riverine,y2030,0.83,scored,false,m,Aqueduct Floods v2 riverine (synthetic stand-in),synthetic,rcp8p5,100,2026-09-07
HS-00412,SG-SC-006,flood_coastal,y2030,1.31,scored,false,m,Aqueduct Floods v2 coastal-wtsub (synthetic stand-in),synthetic,rcp8p5,100,2026-09-07
HS-00413,SG-SC-006,wind,y2030,,absent,false,m/s,STORM v4 (synthetic stand-in),synthetic,climate-change,100,2026-09-07
HS-00414,SG-SC-006,heat_days35,y2030,5.0,scored,false,days/yr,NEX-GDDP-CMIP6 vs ERA5-Land (synthetic stand-in),synthetic,ssp585,,2026-09-07
HS-00415,SG-SC-006,pm25,y2030,16.4,measured_not_scored,true,ug/m3,GHAP PM2.5 annual mean (synthetic stand-in),synthetic,,,2026-09-07
HS-00416,SG-SC-006,flood_riverine,y2050,0.92,scored,false,m,Aqueduct Floods v2 riverine (synthetic stand-in),synthetic,rcp8p5,100,2026-09-07
HS-00417,SG-SC-006,flood_coastal,y2050,1.68,scored,false,m,Aqueduct Floods v2 coastal-wtsub (synthetic stand-in),synthetic,rcp8p5,100,2026-09-07
HS-00418,SG-SC-006,wind,y2050,,absent,false,m/s,STORM v4 (synthetic stand-in),synthetic,climate-change,100,2026-09-07
HS-00419,SG-SC-006,heat_days35,y2050,15.0,scored,false,days/yr,NEX-GDDP-CMIP6 vs ERA5-Land (synthetic stand-in),synthetic,ssp585,,2026-09-07
HS-00420,SG-SC-006,pm25,y2050,16.4,measured_not_scored,true,ug/m3,GHAP PM2.5 annual mean (synthetic stand-in),synthetic,,,2026-09-07
HS-00421,SG-SC-007,flood_riverine,today,0.14,scored,false,m,Aqueduct Floods v2 riverine (synthetic stand-in),synthetic,rcp8p5,100,2026-09-07
HS-00422,SG-SC-007,flood_coastal,today,0.0,scored,false,m,Aqueduct Floods v2 coastal-wtsub (synthetic stand-in),synthetic,rcp8p5,100,2026-09-07
HS-00423,SG-SC-007,wind,today,,absent,false,m/s,STORM v4 (synthetic stand-in),synthetic,present-climate,100,2026-09-07
HS-00424,SG-SC-007,heat_days35,today,0.0,scored,false,days/yr,NEX-GDDP-CMIP6 vs ERA5-Land (synthetic stand-in),synthetic,ssp585,,2026-09-07
HS-00425,SG-SC-007,pm25,today,15.9,measured_not_scored,true,ug/m3,GHAP PM2.5 annual mean (synthetic stand-in),synthetic,,,2026-09-07
HS-00426,SG-SC-007,flood_riverine,y2030,0.16,scored,false,m,Aqueduct Floods v2 riverine (synthetic stand-in),synthetic,rcp8p5,100,2026-09-07
HS-00427,SG-SC-007,flood_coastal,y2030,0.0,scored,false,m,Aqueduct Floods v2 coastal-wtsub (synthetic stand-in),synthetic,rcp8p5,100,2026-09-07
HS-00428,SG-SC-007,wind,y2030,,absent,false,m/s,STORM v4 (synthetic stand-in),synthetic,climate-change,100,2026-09-07
HS-00429,SG-SC-007,heat_days35,y2030,5.0,scored,false,days/yr,NEX-GDDP-CMIP6 vs ERA5-Land (synthetic stand-in),synthetic,ssp585,,2026-09-07
HS-00430,SG-SC-007,pm25,y2030,15.9,measured_not_scored,true,ug/m3,GHAP PM2.5 annual mean (synthetic stand-in),synthetic,,,2026-09-07
HS-00431,SG-SC-007,flood_riverine,y2050,0.17,scored,false,m,Aqueduct Floods v2 riverine (synthetic stand-in),synthetic,rcp8p5,100,2026-09-07
HS-00432,SG-SC-007,flood_coastal,y2050,0.08,scored,false,m,Aqueduct Floods v2 coastal-wtsub (synthetic stand-in),synthetic,rcp8p5,100,2026-09-07
HS-00433,SG-SC-007,wind,y2050,,absent,false,m/s,STORM v4 (synthetic stand-in),synthetic,climate-change,100,2026-09-07
HS-00434,SG-SC-007,heat_days35,y2050,18.0,scored,false,days/yr,NEX-GDDP-CMIP6 vs ERA5-Land (synthetic stand-in),synthetic,ssp585,,2026-09-07
HS-00435,SG-SC-007,pm25,y2050,15.9,measured_not_scored,true,ug/m3,GHAP PM2.5 annual mean (synthetic stand-in),synthetic,,,2026-09-07
HS-00436,SG-SC-008,flood_riverine,today,0.0,scored,false,m,Aqueduct Floods v2 riverine (synthetic stand-in),synthetic,rcp8p5,100,2026-09-07
HS-00437,SG-SC-008,flood_coastal,today,0.0,scored,false,m,Aqueduct Floods v2 coastal-wtsub (synthetic stand-in),synthetic,rcp8p5,100,2026-09-07
HS-00438,SG-SC-008,wind,today,,absent,false,m/s,STORM v4 (synthetic stand-in),synthetic,present-climate,100,2026-09-07
HS-00439,SG-SC-008,heat_days35,today,0.0,scored,false,days/yr,NEX-GDDP-CMIP6 vs ERA5-Land (synthetic stand-in),synthetic,ssp585,,2026-09-07
HS-00440,SG-SC-008,pm25,today,15.5,measured_not_scored,true,ug/m3,GHAP PM2.5 annual mean (synthetic stand-in),synthetic,,,2026-09-07
HS-00441,SG-SC-008,flood_riverine,y2030,0.0,scored,false,m,Aqueduct Floods v2 riverine (synthetic stand-in),synthetic,rcp8p5,100,2026-09-07
HS-00442,SG-SC-008,flood_coastal,y2030,0.0,scored,false,m,Aqueduct Floods v2 coastal-wtsub (synthetic stand-in),synthetic,rcp8p5,100,2026-09-07
HS-00443,SG-SC-008,wind,y2030,,absent,false,m/s,STORM v4 (synthetic stand-in),synthetic,climate-change,100,2026-09-07
HS-00444,SG-SC-008,heat_days35,y2030,6.0,scored,false,days/yr,NEX-GDDP-CMIP6 vs ERA5-Land (synthetic stand-in),synthetic,ssp585,,2026-09-07
HS-00445,SG-SC-008,pm25,y2030,15.5,measured_not_scored,true,ug/m3,GHAP PM2.5 annual mean (synthetic stand-in),synthetic,,,2026-09-07
HS-00446,SG-SC-008,flood_riverine,y2050,0.0,scored,false,m,Aqueduct Floods v2 riverine (synthetic stand-in),synthetic,rcp8p5,100,2026-09-07
HS-00447,SG-SC-008,flood_coastal,y2050,0.0,scored,false,m,Aqueduct Floods v2 coastal-wtsub (synthetic stand-in),synthetic,rcp8p5,100,2026-09-07
HS-00448,SG-SC-008,wind,y2050,,absent,false,m/s,STORM v4 (synthetic stand-in),synthetic,climate-change,100,2026-09-07
HS-00449,SG-SC-008,heat_days35,y2050,18.0,scored,false,days/yr,NEX-GDDP-CMIP6 vs ERA5-Land (synthetic stand-in),synthetic,ssp585,,2026-09-07
HS-00450,SG-SC-008,pm25,y2050,15.5,measured_not_scored,true,ug/m3,GHAP PM2.5 annual mean (synthetic stand-in),synthetic,,,2026-09-07
HS-00451,SG-JI-001,flood_riverine,today,0.0,scored,false,m,Aqueduct Floods v2 riverine (synthetic stand-in),synthetic,rcp8p5,100,2026-09-07
HS-00452,SG-JI-001,flood_coastal,today,0.0,scored,false,m,Aqueduct Floods v2 coastal-wtsub (synthetic stand-in),synthetic,rcp8p5,100,2026-09-07
HS-00453,SG-JI-001,wind,today,,absent,false,m/s,STORM v4 (synthetic stand-in),synthetic,present-climate,100,2026-09-07
HS-00454,SG-JI-001,heat_days35,today,0.0,scored,false,days/yr,NEX-GDDP-CMIP6 vs ERA5-Land (synthetic stand-in),synthetic,ssp585,,2026-09-07
HS-00455,SG-JI-001,pm25,today,19.4,measured_not_scored,true,ug/m3,GHAP PM2.5 annual mean (synthetic stand-in),synthetic,,,2026-09-07
HS-00456,SG-JI-001,flood_riverine,y2030,0.0,scored,false,m,Aqueduct Floods v2 riverine (synthetic stand-in),synthetic,rcp8p5,100,2026-09-07
HS-00457,SG-JI-001,flood_coastal,y2030,0.0,scored,false,m,Aqueduct Floods v2 coastal-wtsub (synthetic stand-in),synthetic,rcp8p5,100,2026-09-07
HS-00458,SG-JI-001,wind,y2030,,absent,false,m/s,STORM v4 (synthetic stand-in),synthetic,climate-change,100,2026-09-07
HS-00459,SG-JI-001,heat_days35,y2030,5.0,scored,false,days/yr,NEX-GDDP-CMIP6 vs ERA5-Land (synthetic stand-in),synthetic,ssp585,,2026-09-07
HS-00460,SG-JI-001,pm25,y2030,19.4,measured_not_scored,true,ug/m3,GHAP PM2.5 annual mean (synthetic stand-in),synthetic,,,2026-09-07
HS-00461,SG-JI-001,flood_riverine,y2050,0.0,scored,false,m,Aqueduct Floods v2 riverine (synthetic stand-in),synthetic,rcp8p5,100,2026-09-07
HS-00462,SG-JI-001,flood_coastal,y2050,0.0,scored,false,m,Aqueduct Floods v2 coastal-wtsub (synthetic stand-in),synthetic,rcp8p5,100,2026-09-07
HS-00463,SG-JI-001,wind,y2050,,absent,false,m/s,STORM v4 (synthetic stand-in),synthetic,climate-change,100,2026-09-07
HS-00464,SG-JI-001,heat_days35,y2050,17.0,scored,false,days/yr,NEX-GDDP-CMIP6 vs ERA5-Land (synthetic stand-in),synthetic,ssp585,,2026-09-07
HS-00465,SG-JI-001,pm25,y2050,19.4,measured_not_scored,true,ug/m3,GHAP PM2.5 annual mean (synthetic stand-in),synthetic,,,2026-09-07
HS-00466,SG-JI-002,flood_riverine,today,0.19,scored,false,m,Aqueduct Floods v2 riverine (synthetic stand-in),synthetic,rcp8p5,100,2026-09-07
HS-00467,SG-JI-002,flood_coastal,today,0.0,scored,false,m,Aqueduct Floods v2 coastal-wtsub (synthetic stand-in),synthetic,rcp8p5,100,2026-09-07
HS-00468,SG-JI-002,wind,today,,absent,false,m/s,STORM v4 (synthetic stand-in),synthetic,present-climate,100,2026-09-07
HS-00469,SG-JI-002,heat_days35,today,0.0,scored,false,days/yr,NEX-GDDP-CMIP6 vs ERA5-Land (synthetic stand-in),synthetic,ssp585,,2026-09-07
HS-00470,SG-JI-002,pm25,today,18.7,measured_not_scored,true,ug/m3,GHAP PM2.5 annual mean (synthetic stand-in),synthetic,,,2026-09-07
HS-00471,SG-JI-002,flood_riverine,y2030,0.21,scored,false,m,Aqueduct Floods v2 riverine (synthetic stand-in),synthetic,rcp8p5,100,2026-09-07
HS-00472,SG-JI-002,flood_coastal,y2030,0.0,scored,false,m,Aqueduct Floods v2 coastal-wtsub (synthetic stand-in),synthetic,rcp8p5,100,2026-09-07
HS-00473,SG-JI-002,wind,y2030,,absent,false,m/s,STORM v4 (synthetic stand-in),synthetic,climate-change,100,2026-09-07
HS-00474,SG-JI-002,heat_days35,y2030,4.0,scored,false,days/yr,NEX-GDDP-CMIP6 vs ERA5-Land (synthetic stand-in),synthetic,ssp585,,2026-09-07
HS-00475,SG-JI-002,pm25,y2030,18.7,measured_not_scored,true,ug/m3,GHAP PM2.5 annual mean (synthetic stand-in),synthetic,,,2026-09-07
HS-00476,SG-JI-002,flood_riverine,y2050,0.24,scored,false,m,Aqueduct Floods v2 riverine (synthetic stand-in),synthetic,rcp8p5,100,2026-09-07
HS-00477,SG-JI-002,flood_coastal,y2050,0.11,scored,false,m,Aqueduct Floods v2 coastal-wtsub (synthetic stand-in),synthetic,rcp8p5,100,2026-09-07
HS-00478,SG-JI-002,wind,y2050,,absent,false,m/s,STORM v4 (synthetic stand-in),synthetic,climate-change,100,2026-09-07
HS-00479,SG-JI-002,heat_days35,y2050,15.0,scored,false,days/yr,NEX-GDDP-CMIP6 vs ERA5-Land (synthetic stand-in),synthetic,ssp585,,2026-09-07
HS-00480,SG-JI-002,pm25,y2050,18.7,measured_not_scored,true,ug/m3,GHAP PM2.5 annual mean (synthetic stand-in),synthetic,,,2026-09-07
HS-00481,SG-JI-003,flood_riverine,today,0.0,scored,false,m,Aqueduct Floods v2 riverine (synthetic stand-in),synthetic,rcp8p5,100,2026-09-07
HS-00482,SG-JI-003,flood_coastal,today,0.0,scored,false,m,Aqueduct Floods v2 coastal-wtsub (synthetic stand-in),synthetic,rcp8p5,100,2026-09-07
HS-00483,SG-JI-003,wind,today,,absent,false,m/s,STORM v4 (synthetic stand-in),synthetic,present-climate,100,2026-09-07
HS-00484,SG-JI-003,heat_days35,today,0.0,scored,false,days/yr,NEX-GDDP-CMIP6 vs ERA5-Land (synthetic stand-in),synthetic,ssp585,,2026-09-07
HS-00485,SG-JI-003,pm25,today,19.3,measured_not_scored,true,ug/m3,GHAP PM2.5 annual mean (synthetic stand-in),synthetic,,,2026-09-07
HS-00486,SG-JI-003,flood_riverine,y2030,0.0,scored,false,m,Aqueduct Floods v2 riverine (synthetic stand-in),synthetic,rcp8p5,100,2026-09-07
HS-00487,SG-JI-003,flood_coastal,y2030,0.0,scored,false,m,Aqueduct Floods v2 coastal-wtsub (synthetic stand-in),synthetic,rcp8p5,100,2026-09-07
HS-00488,SG-JI-003,wind,y2030,,absent,false,m/s,STORM v4 (synthetic stand-in),synthetic,climate-change,100,2026-09-07
HS-00489,SG-JI-003,heat_days35,y2030,5.0,scored,false,days/yr,NEX-GDDP-CMIP6 vs ERA5-Land (synthetic stand-in),synthetic,ssp585,,2026-09-07
HS-00490,SG-JI-003,pm25,y2030,19.3,measured_not_scored,true,ug/m3,GHAP PM2.5 annual mean (synthetic stand-in),synthetic,,,2026-09-07
HS-00491,SG-JI-003,flood_riverine,y2050,0.0,scored,false,m,Aqueduct Floods v2 riverine (synthetic stand-in),synthetic,rcp8p5,100,2026-09-07
HS-00492,SG-JI-003,flood_coastal,y2050,0.0,scored,false,m,Aqueduct Floods v2 coastal-wtsub (synthetic stand-in),synthetic,rcp8p5,100,2026-09-07
HS-00493,SG-JI-003,wind,y2050,,absent,false,m/s,STORM v4 (synthetic stand-in),synthetic,climate-change,100,2026-09-07
HS-00494,SG-JI-003,heat_days35,y2050,16.0,scored,false,days/yr,NEX-GDDP-CMIP6 vs ERA5-Land (synthetic stand-in),synthetic,ssp585,,2026-09-07
HS-00495,SG-JI-003,pm25,y2050,19.3,measured_not_scored,true,ug/m3,GHAP PM2.5 annual mean (synthetic stand-in),synthetic,,,2026-09-07
HS-00496,SG-JI-004,flood_riverine,today,0.54,scored,false,m,Aqueduct Floods v2 riverine (synthetic stand-in),synthetic,rcp8p5,100,2026-09-07
HS-00497,SG-JI-004,flood_coastal,today,0.26,scored,false,m,Aqueduct Floods v2 coastal-wtsub (synthetic stand-in),synthetic,rcp8p5,100,2026-09-07
HS-00498,SG-JI-004,wind,today,,absent,false,m/s,STORM v4 (synthetic stand-in),synthetic,present-climate,100,2026-09-07
HS-00499,SG-JI-004,heat_days35,today,0.0,scored,false,days/yr,NEX-GDDP-CMIP6 vs ERA5-Land (synthetic stand-in),synthetic,ssp585,,2026-09-07
HS-00500,SG-JI-004,pm25,today,18.9,measured_not_scored,true,ug/m3,GHAP PM2.5 annual mean (synthetic stand-in),synthetic,,,2026-09-07
HS-00501,SG-JI-004,flood_riverine,y2030,0.6,scored,false,m,Aqueduct Floods v2 riverine (synthetic stand-in),synthetic,rcp8p5,100,2026-09-07
HS-00502,SG-JI-004,flood_coastal,y2030,0.52,scored,false,m,Aqueduct Floods v2 coastal-wtsub (synthetic stand-in),synthetic,rcp8p5,100,2026-09-07
HS-00503,SG-JI-004,wind,y2030,,absent,false,m/s,STORM v4 (synthetic stand-in),synthetic,climate-change,100,2026-09-07
HS-00504,SG-JI-004,heat_days35,y2030,5.0,scored,false,days/yr,NEX-GDDP-CMIP6 vs ERA5-Land (synthetic stand-in),synthetic,ssp585,,2026-09-07
HS-00505,SG-JI-004,pm25,y2030,18.9,measured_not_scored,true,ug/m3,GHAP PM2.5 annual mean (synthetic stand-in),synthetic,,,2026-09-07
HS-00506,SG-JI-004,flood_riverine,y2050,0.67,scored,false,m,Aqueduct Floods v2 riverine (synthetic stand-in),synthetic,rcp8p5,100,2026-09-07
HS-00507,SG-JI-004,flood_coastal,y2050,0.82,scored,false,m,Aqueduct Floods v2 coastal-wtsub (synthetic stand-in),synthetic,rcp8p5,100,2026-09-07
HS-00508,SG-JI-004,wind,y2050,,absent,false,m/s,STORM v4 (synthetic stand-in),synthetic,climate-change,100,2026-09-07
HS-00509,SG-JI-004,heat_days35,y2050,15.0,scored,false,days/yr,NEX-GDDP-CMIP6 vs ERA5-Land (synthetic stand-in),synthetic,ssp585,,2026-09-07
HS-00510,SG-JI-004,pm25,y2050,18.9,measured_not_scored,true,ug/m3,GHAP PM2.5 annual mean (synthetic stand-in),synthetic,,,2026-09-07
HS-00511,SG-JI-005,flood_riverine,today,0.45,scored,false,m,Aqueduct Floods v2 riverine (synthetic stand-in),synthetic,rcp8p5,100,2026-09-07
HS-00512,SG-JI-005,flood_coastal,today,0.25,scored,false,m,Aqueduct Floods v2 coastal-wtsub (synthetic stand-in),synthetic,rcp8p5,100,2026-09-07
HS-00513,SG-JI-005,wind,today,,absent,false,m/s,STORM v4 (synthetic stand-in),synthetic,present-climate,100,2026-09-07
HS-00514,SG-JI-005,heat_days35,today,0.0,scored,false,days/yr,NEX-GDDP-CMIP6 vs ERA5-Land (synthetic stand-in),synthetic,ssp585,,2026-09-07
HS-00515,SG-JI-005,pm25,today,19.2,measured_not_scored,true,ug/m3,GHAP PM2.5 annual mean (synthetic stand-in),synthetic,,,2026-09-07
HS-00516,SG-JI-005,flood_riverine,y2030,0.51,scored,false,m,Aqueduct Floods v2 riverine (synthetic stand-in),synthetic,rcp8p5,100,2026-09-07
HS-00517,SG-JI-005,flood_coastal,y2030,0.51,scored,false,m,Aqueduct Floods v2 coastal-wtsub (synthetic stand-in),synthetic,rcp8p5,100,2026-09-07
HS-00518,SG-JI-005,wind,y2030,,absent,false,m/s,STORM v4 (synthetic stand-in),synthetic,climate-change,100,2026-09-07
HS-00519,SG-JI-005,heat_days35,y2030,5.0,scored,false,days/yr,NEX-GDDP-CMIP6 vs ERA5-Land (synthetic stand-in),synthetic,ssp585,,2026-09-07
HS-00520,SG-JI-005,pm25,y2030,19.2,measured_not_scored,true,ug/m3,GHAP PM2.5 annual mean (synthetic stand-in),synthetic,,,2026-09-07
HS-00521,SG-JI-005,flood_riverine,y2050,0.56,scored,false,m,Aqueduct Floods v2 riverine (synthetic stand-in),synthetic,rcp8p5,100,2026-09-07
HS-00522,SG-JI-005,flood_coastal,y2050,0.81,scored,false,m,Aqueduct Floods v2 coastal-wtsub (synthetic stand-in),synthetic,rcp8p5,100,2026-09-07
HS-00523,SG-JI-005,wind,y2050,,absent,false,m/s,STORM v4 (synthetic stand-in),synthetic,climate-change,100,2026-09-07
HS-00524,SG-JI-005,heat_days35,y2050,16.0,scored,false,days/yr,NEX-GDDP-CMIP6 vs ERA5-Land (synthetic stand-in),synthetic,ssp585,,2026-09-07
HS-00525,SG-JI-005,pm25,y2050,19.2,measured_not_scored,true,ug/m3,GHAP PM2.5 annual mean (synthetic stand-in),synthetic,,,2026-09-07
HS-00526,SG-JI-006,flood_riverine,today,0.0,scored,false,m,Aqueduct Floods v2 riverine (synthetic stand-in),synthetic,rcp8p5,100,2026-09-07
HS-00527,SG-JI-006,flood_coastal,today,0.0,scored,false,m,Aqueduct Floods v2 coastal-wtsub (synthetic stand-in),synthetic,rcp8p5,100,2026-09-07
HS-00528,SG-JI-006,wind,today,,absent,false,m/s,STORM v4 (synthetic stand-in),synthetic,present-climate,100,2026-09-07
HS-00529,SG-JI-006,heat_days35,today,0.0,scored,false,days/yr,NEX-GDDP-CMIP6 vs ERA5-Land (synthetic stand-in),synthetic,ssp585,,2026-09-07
HS-00530,SG-JI-006,pm25,today,19.3,measured_not_scored,true,ug/m3,GHAP PM2.5 annual mean (synthetic stand-in),synthetic,,,2026-09-07
HS-00531,SG-JI-006,flood_riverine,y2030,0.0,scored,false,m,Aqueduct Floods v2 riverine (synthetic stand-in),synthetic,rcp8p5,100,2026-09-07
HS-00532,SG-JI-006,flood_coastal,y2030,0.0,scored,false,m,Aqueduct Floods v2 coastal-wtsub (synthetic stand-in),synthetic,rcp8p5,100,2026-09-07
HS-00533,SG-JI-006,wind,y2030,,absent,false,m/s,STORM v4 (synthetic stand-in),synthetic,climate-change,100,2026-09-07
HS-00534,SG-JI-006,heat_days35,y2030,6.0,scored,false,days/yr,NEX-GDDP-CMIP6 vs ERA5-Land (synthetic stand-in),synthetic,ssp585,,2026-09-07
HS-00535,SG-JI-006,pm25,y2030,19.3,measured_not_scored,true,ug/m3,GHAP PM2.5 annual mean (synthetic stand-in),synthetic,,,2026-09-07
HS-00536,SG-JI-006,flood_riverine,y2050,0.0,scored,false,m,Aqueduct Floods v2 riverine (synthetic stand-in),synthetic,rcp8p5,100,2026-09-07
HS-00537,SG-JI-006,flood_coastal,y2050,0.0,scored,false,m,Aqueduct Floods v2 coastal-wtsub (synthetic stand-in),synthetic,rcp8p5,100,2026-09-07
HS-00538,SG-JI-006,wind,y2050,,absent,false,m/s,STORM v4 (synthetic stand-in),synthetic,climate-change,100,2026-09-07
HS-00539,SG-JI-006,heat_days35,y2050,18.0,scored,false,days/yr,NEX-GDDP-CMIP6 vs ERA5-Land (synthetic stand-in),synthetic,ssp585,,2026-09-07
HS-00540,SG-JI-006,pm25,y2050,19.3,measured_not_scored,true,ug/m3,GHAP PM2.5 annual mean (synthetic stand-in),synthetic,,,2026-09-07
HS-00541,SG-KB-001,flood_riverine,today,0.0,scored,false,m,Aqueduct Floods v2 riverine (synthetic stand-in),synthetic,rcp8p5,100,2026-09-07
HS-00542,SG-KB-001,flood_coastal,today,0.0,scored,false,m,Aqueduct Floods v2 coastal-wtsub (synthetic stand-in),synthetic,rcp8p5,100,2026-09-07
HS-00543,SG-KB-001,wind,today,,absent,false,m/s,STORM v4 (synthetic stand-in),synthetic,present-climate,100,2026-09-07
HS-00544,SG-KB-001,heat_days35,today,0.0,scored,false,days/yr,NEX-GDDP-CMIP6 vs ERA5-Land (synthetic stand-in),synthetic,ssp585,,2026-09-07
HS-00545,SG-KB-001,pm25,today,17.6,measured_not_scored,true,ug/m3,GHAP PM2.5 annual mean (synthetic stand-in),synthetic,,,2026-09-07
HS-00546,SG-KB-001,flood_riverine,y2030,0.0,scored,false,m,Aqueduct Floods v2 riverine (synthetic stand-in),synthetic,rcp8p5,100,2026-09-07
HS-00547,SG-KB-001,flood_coastal,y2030,0.0,scored,false,m,Aqueduct Floods v2 coastal-wtsub (synthetic stand-in),synthetic,rcp8p5,100,2026-09-07
HS-00548,SG-KB-001,wind,y2030,,absent,false,m/s,STORM v4 (synthetic stand-in),synthetic,climate-change,100,2026-09-07
HS-00549,SG-KB-001,heat_days35,y2030,4.0,scored,false,days/yr,NEX-GDDP-CMIP6 vs ERA5-Land (synthetic stand-in),synthetic,ssp585,,2026-09-07
HS-00550,SG-KB-001,pm25,y2030,17.6,measured_not_scored,true,ug/m3,GHAP PM2.5 annual mean (synthetic stand-in),synthetic,,,2026-09-07
HS-00551,SG-KB-001,flood_riverine,y2050,0.0,scored,false,m,Aqueduct Floods v2 riverine (synthetic stand-in),synthetic,rcp8p5,100,2026-09-07
HS-00552,SG-KB-001,flood_coastal,y2050,0.0,scored,false,m,Aqueduct Floods v2 coastal-wtsub (synthetic stand-in),synthetic,rcp8p5,100,2026-09-07
HS-00553,SG-KB-001,wind,y2050,,absent,false,m/s,STORM v4 (synthetic stand-in),synthetic,climate-change,100,2026-09-07
HS-00554,SG-KB-001,heat_days35,y2050,15.0,scored,false,days/yr,NEX-GDDP-CMIP6 vs ERA5-Land (synthetic stand-in),synthetic,ssp585,,2026-09-07
HS-00555,SG-KB-001,pm25,y2050,17.6,measured_not_scored,true,ug/m3,GHAP PM2.5 annual mean (synthetic stand-in),synthetic,,,2026-09-07
HS-00556,SG-KB-002,flood_riverine,today,0.3,scored,false,m,Aqueduct Floods v2 riverine (synthetic stand-in),synthetic,rcp8p5,100,2026-09-07
HS-00557,SG-KB-002,flood_coastal,today,0.03,scored,false,m,Aqueduct Floods v2 coastal-wtsub (synthetic stand-in),synthetic,rcp8p5,100,2026-09-07
HS-00558,SG-KB-002,wind,today,,absent,false,m/s,STORM v4 (synthetic stand-in),synthetic,present-climate,100,2026-09-07
HS-00559,SG-KB-002,heat_days35,today,0.0,scored,false,days/yr,NEX-GDDP-CMIP6 vs ERA5-Land (synthetic stand-in),synthetic,ssp585,,2026-09-07
HS-00560,SG-KB-002,pm25,today,18.4,measured_not_scored,true,ug/m3,GHAP PM2.5 annual mean (synthetic stand-in),synthetic,,,2026-09-07
HS-00561,SG-KB-002,flood_riverine,y2030,0.34,scored,false,m,Aqueduct Floods v2 riverine (synthetic stand-in),synthetic,rcp8p5,100,2026-09-07
HS-00562,SG-KB-002,flood_coastal,y2030,0.1,scored,false,m,Aqueduct Floods v2 coastal-wtsub (synthetic stand-in),synthetic,rcp8p5,100,2026-09-07
HS-00563,SG-KB-002,wind,y2030,,absent,false,m/s,STORM v4 (synthetic stand-in),synthetic,climate-change,100,2026-09-07
HS-00564,SG-KB-002,heat_days35,y2030,5.0,scored,false,days/yr,NEX-GDDP-CMIP6 vs ERA5-Land (synthetic stand-in),synthetic,ssp585,,2026-09-07
HS-00565,SG-KB-002,pm25,y2030,18.4,measured_not_scored,true,ug/m3,GHAP PM2.5 annual mean (synthetic stand-in),synthetic,,,2026-09-07
HS-00566,SG-KB-002,flood_riverine,y2050,0.38,scored,false,m,Aqueduct Floods v2 riverine (synthetic stand-in),synthetic,rcp8p5,100,2026-09-07
HS-00567,SG-KB-002,flood_coastal,y2050,0.21,scored,false,m,Aqueduct Floods v2 coastal-wtsub (synthetic stand-in),synthetic,rcp8p5,100,2026-09-07
HS-00568,SG-KB-002,wind,y2050,,absent,false,m/s,STORM v4 (synthetic stand-in),synthetic,climate-change,100,2026-09-07
HS-00569,SG-KB-002,heat_days35,y2050,16.0,scored,false,days/yr,NEX-GDDP-CMIP6 vs ERA5-Land (synthetic stand-in),synthetic,ssp585,,2026-09-07
HS-00570,SG-KB-002,pm25,y2050,18.4,measured_not_scored,true,ug/m3,GHAP PM2.5 annual mean (synthetic stand-in),synthetic,,,2026-09-07
HS-00571,SG-KB-003,flood_riverine,today,0.52,scored,false,m,Aqueduct Floods v2 riverine (synthetic stand-in),synthetic,rcp8p5,100,2026-09-07
HS-00572,SG-KB-003,flood_coastal,today,0.14,scored,false,m,Aqueduct Floods v2 coastal-wtsub (synthetic stand-in),synthetic,rcp8p5,100,2026-09-07
HS-00573,SG-KB-003,wind,today,,absent,false,m/s,STORM v4 (synthetic stand-in),synthetic,present-climate,100,2026-09-07
HS-00574,SG-KB-003,heat_days35,today,0.0,scored,false,days/yr,NEX-GDDP-CMIP6 vs ERA5-Land (synthetic stand-in),synthetic,ssp585,,2026-09-07
HS-00575,SG-KB-003,pm25,today,18.4,measured_not_scored,true,ug/m3,GHAP PM2.5 annual mean (synthetic stand-in),synthetic,,,2026-09-07
HS-00576,SG-KB-003,flood_riverine,y2030,0.59,scored,false,m,Aqueduct Floods v2 riverine (synthetic stand-in),synthetic,rcp8p5,100,2026-09-07
HS-00577,SG-KB-003,flood_coastal,y2030,0.3,scored,false,m,Aqueduct Floods v2 coastal-wtsub (synthetic stand-in),synthetic,rcp8p5,100,2026-09-07
HS-00578,SG-KB-003,wind,y2030,,absent,false,m/s,STORM v4 (synthetic stand-in),synthetic,climate-change,100,2026-09-07
HS-00579,SG-KB-003,heat_days35,y2030,5.0,scored,false,days/yr,NEX-GDDP-CMIP6 vs ERA5-Land (synthetic stand-in),synthetic,ssp585,,2026-09-07
HS-00580,SG-KB-003,pm25,y2030,18.4,measured_not_scored,true,ug/m3,GHAP PM2.5 annual mean (synthetic stand-in),synthetic,,,2026-09-07
HS-00581,SG-KB-003,flood_riverine,y2050,0.65,scored,false,m,Aqueduct Floods v2 riverine (synthetic stand-in),synthetic,rcp8p5,100,2026-09-07
HS-00582,SG-KB-003,flood_coastal,y2050,0.5,scored,false,m,Aqueduct Floods v2 coastal-wtsub (synthetic stand-in),synthetic,rcp8p5,100,2026-09-07
HS-00583,SG-KB-003,wind,y2050,,absent,false,m/s,STORM v4 (synthetic stand-in),synthetic,climate-change,100,2026-09-07
HS-00584,SG-KB-003,heat_days35,y2050,17.0,scored,false,days/yr,NEX-GDDP-CMIP6 vs ERA5-Land (synthetic stand-in),synthetic,ssp585,,2026-09-07
HS-00585,SG-KB-003,pm25,y2050,18.4,measured_not_scored,true,ug/m3,GHAP PM2.5 annual mean (synthetic stand-in),synthetic,,,2026-09-07
HS-00586,SG-KB-004,flood_riverine,today,0.0,scored,false,m,Aqueduct Floods v2 riverine (synthetic stand-in),synthetic,rcp8p5,100,2026-09-07
HS-00587,SG-KB-004,flood_coastal,today,0.0,scored,false,m,Aqueduct Floods v2 coastal-wtsub (synthetic stand-in),synthetic,rcp8p5,100,2026-09-07
HS-00588,SG-KB-004,wind,today,,absent,false,m/s,STORM v4 (synthetic stand-in),synthetic,present-climate,100,2026-09-07
HS-00589,SG-KB-004,heat_days35,today,0.0,scored,false,days/yr,NEX-GDDP-CMIP6 vs ERA5-Land (synthetic stand-in),synthetic,ssp585,,2026-09-07
HS-00590,SG-KB-004,pm25,today,17.9,measured_not_scored,true,ug/m3,GHAP PM2.5 annual mean (synthetic stand-in),synthetic,,,2026-09-07
HS-00591,SG-KB-004,flood_riverine,y2030,0.0,scored,false,m,Aqueduct Floods v2 riverine (synthetic stand-in),synthetic,rcp8p5,100,2026-09-07
HS-00592,SG-KB-004,flood_coastal,y2030,0.0,scored,false,m,Aqueduct Floods v2 coastal-wtsub (synthetic stand-in),synthetic,rcp8p5,100,2026-09-07
HS-00593,SG-KB-004,wind,y2030,,absent,false,m/s,STORM v4 (synthetic stand-in),synthetic,climate-change,100,2026-09-07
HS-00594,SG-KB-004,heat_days35,y2030,5.0,scored,false,days/yr,NEX-GDDP-CMIP6 vs ERA5-Land (synthetic stand-in),synthetic,ssp585,,2026-09-07
HS-00595,SG-KB-004,pm25,y2030,17.9,measured_not_scored,true,ug/m3,GHAP PM2.5 annual mean (synthetic stand-in),synthetic,,,2026-09-07
HS-00596,SG-KB-004,flood_riverine,y2050,0.0,scored,false,m,Aqueduct Floods v2 riverine (synthetic stand-in),synthetic,rcp8p5,100,2026-09-07
HS-00597,SG-KB-004,flood_coastal,y2050,0.0,scored,false,m,Aqueduct Floods v2 coastal-wtsub (synthetic stand-in),synthetic,rcp8p5,100,2026-09-07
HS-00598,SG-KB-004,wind,y2050,,absent,false,m/s,STORM v4 (synthetic stand-in),synthetic,climate-change,100,2026-09-07
HS-00599,SG-KB-004,heat_days35,y2050,15.0,scored,false,days/yr,NEX-GDDP-CMIP6 vs ERA5-Land (synthetic stand-in),synthetic,ssp585,,2026-09-07
HS-00600,SG-KB-004,pm25,y2050,17.9,measured_not_scored,true,ug/m3,GHAP PM2.5 annual mean (synthetic stand-in),synthetic,,,2026-09-07
HS-00601,SG-KB-005,flood_riverine,today,0.69,scored,false,m,Aqueduct Floods v2 riverine (synthetic stand-in),synthetic,rcp8p5,100,2026-09-07
HS-00602,SG-KB-005,flood_coastal,today,0.39,scored,false,m,Aqueduct Floods v2 coastal-wtsub (synthetic stand-in),synthetic,rcp8p5,100,2026-09-07
HS-00603,SG-KB-005,wind,today,,absent,false,m/s,STORM v4 (synthetic stand-in),synthetic,present-climate,100,2026-09-07
HS-00604,SG-KB-005,heat_days35,today,0.0,scored,false,days/yr,NEX-GDDP-CMIP6 vs ERA5-Land (synthetic stand-in),synthetic,ssp585,,2026-09-07
HS-00605,SG-KB-005,pm25,today,18.4,measured_not_scored,true,ug/m3,GHAP PM2.5 annual mean (synthetic stand-in),synthetic,,,2026-09-07
HS-00606,SG-KB-005,flood_riverine,y2030,0.77,scored,false,m,Aqueduct Floods v2 riverine (synthetic stand-in),synthetic,rcp8p5,100,2026-09-07
HS-00607,SG-KB-005,flood_coastal,y2030,0.61,scored,false,m,Aqueduct Floods v2 coastal-wtsub (synthetic stand-in),synthetic,rcp8p5,100,2026-09-07
HS-00608,SG-KB-005,wind,y2030,,absent,false,m/s,STORM v4 (synthetic stand-in),synthetic,climate-change,100,2026-09-07
HS-00609,SG-KB-005,heat_days35,y2030,5.0,scored,false,days/yr,NEX-GDDP-CMIP6 vs ERA5-Land (synthetic stand-in),synthetic,ssp585,,2026-09-07
HS-00610,SG-KB-005,pm25,y2030,18.4,measured_not_scored,true,ug/m3,GHAP PM2.5 annual mean (synthetic stand-in),synthetic,,,2026-09-07
HS-00611,SG-KB-005,flood_riverine,y2050,0.86,scored,false,m,Aqueduct Floods v2 riverine (synthetic stand-in),synthetic,rcp8p5,100,2026-09-07
HS-00612,SG-KB-005,flood_coastal,y2050,0.86,scored,false,m,Aqueduct Floods v2 coastal-wtsub (synthetic stand-in),synthetic,rcp8p5,100,2026-09-07
HS-00613,SG-KB-005,wind,y2050,,absent,false,m/s,STORM v4 (synthetic stand-in),synthetic,climate-change,100,2026-09-07
HS-00614,SG-KB-005,heat_days35,y2050,16.0,scored,false,days/yr,NEX-GDDP-CMIP6 vs ERA5-Land (synthetic stand-in),synthetic,ssp585,,2026-09-07
HS-00615,SG-KB-005,pm25,y2050,18.4,measured_not_scored,true,ug/m3,GHAP PM2.5 annual mean (synthetic stand-in),synthetic,,,2026-09-07
HS-00616,SG-KB-006,flood_riverine,today,0.2,scored,false,m,Aqueduct Floods v2 riverine (synthetic stand-in),synthetic,rcp8p5,100,2026-09-07
HS-00617,SG-KB-006,flood_coastal,today,0.0,scored,false,m,Aqueduct Floods v2 coastal-wtsub (synthetic stand-in),synthetic,rcp8p5,100,2026-09-07
HS-00618,SG-KB-006,wind,today,,absent,false,m/s,STORM v4 (synthetic stand-in),synthetic,present-climate,100,2026-09-07
HS-00619,SG-KB-006,heat_days35,today,0.0,scored,false,days/yr,NEX-GDDP-CMIP6 vs ERA5-Land (synthetic stand-in),synthetic,ssp585,,2026-09-07
HS-00620,SG-KB-006,pm25,today,18.0,measured_not_scored,true,ug/m3,GHAP PM2.5 annual mean (synthetic stand-in),synthetic,,,2026-09-07
HS-00621,SG-KB-006,flood_riverine,y2030,0.22,scored,false,m,Aqueduct Floods v2 riverine (synthetic stand-in),synthetic,rcp8p5,100,2026-09-07
HS-00622,SG-KB-006,flood_coastal,y2030,0.03,scored,false,m,Aqueduct Floods v2 coastal-wtsub (synthetic stand-in),synthetic,rcp8p5,100,2026-09-07
HS-00623,SG-KB-006,wind,y2030,,absent,false,m/s,STORM v4 (synthetic stand-in),synthetic,climate-change,100,2026-09-07
HS-00624,SG-KB-006,heat_days35,y2030,4.0,scored,false,days/yr,NEX-GDDP-CMIP6 vs ERA5-Land (synthetic stand-in),synthetic,ssp585,,2026-09-07
HS-00625,SG-KB-006,pm25,y2030,18.0,measured_not_scored,true,ug/m3,GHAP PM2.5 annual mean (synthetic stand-in),synthetic,,,2026-09-07
HS-00626,SG-KB-006,flood_riverine,y2050,0.25,scored,false,m,Aqueduct Floods v2 riverine (synthetic stand-in),synthetic,rcp8p5,100,2026-09-07
HS-00627,SG-KB-006,flood_coastal,y2050,0.12,scored,false,m,Aqueduct Floods v2 coastal-wtsub (synthetic stand-in),synthetic,rcp8p5,100,2026-09-07
HS-00628,SG-KB-006,wind,y2050,,absent,false,m/s,STORM v4 (synthetic stand-in),synthetic,climate-change,100,2026-09-07
HS-00629,SG-KB-006,heat_days35,y2050,16.0,scored,false,days/yr,NEX-GDDP-CMIP6 vs ERA5-Land (synthetic stand-in),synthetic,ssp585,,2026-09-07
HS-00630,SG-KB-006,pm25,y2050,18.0,measured_not_scored,true,ug/m3,GHAP PM2.5 annual mean (synthetic stand-in),synthetic,,,2026-09-07
HS-00631,SG-KB-007,flood_riverine,today,0.0,scored,false,m,Aqueduct Floods v2 riverine (synthetic stand-in),synthetic,rcp8p5,100,2026-09-07
HS-00632,SG-KB-007,flood_coastal,today,0.0,scored,false,m,Aqueduct Floods v2 coastal-wtsub (synthetic stand-in),synthetic,rcp8p5,100,2026-09-07
HS-00633,SG-KB-007,wind,today,,absent,false,m/s,STORM v4 (synthetic stand-in),synthetic,present-climate,100,2026-09-07
HS-00634,SG-KB-007,heat_days35,today,0.0,scored,false,days/yr,NEX-GDDP-CMIP6 vs ERA5-Land (synthetic stand-in),synthetic,ssp585,,2026-09-07
HS-00635,SG-KB-007,pm25,today,18.5,measured_not_scored,true,ug/m3,GHAP PM2.5 annual mean (synthetic stand-in),synthetic,,,2026-09-07
HS-00636,SG-KB-007,flood_riverine,y2030,0.0,scored,false,m,Aqueduct Floods v2 riverine (synthetic stand-in),synthetic,rcp8p5,100,2026-09-07
HS-00637,SG-KB-007,flood_coastal,y2030,0.0,scored,false,m,Aqueduct Floods v2 coastal-wtsub (synthetic stand-in),synthetic,rcp8p5,100,2026-09-07
HS-00638,SG-KB-007,wind,y2030,,absent,false,m/s,STORM v4 (synthetic stand-in),synthetic,climate-change,100,2026-09-07
HS-00639,SG-KB-007,heat_days35,y2030,4.0,scored,false,days/yr,NEX-GDDP-CMIP6 vs ERA5-Land (synthetic stand-in),synthetic,ssp585,,2026-09-07
HS-00640,SG-KB-007,pm25,y2030,18.5,measured_not_scored,true,ug/m3,GHAP PM2.5 annual mean (synthetic stand-in),synthetic,,,2026-09-07
HS-00641,SG-KB-007,flood_riverine,y2050,0.0,scored,false,m,Aqueduct Floods v2 riverine (synthetic stand-in),synthetic,rcp8p5,100,2026-09-07
HS-00642,SG-KB-007,flood_coastal,y2050,0.0,scored,false,m,Aqueduct Floods v2 coastal-wtsub (synthetic stand-in),synthetic,rcp8p5,100,2026-09-07
HS-00643,SG-KB-007,wind,y2050,,absent,false,m/s,STORM v4 (synthetic stand-in),synthetic,climate-change,100,2026-09-07
HS-00644,SG-KB-007,heat_days35,y2050,15.0,scored,false,days/yr,NEX-GDDP-CMIP6 vs ERA5-Land (synthetic stand-in),synthetic,ssp585,,2026-09-07
HS-00645,SG-KB-007,pm25,y2050,18.5,measured_not_scored,true,ug/m3,GHAP PM2.5 annual mean (synthetic stand-in),synthetic,,,2026-09-07
HS-00646,SG-KB-008,flood_riverine,today,0.0,scored,false,m,Aqueduct Floods v2 riverine (synthetic stand-in),synthetic,rcp8p5,100,2026-09-07
HS-00647,SG-KB-008,flood_coastal,today,0.0,scored,false,m,Aqueduct Floods v2 coastal-wtsub (synthetic stand-in),synthetic,rcp8p5,100,2026-09-07
HS-00648,SG-KB-008,wind,today,,absent,false,m/s,STORM v4 (synthetic stand-in),synthetic,present-climate,100,2026-09-07
HS-00649,SG-KB-008,heat_days35,today,0.0,scored,false,days/yr,NEX-GDDP-CMIP6 vs ERA5-Land (synthetic stand-in),synthetic,ssp585,,2026-09-07
HS-00650,SG-KB-008,pm25,today,18.2,measured_not_scored,true,ug/m3,GHAP PM2.5 annual mean (synthetic stand-in),synthetic,,,2026-09-07
HS-00651,SG-KB-008,flood_riverine,y2030,0.0,scored,false,m,Aqueduct Floods v2 riverine (synthetic stand-in),synthetic,rcp8p5,100,2026-09-07
HS-00652,SG-KB-008,flood_coastal,y2030,0.0,scored,false,m,Aqueduct Floods v2 coastal-wtsub (synthetic stand-in),synthetic,rcp8p5,100,2026-09-07
HS-00653,SG-KB-008,wind,y2030,,absent,false,m/s,STORM v4 (synthetic stand-in),synthetic,climate-change,100,2026-09-07
HS-00654,SG-KB-008,heat_days35,y2030,5.0,scored,false,days/yr,NEX-GDDP-CMIP6 vs ERA5-Land (synthetic stand-in),synthetic,ssp585,,2026-09-07
HS-00655,SG-KB-008,pm25,y2030,18.2,measured_not_scored,true,ug/m3,GHAP PM2.5 annual mean (synthetic stand-in),synthetic,,,2026-09-07
HS-00656,SG-KB-008,flood_riverine,y2050,0.0,scored,false,m,Aqueduct Floods v2 riverine (synthetic stand-in),synthetic,rcp8p5,100,2026-09-07
HS-00657,SG-KB-008,flood_coastal,y2050,0.0,scored,false,m,Aqueduct Floods v2 coastal-wtsub (synthetic stand-in),synthetic,rcp8p5,100,2026-09-07
HS-00658,SG-KB-008,wind,y2050,,absent,false,m/s,STORM v4 (synthetic stand-in),synthetic,climate-change,100,2026-09-07
HS-00659,SG-KB-008,heat_days35,y2050,17.0,scored,false,days/yr,NEX-GDDP-CMIP6 vs ERA5-Land (synthetic stand-in),synthetic,ssp585,,2026-09-07
HS-00660,SG-KB-008,pm25,y2050,18.2,measured_not_scored,true,ug/m3,GHAP PM2.5 annual mean (synthetic stand-in),synthetic,,,2026-09-07
HS-00661,SG-WL-001,flood_riverine,today,0.0,scored,false,m,Aqueduct Floods v2 riverine (synthetic stand-in),synthetic,rcp8p5,100,2026-09-07
HS-00662,SG-WL-001,flood_coastal,today,0.0,scored,false,m,Aqueduct Floods v2 coastal-wtsub (synthetic stand-in),synthetic,rcp8p5,100,2026-09-07
HS-00663,SG-WL-001,wind,today,,absent,false,m/s,STORM v4 (synthetic stand-in),synthetic,present-climate,100,2026-09-07
HS-00664,SG-WL-001,heat_days35,today,0.0,scored,false,days/yr,NEX-GDDP-CMIP6 vs ERA5-Land (synthetic stand-in),synthetic,ssp585,,2026-09-07
HS-00665,SG-WL-001,pm25,today,17.1,measured_not_scored,true,ug/m3,GHAP PM2.5 annual mean (synthetic stand-in),synthetic,,,2026-09-07
HS-00666,SG-WL-001,flood_riverine,y2030,0.0,scored,false,m,Aqueduct Floods v2 riverine (synthetic stand-in),synthetic,rcp8p5,100,2026-09-07
HS-00667,SG-WL-001,flood_coastal,y2030,0.0,scored,false,m,Aqueduct Floods v2 coastal-wtsub (synthetic stand-in),synthetic,rcp8p5,100,2026-09-07
HS-00668,SG-WL-001,wind,y2030,,absent,false,m/s,STORM v4 (synthetic stand-in),synthetic,climate-change,100,2026-09-07
HS-00669,SG-WL-001,heat_days35,y2030,5.0,scored,false,days/yr,NEX-GDDP-CMIP6 vs ERA5-Land (synthetic stand-in),synthetic,ssp585,,2026-09-07
HS-00670,SG-WL-001,pm25,y2030,17.1,measured_not_scored,true,ug/m3,GHAP PM2.5 annual mean (synthetic stand-in),synthetic,,,2026-09-07
HS-00671,SG-WL-001,flood_riverine,y2050,0.0,scored,false,m,Aqueduct Floods v2 riverine (synthetic stand-in),synthetic,rcp8p5,100,2026-09-07
HS-00672,SG-WL-001,flood_coastal,y2050,0.0,scored,false,m,Aqueduct Floods v2 coastal-wtsub (synthetic stand-in),synthetic,rcp8p5,100,2026-09-07
HS-00673,SG-WL-001,wind,y2050,,absent,false,m/s,STORM v4 (synthetic stand-in),synthetic,climate-change,100,2026-09-07
HS-00674,SG-WL-001,heat_days35,y2050,16.0,scored,false,days/yr,NEX-GDDP-CMIP6 vs ERA5-Land (synthetic stand-in),synthetic,ssp585,,2026-09-07
HS-00675,SG-WL-001,pm25,y2050,17.1,measured_not_scored,true,ug/m3,GHAP PM2.5 annual mean (synthetic stand-in),synthetic,,,2026-09-07
HS-00676,SG-WL-002,flood_riverine,today,0.0,scored,false,m,Aqueduct Floods v2 riverine (synthetic stand-in),synthetic,rcp8p5,100,2026-09-07
HS-00677,SG-WL-002,flood_coastal,today,0.0,scored,false,m,Aqueduct Floods v2 coastal-wtsub (synthetic stand-in),synthetic,rcp8p5,100,2026-09-07
HS-00678,SG-WL-002,wind,today,,absent,false,m/s,STORM v4 (synthetic stand-in),synthetic,present-climate,100,2026-09-07
HS-00679,SG-WL-002,heat_days35,today,0.0,scored,false,days/yr,NEX-GDDP-CMIP6 vs ERA5-Land (synthetic stand-in),synthetic,ssp585,,2026-09-07
HS-00680,SG-WL-002,pm25,today,17.0,measured_not_scored,true,ug/m3,GHAP PM2.5 annual mean (synthetic stand-in),synthetic,,,2026-09-07
HS-00681,SG-WL-002,flood_riverine,y2030,0.0,scored,false,m,Aqueduct Floods v2 riverine (synthetic stand-in),synthetic,rcp8p5,100,2026-09-07
HS-00682,SG-WL-002,flood_coastal,y2030,0.0,scored,false,m,Aqueduct Floods v2 coastal-wtsub (synthetic stand-in),synthetic,rcp8p5,100,2026-09-07
HS-00683,SG-WL-002,wind,y2030,,absent,false,m/s,STORM v4 (synthetic stand-in),synthetic,climate-change,100,2026-09-07
HS-00684,SG-WL-002,heat_days35,y2030,5.0,scored,false,days/yr,NEX-GDDP-CMIP6 vs ERA5-Land (synthetic stand-in),synthetic,ssp585,,2026-09-07
HS-00685,SG-WL-002,pm25,y2030,17.0,measured_not_scored,true,ug/m3,GHAP PM2.5 annual mean (synthetic stand-in),synthetic,,,2026-09-07
HS-00686,SG-WL-002,flood_riverine,y2050,0.0,scored,false,m,Aqueduct Floods v2 riverine (synthetic stand-in),synthetic,rcp8p5,100,2026-09-07
HS-00687,SG-WL-002,flood_coastal,y2050,0.0,scored,false,m,Aqueduct Floods v2 coastal-wtsub (synthetic stand-in),synthetic,rcp8p5,100,2026-09-07
HS-00688,SG-WL-002,wind,y2050,,absent,false,m/s,STORM v4 (synthetic stand-in),synthetic,climate-change,100,2026-09-07
HS-00689,SG-WL-002,heat_days35,y2050,17.0,scored,false,days/yr,NEX-GDDP-CMIP6 vs ERA5-Land (synthetic stand-in),synthetic,ssp585,,2026-09-07
HS-00690,SG-WL-002,pm25,y2050,17.0,measured_not_scored,true,ug/m3,GHAP PM2.5 annual mean (synthetic stand-in),synthetic,,,2026-09-07
HS-00691,SG-WL-003,flood_riverine,today,0.0,scored,false,m,Aqueduct Floods v2 riverine (synthetic stand-in),synthetic,rcp8p5,100,2026-09-07
HS-00692,SG-WL-003,flood_coastal,today,0.0,scored,false,m,Aqueduct Floods v2 coastal-wtsub (synthetic stand-in),synthetic,rcp8p5,100,2026-09-07
HS-00693,SG-WL-003,wind,today,,absent,false,m/s,STORM v4 (synthetic stand-in),synthetic,present-climate,100,2026-09-07
HS-00694,SG-WL-003,heat_days35,today,0.0,scored,false,days/yr,NEX-GDDP-CMIP6 vs ERA5-Land (synthetic stand-in),synthetic,ssp585,,2026-09-07
HS-00695,SG-WL-003,pm25,today,16.5,measured_not_scored,true,ug/m3,GHAP PM2.5 annual mean (synthetic stand-in),synthetic,,,2026-09-07
HS-00696,SG-WL-003,flood_riverine,y2030,0.0,scored,false,m,Aqueduct Floods v2 riverine (synthetic stand-in),synthetic,rcp8p5,100,2026-09-07
HS-00697,SG-WL-003,flood_coastal,y2030,0.0,scored,false,m,Aqueduct Floods v2 coastal-wtsub (synthetic stand-in),synthetic,rcp8p5,100,2026-09-07
HS-00698,SG-WL-003,wind,y2030,,absent,false,m/s,STORM v4 (synthetic stand-in),synthetic,climate-change,100,2026-09-07
HS-00699,SG-WL-003,heat_days35,y2030,5.0,scored,false,days/yr,NEX-GDDP-CMIP6 vs ERA5-Land (synthetic stand-in),synthetic,ssp585,,2026-09-07
HS-00700,SG-WL-003,pm25,y2030,16.5,measured_not_scored,true,ug/m3,GHAP PM2.5 annual mean (synthetic stand-in),synthetic,,,2026-09-07
HS-00701,SG-WL-003,flood_riverine,y2050,0.0,scored,false,m,Aqueduct Floods v2 riverine (synthetic stand-in),synthetic,rcp8p5,100,2026-09-07
HS-00702,SG-WL-003,flood_coastal,y2050,0.0,scored,false,m,Aqueduct Floods v2 coastal-wtsub (synthetic stand-in),synthetic,rcp8p5,100,2026-09-07
HS-00703,SG-WL-003,wind,y2050,,absent,false,m/s,STORM v4 (synthetic stand-in),synthetic,climate-change,100,2026-09-07
HS-00704,SG-WL-003,heat_days35,y2050,18.0,scored,false,days/yr,NEX-GDDP-CMIP6 vs ERA5-Land (synthetic stand-in),synthetic,ssp585,,2026-09-07
HS-00705,SG-WL-003,pm25,y2050,16.5,measured_not_scored,true,ug/m3,GHAP PM2.5 annual mean (synthetic stand-in),synthetic,,,2026-09-07
HS-00706,SG-WL-004,flood_riverine,today,0.0,scored,false,m,Aqueduct Floods v2 riverine (synthetic stand-in),synthetic,rcp8p5,100,2026-09-07
HS-00707,SG-WL-004,flood_coastal,today,0.0,scored,false,m,Aqueduct Floods v2 coastal-wtsub (synthetic stand-in),synthetic,rcp8p5,100,2026-09-07
HS-00708,SG-WL-004,wind,today,,absent,false,m/s,STORM v4 (synthetic stand-in),synthetic,present-climate,100,2026-09-07
HS-00709,SG-WL-004,heat_days35,today,0.0,scored,false,days/yr,NEX-GDDP-CMIP6 vs ERA5-Land (synthetic stand-in),synthetic,ssp585,,2026-09-07
HS-00710,SG-WL-004,pm25,today,17.2,measured_not_scored,true,ug/m3,GHAP PM2.5 annual mean (synthetic stand-in),synthetic,,,2026-09-07
HS-00711,SG-WL-004,flood_riverine,y2030,0.0,scored,false,m,Aqueduct Floods v2 riverine (synthetic stand-in),synthetic,rcp8p5,100,2026-09-07
HS-00712,SG-WL-004,flood_coastal,y2030,0.0,scored,false,m,Aqueduct Floods v2 coastal-wtsub (synthetic stand-in),synthetic,rcp8p5,100,2026-09-07
HS-00713,SG-WL-004,wind,y2030,,absent,false,m/s,STORM v4 (synthetic stand-in),synthetic,climate-change,100,2026-09-07
HS-00714,SG-WL-004,heat_days35,y2030,5.0,scored,false,days/yr,NEX-GDDP-CMIP6 vs ERA5-Land (synthetic stand-in),synthetic,ssp585,,2026-09-07
HS-00715,SG-WL-004,pm25,y2030,17.2,measured_not_scored,true,ug/m3,GHAP PM2.5 annual mean (synthetic stand-in),synthetic,,,2026-09-07
HS-00716,SG-WL-004,flood_riverine,y2050,0.0,scored,false,m,Aqueduct Floods v2 riverine (synthetic stand-in),synthetic,rcp8p5,100,2026-09-07
HS-00717,SG-WL-004,flood_coastal,y2050,0.0,scored,false,m,Aqueduct Floods v2 coastal-wtsub (synthetic stand-in),synthetic,rcp8p5,100,2026-09-07
HS-00718,SG-WL-004,wind,y2050,,absent,false,m/s,STORM v4 (synthetic stand-in),synthetic,climate-change,100,2026-09-07
HS-00719,SG-WL-004,heat_days35,y2050,15.0,scored,false,days/yr,NEX-GDDP-CMIP6 vs ERA5-Land (synthetic stand-in),synthetic,ssp585,,2026-09-07
HS-00720,SG-WL-004,pm25,y2050,17.2,measured_not_scored,true,ug/m3,GHAP PM2.5 annual mean (synthetic stand-in),synthetic,,,2026-09-07
HS-00721,SG-WL-005,flood_riverine,today,0.0,scored,false,m,Aqueduct Floods v2 riverine (synthetic stand-in),synthetic,rcp8p5,100,2026-09-07
HS-00722,SG-WL-005,flood_coastal,today,0.0,scored,false,m,Aqueduct Floods v2 coastal-wtsub (synthetic stand-in),synthetic,rcp8p5,100,2026-09-07
HS-00723,SG-WL-005,wind,today,,absent,false,m/s,STORM v4 (synthetic stand-in),synthetic,present-climate,100,2026-09-07
HS-00724,SG-WL-005,heat_days35,today,0.0,scored,false,days/yr,NEX-GDDP-CMIP6 vs ERA5-Land (synthetic stand-in),synthetic,ssp585,,2026-09-07
HS-00725,SG-WL-005,pm25,today,17.2,measured_not_scored,true,ug/m3,GHAP PM2.5 annual mean (synthetic stand-in),synthetic,,,2026-09-07
HS-00726,SG-WL-005,flood_riverine,y2030,0.0,scored,false,m,Aqueduct Floods v2 riverine (synthetic stand-in),synthetic,rcp8p5,100,2026-09-07
HS-00727,SG-WL-005,flood_coastal,y2030,0.0,scored,false,m,Aqueduct Floods v2 coastal-wtsub (synthetic stand-in),synthetic,rcp8p5,100,2026-09-07
HS-00728,SG-WL-005,wind,y2030,,absent,false,m/s,STORM v4 (synthetic stand-in),synthetic,climate-change,100,2026-09-07
HS-00729,SG-WL-005,heat_days35,y2030,5.0,scored,false,days/yr,NEX-GDDP-CMIP6 vs ERA5-Land (synthetic stand-in),synthetic,ssp585,,2026-09-07
HS-00730,SG-WL-005,pm25,y2030,17.2,measured_not_scored,true,ug/m3,GHAP PM2.5 annual mean (synthetic stand-in),synthetic,,,2026-09-07
HS-00731,SG-WL-005,flood_riverine,y2050,0.0,scored,false,m,Aqueduct Floods v2 riverine (synthetic stand-in),synthetic,rcp8p5,100,2026-09-07
HS-00732,SG-WL-005,flood_coastal,y2050,0.0,scored,false,m,Aqueduct Floods v2 coastal-wtsub (synthetic stand-in),synthetic,rcp8p5,100,2026-09-07
HS-00733,SG-WL-005,wind,y2050,,absent,false,m/s,STORM v4 (synthetic stand-in),synthetic,climate-change,100,2026-09-07
HS-00734,SG-WL-005,heat_days35,y2050,17.0,scored,false,days/yr,NEX-GDDP-CMIP6 vs ERA5-Land (synthetic stand-in),synthetic,ssp585,,2026-09-07
HS-00735,SG-WL-005,pm25,y2050,17.2,measured_not_scored,true,ug/m3,GHAP PM2.5 annual mean (synthetic stand-in),synthetic,,,2026-09-07
HS-00736,SG-WL-006,flood_riverine,today,0.0,scored,false,m,Aqueduct Floods v2 riverine (synthetic stand-in),synthetic,rcp8p5,100,2026-09-07
HS-00737,SG-WL-006,flood_coastal,today,0.0,scored,false,m,Aqueduct Floods v2 coastal-wtsub (synthetic stand-in),synthetic,rcp8p5,100,2026-09-07
HS-00738,SG-WL-006,wind,today,,absent,false,m/s,STORM v4 (synthetic stand-in),synthetic,present-climate,100,2026-09-07
HS-00739,SG-WL-006,heat_days35,today,0.0,scored,false,days/yr,NEX-GDDP-CMIP6 vs ERA5-Land (synthetic stand-in),synthetic,ssp585,,2026-09-07
HS-00740,SG-WL-006,pm25,today,16.8,measured_not_scored,true,ug/m3,GHAP PM2.5 annual mean (synthetic stand-in),synthetic,,,2026-09-07
HS-00741,SG-WL-006,flood_riverine,y2030,0.0,scored,false,m,Aqueduct Floods v2 riverine (synthetic stand-in),synthetic,rcp8p5,100,2026-09-07
HS-00742,SG-WL-006,flood_coastal,y2030,0.0,scored,false,m,Aqueduct Floods v2 coastal-wtsub (synthetic stand-in),synthetic,rcp8p5,100,2026-09-07
HS-00743,SG-WL-006,wind,y2030,,absent,false,m/s,STORM v4 (synthetic stand-in),synthetic,climate-change,100,2026-09-07
HS-00744,SG-WL-006,heat_days35,y2030,5.0,scored,false,days/yr,NEX-GDDP-CMIP6 vs ERA5-Land (synthetic stand-in),synthetic,ssp585,,2026-09-07
HS-00745,SG-WL-006,pm25,y2030,16.8,measured_not_scored,true,ug/m3,GHAP PM2.5 annual mean (synthetic stand-in),synthetic,,,2026-09-07
HS-00746,SG-WL-006,flood_riverine,y2050,0.0,scored,false,m,Aqueduct Floods v2 riverine (synthetic stand-in),synthetic,rcp8p5,100,2026-09-07
HS-00747,SG-WL-006,flood_coastal,y2050,0.0,scored,false,m,Aqueduct Floods v2 coastal-wtsub (synthetic stand-in),synthetic,rcp8p5,100,2026-09-07
HS-00748,SG-WL-006,wind,y2050,,absent,false,m/s,STORM v4 (synthetic stand-in),synthetic,climate-change,100,2026-09-07
HS-00749,SG-WL-006,heat_days35,y2050,16.0,scored,false,days/yr,NEX-GDDP-CMIP6 vs ERA5-Land (synthetic stand-in),synthetic,ssp585,,2026-09-07
HS-00750,SG-WL-006,pm25,y2050,16.8,measured_not_scored,true,ug/m3,GHAP PM2.5 annual mean (synthetic stand-in),synthetic,,,2026-09-07
HS-00751,SG-BT-001,flood_riverine,today,0.0,scored,false,m,Aqueduct Floods v2 riverine (synthetic stand-in),synthetic,rcp8p5,100,2026-09-07
HS-00752,SG-BT-001,flood_coastal,today,0.0,scored,false,m,Aqueduct Floods v2 coastal-wtsub (synthetic stand-in),synthetic,rcp8p5,100,2026-09-07
HS-00753,SG-BT-001,wind,today,,absent,false,m/s,STORM v4 (synthetic stand-in),synthetic,present-climate,100,2026-09-07
HS-00754,SG-BT-001,heat_days35,today,0.0,scored,false,days/yr,NEX-GDDP-CMIP6 vs ERA5-Land (synthetic stand-in),synthetic,ssp585,,2026-09-07
HS-00755,SG-BT-001,pm25,today,16.0,measured_not_scored,true,ug/m3,GHAP PM2.5 annual mean (synthetic stand-in),synthetic,,,2026-09-07
HS-00756,SG-BT-001,flood_riverine,y2030,0.0,scored,false,m,Aqueduct Floods v2 riverine (synthetic stand-in),synthetic,rcp8p5,100,2026-09-07
HS-00757,SG-BT-001,flood_coastal,y2030,0.0,scored,false,m,Aqueduct Floods v2 coastal-wtsub (synthetic stand-in),synthetic,rcp8p5,100,2026-09-07
HS-00758,SG-BT-001,wind,y2030,,absent,false,m/s,STORM v4 (synthetic stand-in),synthetic,climate-change,100,2026-09-07
HS-00759,SG-BT-001,heat_days35,y2030,4.0,scored,false,days/yr,NEX-GDDP-CMIP6 vs ERA5-Land (synthetic stand-in),synthetic,ssp585,,2026-09-07
HS-00760,SG-BT-001,pm25,y2030,16.0,measured_not_scored,true,ug/m3,GHAP PM2.5 annual mean (synthetic stand-in),synthetic,,,2026-09-07
HS-00761,SG-BT-001,flood_riverine,y2050,0.0,scored,false,m,Aqueduct Floods v2 riverine (synthetic stand-in),synthetic,rcp8p5,100,2026-09-07
HS-00762,SG-BT-001,flood_coastal,y2050,0.0,scored,false,m,Aqueduct Floods v2 coastal-wtsub (synthetic stand-in),synthetic,rcp8p5,100,2026-09-07
HS-00763,SG-BT-001,wind,y2050,,absent,false,m/s,STORM v4 (synthetic stand-in),synthetic,climate-change,100,2026-09-07
HS-00764,SG-BT-001,heat_days35,y2050,15.0,scored,false,days/yr,NEX-GDDP-CMIP6 vs ERA5-Land (synthetic stand-in),synthetic,ssp585,,2026-09-07
HS-00765,SG-BT-001,pm25,y2050,16.0,measured_not_scored,true,ug/m3,GHAP PM2.5 annual mean (synthetic stand-in),synthetic,,,2026-09-07
HS-00766,SG-BT-002,flood_riverine,today,0.0,scored,false,m,Aqueduct Floods v2 riverine (synthetic stand-in),synthetic,rcp8p5,100,2026-09-07
HS-00767,SG-BT-002,flood_coastal,today,0.0,scored,false,m,Aqueduct Floods v2 coastal-wtsub (synthetic stand-in),synthetic,rcp8p5,100,2026-09-07
HS-00768,SG-BT-002,wind,today,,absent,false,m/s,STORM v4 (synthetic stand-in),synthetic,present-climate,100,2026-09-07
HS-00769,SG-BT-002,heat_days35,today,0.0,scored,false,days/yr,NEX-GDDP-CMIP6 vs ERA5-Land (synthetic stand-in),synthetic,ssp585,,2026-09-07
HS-00770,SG-BT-002,pm25,today,16.2,measured_not_scored,true,ug/m3,GHAP PM2.5 annual mean (synthetic stand-in),synthetic,,,2026-09-07
HS-00771,SG-BT-002,flood_riverine,y2030,0.0,scored,false,m,Aqueduct Floods v2 riverine (synthetic stand-in),synthetic,rcp8p5,100,2026-09-07
HS-00772,SG-BT-002,flood_coastal,y2030,0.0,scored,false,m,Aqueduct Floods v2 coastal-wtsub (synthetic stand-in),synthetic,rcp8p5,100,2026-09-07
HS-00773,SG-BT-002,wind,y2030,,absent,false,m/s,STORM v4 (synthetic stand-in),synthetic,climate-change,100,2026-09-07
HS-00774,SG-BT-002,heat_days35,y2030,4.0,scored,false,days/yr,NEX-GDDP-CMIP6 vs ERA5-Land (synthetic stand-in),synthetic,ssp585,,2026-09-07
HS-00775,SG-BT-002,pm25,y2030,16.2,measured_not_scored,true,ug/m3,GHAP PM2.5 annual mean (synthetic stand-in),synthetic,,,2026-09-07
HS-00776,SG-BT-002,flood_riverine,y2050,0.0,scored,false,m,Aqueduct Floods v2 riverine (synthetic stand-in),synthetic,rcp8p5,100,2026-09-07
HS-00777,SG-BT-002,flood_coastal,y2050,0.0,scored,false,m,Aqueduct Floods v2 coastal-wtsub (synthetic stand-in),synthetic,rcp8p5,100,2026-09-07
HS-00778,SG-BT-002,wind,y2050,,absent,false,m/s,STORM v4 (synthetic stand-in),synthetic,climate-change,100,2026-09-07
HS-00779,SG-BT-002,heat_days35,y2050,16.0,scored,false,days/yr,NEX-GDDP-CMIP6 vs ERA5-Land (synthetic stand-in),synthetic,ssp585,,2026-09-07
HS-00780,SG-BT-002,pm25,y2050,16.2,measured_not_scored,true,ug/m3,GHAP PM2.5 annual mean (synthetic stand-in),synthetic,,,2026-09-07
HS-00781,SG-BT-003,flood_riverine,today,0.0,scored,false,m,Aqueduct Floods v2 riverine (synthetic stand-in),synthetic,rcp8p5,100,2026-09-07
HS-00782,SG-BT-003,flood_coastal,today,0.0,scored,false,m,Aqueduct Floods v2 coastal-wtsub (synthetic stand-in),synthetic,rcp8p5,100,2026-09-07
HS-00783,SG-BT-003,wind,today,,absent,false,m/s,STORM v4 (synthetic stand-in),synthetic,present-climate,100,2026-09-07
HS-00784,SG-BT-003,heat_days35,today,0.0,scored,false,days/yr,NEX-GDDP-CMIP6 vs ERA5-Land (synthetic stand-in),synthetic,ssp585,,2026-09-07
HS-00785,SG-BT-003,pm25,today,15.6,measured_not_scored,true,ug/m3,GHAP PM2.5 annual mean (synthetic stand-in),synthetic,,,2026-09-07
HS-00786,SG-BT-003,flood_riverine,y2030,0.0,scored,false,m,Aqueduct Floods v2 riverine (synthetic stand-in),synthetic,rcp8p5,100,2026-09-07
HS-00787,SG-BT-003,flood_coastal,y2030,0.0,scored,false,m,Aqueduct Floods v2 coastal-wtsub (synthetic stand-in),synthetic,rcp8p5,100,2026-09-07
HS-00788,SG-BT-003,wind,y2030,,absent,false,m/s,STORM v4 (synthetic stand-in),synthetic,climate-change,100,2026-09-07
HS-00789,SG-BT-003,heat_days35,y2030,5.0,scored,false,days/yr,NEX-GDDP-CMIP6 vs ERA5-Land (synthetic stand-in),synthetic,ssp585,,2026-09-07
HS-00790,SG-BT-003,pm25,y2030,15.6,measured_not_scored,true,ug/m3,GHAP PM2.5 annual mean (synthetic stand-in),synthetic,,,2026-09-07
HS-00791,SG-BT-003,flood_riverine,y2050,0.0,scored,false,m,Aqueduct Floods v2 riverine (synthetic stand-in),synthetic,rcp8p5,100,2026-09-07
HS-00792,SG-BT-003,flood_coastal,y2050,0.0,scored,false,m,Aqueduct Floods v2 coastal-wtsub (synthetic stand-in),synthetic,rcp8p5,100,2026-09-07
HS-00793,SG-BT-003,wind,y2050,,absent,false,m/s,STORM v4 (synthetic stand-in),synthetic,climate-change,100,2026-09-07
HS-00794,SG-BT-003,heat_days35,y2050,18.0,scored,false,days/yr,NEX-GDDP-CMIP6 vs ERA5-Land (synthetic stand-in),synthetic,ssp585,,2026-09-07
HS-00795,SG-BT-003,pm25,y2050,15.6,measured_not_scored,true,ug/m3,GHAP PM2.5 annual mean (synthetic stand-in),synthetic,,,2026-09-07
HS-00796,SG-BT-004,flood_riverine,today,0.0,scored,false,m,Aqueduct Floods v2 riverine (synthetic stand-in),synthetic,rcp8p5,100,2026-09-07
HS-00797,SG-BT-004,flood_coastal,today,0.0,scored,false,m,Aqueduct Floods v2 coastal-wtsub (synthetic stand-in),synthetic,rcp8p5,100,2026-09-07
HS-00798,SG-BT-004,wind,today,,absent,false,m/s,STORM v4 (synthetic stand-in),synthetic,present-climate,100,2026-09-07
HS-00799,SG-BT-004,heat_days35,today,0.0,scored,false,days/yr,NEX-GDDP-CMIP6 vs ERA5-Land (synthetic stand-in),synthetic,ssp585,,2026-09-07
HS-00800,SG-BT-004,pm25,today,16.0,measured_not_scored,true,ug/m3,GHAP PM2.5 annual mean (synthetic stand-in),synthetic,,,2026-09-07
HS-00801,SG-BT-004,flood_riverine,y2030,0.0,scored,false,m,Aqueduct Floods v2 riverine (synthetic stand-in),synthetic,rcp8p5,100,2026-09-07
HS-00802,SG-BT-004,flood_coastal,y2030,0.0,scored,false,m,Aqueduct Floods v2 coastal-wtsub (synthetic stand-in),synthetic,rcp8p5,100,2026-09-07
HS-00803,SG-BT-004,wind,y2030,,absent,false,m/s,STORM v4 (synthetic stand-in),synthetic,climate-change,100,2026-09-07
HS-00804,SG-BT-004,heat_days35,y2030,5.0,scored,false,days/yr,NEX-GDDP-CMIP6 vs ERA5-Land (synthetic stand-in),synthetic,ssp585,,2026-09-07
HS-00805,SG-BT-004,pm25,y2030,16.0,measured_not_scored,true,ug/m3,GHAP PM2.5 annual mean (synthetic stand-in),synthetic,,,2026-09-07
HS-00806,SG-BT-004,flood_riverine,y2050,0.0,scored,false,m,Aqueduct Floods v2 riverine (synthetic stand-in),synthetic,rcp8p5,100,2026-09-07
HS-00807,SG-BT-004,flood_coastal,y2050,0.0,scored,false,m,Aqueduct Floods v2 coastal-wtsub (synthetic stand-in),synthetic,rcp8p5,100,2026-09-07
HS-00808,SG-BT-004,wind,y2050,,absent,false,m/s,STORM v4 (synthetic stand-in),synthetic,climate-change,100,2026-09-07
HS-00809,SG-BT-004,heat_days35,y2050,17.0,scored,false,days/yr,NEX-GDDP-CMIP6 vs ERA5-Land (synthetic stand-in),synthetic,ssp585,,2026-09-07
HS-00810,SG-BT-004,pm25,y2050,16.0,measured_not_scored,true,ug/m3,GHAP PM2.5 annual mean (synthetic stand-in),synthetic,,,2026-09-07
HS-00811,SG-BT-005,flood_riverine,today,0.0,scored,false,m,Aqueduct Floods v2 riverine (synthetic stand-in),synthetic,rcp8p5,100,2026-09-07
HS-00812,SG-BT-005,flood_coastal,today,0.0,scored,false,m,Aqueduct Floods v2 coastal-wtsub (synthetic stand-in),synthetic,rcp8p5,100,2026-09-07
HS-00813,SG-BT-005,wind,today,,absent,false,m/s,STORM v4 (synthetic stand-in),synthetic,present-climate,100,2026-09-07
HS-00814,SG-BT-005,heat_days35,today,0.0,scored,false,days/yr,NEX-GDDP-CMIP6 vs ERA5-Land (synthetic stand-in),synthetic,ssp585,,2026-09-07
HS-00815,SG-BT-005,pm25,today,15.5,measured_not_scored,true,ug/m3,GHAP PM2.5 annual mean (synthetic stand-in),synthetic,,,2026-09-07
HS-00816,SG-BT-005,flood_riverine,y2030,0.0,scored,false,m,Aqueduct Floods v2 riverine (synthetic stand-in),synthetic,rcp8p5,100,2026-09-07
HS-00817,SG-BT-005,flood_coastal,y2030,0.0,scored,false,m,Aqueduct Floods v2 coastal-wtsub (synthetic stand-in),synthetic,rcp8p5,100,2026-09-07
HS-00818,SG-BT-005,wind,y2030,,absent,false,m/s,STORM v4 (synthetic stand-in),synthetic,climate-change,100,2026-09-07
HS-00819,SG-BT-005,heat_days35,y2030,5.0,scored,false,days/yr,NEX-GDDP-CMIP6 vs ERA5-Land (synthetic stand-in),synthetic,ssp585,,2026-09-07
HS-00820,SG-BT-005,pm25,y2030,15.5,measured_not_scored,true,ug/m3,GHAP PM2.5 annual mean (synthetic stand-in),synthetic,,,2026-09-07
HS-00821,SG-BT-005,flood_riverine,y2050,0.0,scored,false,m,Aqueduct Floods v2 riverine (synthetic stand-in),synthetic,rcp8p5,100,2026-09-07
HS-00822,SG-BT-005,flood_coastal,y2050,0.0,scored,false,m,Aqueduct Floods v2 coastal-wtsub (synthetic stand-in),synthetic,rcp8p5,100,2026-09-07
HS-00823,SG-BT-005,wind,y2050,,absent,false,m/s,STORM v4 (synthetic stand-in),synthetic,climate-change,100,2026-09-07
HS-00824,SG-BT-005,heat_days35,y2050,16.0,scored,false,days/yr,NEX-GDDP-CMIP6 vs ERA5-Land (synthetic stand-in),synthetic,ssp585,,2026-09-07
HS-00825,SG-BT-005,pm25,y2050,15.5,measured_not_scored,true,ug/m3,GHAP PM2.5 annual mean (synthetic stand-in),synthetic,,,2026-09-07
HS-00826,SG-BT-006,flood_riverine,today,0.0,scored,false,m,Aqueduct Floods v2 riverine (synthetic stand-in),synthetic,rcp8p5,100,2026-09-07
HS-00827,SG-BT-006,flood_coastal,today,0.0,scored,false,m,Aqueduct Floods v2 coastal-wtsub (synthetic stand-in),synthetic,rcp8p5,100,2026-09-07
HS-00828,SG-BT-006,wind,today,,absent,false,m/s,STORM v4 (synthetic stand-in),synthetic,present-climate,100,2026-09-07
HS-00829,SG-BT-006,heat_days35,today,0.0,scored,false,days/yr,NEX-GDDP-CMIP6 vs ERA5-Land (synthetic stand-in),synthetic,ssp585,,2026-09-07
HS-00830,SG-BT-006,pm25,today,15.8,measured_not_scored,true,ug/m3,GHAP PM2.5 annual mean (synthetic stand-in),synthetic,,,2026-09-07
HS-00831,SG-BT-006,flood_riverine,y2030,0.0,scored,false,m,Aqueduct Floods v2 riverine (synthetic stand-in),synthetic,rcp8p5,100,2026-09-07
HS-00832,SG-BT-006,flood_coastal,y2030,0.0,scored,false,m,Aqueduct Floods v2 coastal-wtsub (synthetic stand-in),synthetic,rcp8p5,100,2026-09-07
HS-00833,SG-BT-006,wind,y2030,,absent,false,m/s,STORM v4 (synthetic stand-in),synthetic,climate-change,100,2026-09-07
HS-00834,SG-BT-006,heat_days35,y2030,5.0,scored,false,days/yr,NEX-GDDP-CMIP6 vs ERA5-Land (synthetic stand-in),synthetic,ssp585,,2026-09-07
HS-00835,SG-BT-006,pm25,y2030,15.8,measured_not_scored,true,ug/m3,GHAP PM2.5 annual mean (synthetic stand-in),synthetic,,,2026-09-07
HS-00836,SG-BT-006,flood_riverine,y2050,0.0,scored,false,m,Aqueduct Floods v2 riverine (synthetic stand-in),synthetic,rcp8p5,100,2026-09-07
HS-00837,SG-BT-006,flood_coastal,y2050,0.0,scored,false,m,Aqueduct Floods v2 coastal-wtsub (synthetic stand-in),synthetic,rcp8p5,100,2026-09-07
HS-00838,SG-BT-006,wind,y2050,,absent,false,m/s,STORM v4 (synthetic stand-in),synthetic,climate-change,100,2026-09-07
HS-00839,SG-BT-006,heat_days35,y2050,18.0,scored,false,days/yr,NEX-GDDP-CMIP6 vs ERA5-Land (synthetic stand-in),synthetic,ssp585,,2026-09-07
HS-00840,SG-BT-006,pm25,y2050,15.8,measured_not_scored,true,ug/m3,GHAP PM2.5 annual mean (synthetic stand-in),synthetic,,,2026-09-07
HS-00841,SG-BT-007,flood_riverine,today,0.0,scored,false,m,Aqueduct Floods v2 riverine (synthetic stand-in),synthetic,rcp8p5,100,2026-09-07
HS-00842,SG-BT-007,flood_coastal,today,0.0,scored,false,m,Aqueduct Floods v2 coastal-wtsub (synthetic stand-in),synthetic,rcp8p5,100,2026-09-07
HS-00843,SG-BT-007,wind,today,,absent,false,m/s,STORM v4 (synthetic stand-in),synthetic,present-climate,100,2026-09-07
HS-00844,SG-BT-007,heat_days35,today,0.0,scored,false,days/yr,NEX-GDDP-CMIP6 vs ERA5-Land (synthetic stand-in),synthetic,ssp585,,2026-09-07
HS-00845,SG-BT-007,pm25,today,15.5,measured_not_scored,true,ug/m3,GHAP PM2.5 annual mean (synthetic stand-in),synthetic,,,2026-09-07
HS-00846,SG-BT-007,flood_riverine,y2030,0.0,scored,false,m,Aqueduct Floods v2 riverine (synthetic stand-in),synthetic,rcp8p5,100,2026-09-07
HS-00847,SG-BT-007,flood_coastal,y2030,0.0,scored,false,m,Aqueduct Floods v2 coastal-wtsub (synthetic stand-in),synthetic,rcp8p5,100,2026-09-07
HS-00848,SG-BT-007,wind,y2030,,absent,false,m/s,STORM v4 (synthetic stand-in),synthetic,climate-change,100,2026-09-07
HS-00849,SG-BT-007,heat_days35,y2030,6.0,scored,false,days/yr,NEX-GDDP-CMIP6 vs ERA5-Land (synthetic stand-in),synthetic,ssp585,,2026-09-07
HS-00850,SG-BT-007,pm25,y2030,15.5,measured_not_scored,true,ug/m3,GHAP PM2.5 annual mean (synthetic stand-in),synthetic,,,2026-09-07
HS-00851,SG-BT-007,flood_riverine,y2050,0.0,scored,false,m,Aqueduct Floods v2 riverine (synthetic stand-in),synthetic,rcp8p5,100,2026-09-07
HS-00852,SG-BT-007,flood_coastal,y2050,0.0,scored,false,m,Aqueduct Floods v2 coastal-wtsub (synthetic stand-in),synthetic,rcp8p5,100,2026-09-07
HS-00853,SG-BT-007,wind,y2050,,absent,false,m/s,STORM v4 (synthetic stand-in),synthetic,climate-change,100,2026-09-07
HS-00854,SG-BT-007,heat_days35,y2050,18.0,scored,false,days/yr,NEX-GDDP-CMIP6 vs ERA5-Land (synthetic stand-in),synthetic,ssp585,,2026-09-07
HS-00855,SG-BT-007,pm25,y2050,15.5,measured_not_scored,true,ug/m3,GHAP PM2.5 annual mean (synthetic stand-in),synthetic,,,2026-09-07
HS-00856,SG-BT-008,flood_riverine,today,0.0,scored,false,m,Aqueduct Floods v2 riverine (synthetic stand-in),synthetic,rcp8p5,100,2026-09-07
HS-00857,SG-BT-008,flood_coastal,today,0.0,scored,false,m,Aqueduct Floods v2 coastal-wtsub (synthetic stand-in),synthetic,rcp8p5,100,2026-09-07
HS-00858,SG-BT-008,wind,today,,absent,false,m/s,STORM v4 (synthetic stand-in),synthetic,present-climate,100,2026-09-07
HS-00859,SG-BT-008,heat_days35,today,0.0,scored,false,days/yr,NEX-GDDP-CMIP6 vs ERA5-Land (synthetic stand-in),synthetic,ssp585,,2026-09-07
HS-00860,SG-BT-008,pm25,today,15.7,measured_not_scored,true,ug/m3,GHAP PM2.5 annual mean (synthetic stand-in),synthetic,,,2026-09-07
HS-00861,SG-BT-008,flood_riverine,y2030,0.0,scored,false,m,Aqueduct Floods v2 riverine (synthetic stand-in),synthetic,rcp8p5,100,2026-09-07
HS-00862,SG-BT-008,flood_coastal,y2030,0.0,scored,false,m,Aqueduct Floods v2 coastal-wtsub (synthetic stand-in),synthetic,rcp8p5,100,2026-09-07
HS-00863,SG-BT-008,wind,y2030,,absent,false,m/s,STORM v4 (synthetic stand-in),synthetic,climate-change,100,2026-09-07
HS-00864,SG-BT-008,heat_days35,y2030,5.0,scored,false,days/yr,NEX-GDDP-CMIP6 vs ERA5-Land (synthetic stand-in),synthetic,ssp585,,2026-09-07
HS-00865,SG-BT-008,pm25,y2030,15.7,measured_not_scored,true,ug/m3,GHAP PM2.5 annual mean (synthetic stand-in),synthetic,,,2026-09-07
HS-00866,SG-BT-008,flood_riverine,y2050,0.0,scored,false,m,Aqueduct Floods v2 riverine (synthetic stand-in),synthetic,rcp8p5,100,2026-09-07
HS-00867,SG-BT-008,flood_coastal,y2050,0.0,scored,false,m,Aqueduct Floods v2 coastal-wtsub (synthetic stand-in),synthetic,rcp8p5,100,2026-09-07
HS-00868,SG-BT-008,wind,y2050,,absent,false,m/s,STORM v4 (synthetic stand-in),synthetic,climate-change,100,2026-09-07
HS-00869,SG-BT-008,heat_days35,y2050,16.0,scored,false,days/yr,NEX-GDDP-CMIP6 vs ERA5-Land (synthetic stand-in),synthetic,ssp585,,2026-09-07
HS-00870,SG-BT-008,pm25,y2050,15.7,measured_not_scored,true,ug/m3,GHAP PM2.5 annual mean (synthetic stand-in),synthetic,,,2026-09-07
HS-00871,SG-BT-009,flood_riverine,today,0.0,scored,false,m,Aqueduct Floods v2 riverine (synthetic stand-in),synthetic,rcp8p5,100,2026-09-07
HS-00872,SG-BT-009,flood_coastal,today,0.0,scored,false,m,Aqueduct Floods v2 coastal-wtsub (synthetic stand-in),synthetic,rcp8p5,100,2026-09-07
HS-00873,SG-BT-009,wind,today,,absent,false,m/s,STORM v4 (synthetic stand-in),synthetic,present-climate,100,2026-09-07
HS-00874,SG-BT-009,heat_days35,today,0.0,scored,false,days/yr,NEX-GDDP-CMIP6 vs ERA5-Land (synthetic stand-in),synthetic,ssp585,,2026-09-07
HS-00875,SG-BT-009,pm25,today,16.3,measured_not_scored,true,ug/m3,GHAP PM2.5 annual mean (synthetic stand-in),synthetic,,,2026-09-07
HS-00876,SG-BT-009,flood_riverine,y2030,0.0,scored,false,m,Aqueduct Floods v2 riverine (synthetic stand-in),synthetic,rcp8p5,100,2026-09-07
HS-00877,SG-BT-009,flood_coastal,y2030,0.0,scored,false,m,Aqueduct Floods v2 coastal-wtsub (synthetic stand-in),synthetic,rcp8p5,100,2026-09-07
HS-00878,SG-BT-009,wind,y2030,,absent,false,m/s,STORM v4 (synthetic stand-in),synthetic,climate-change,100,2026-09-07
HS-00879,SG-BT-009,heat_days35,y2030,4.0,scored,false,days/yr,NEX-GDDP-CMIP6 vs ERA5-Land (synthetic stand-in),synthetic,ssp585,,2026-09-07
HS-00880,SG-BT-009,pm25,y2030,16.3,measured_not_scored,true,ug/m3,GHAP PM2.5 annual mean (synthetic stand-in),synthetic,,,2026-09-07
HS-00881,SG-BT-009,flood_riverine,y2050,0.0,scored,false,m,Aqueduct Floods v2 riverine (synthetic stand-in),synthetic,rcp8p5,100,2026-09-07
HS-00882,SG-BT-009,flood_coastal,y2050,0.0,scored,false,m,Aqueduct Floods v2 coastal-wtsub (synthetic stand-in),synthetic,rcp8p5,100,2026-09-07
HS-00883,SG-BT-009,wind,y2050,,absent,false,m/s,STORM v4 (synthetic stand-in),synthetic,climate-change,100,2026-09-07
HS-00884,SG-BT-009,heat_days35,y2050,15.0,scored,false,days/yr,NEX-GDDP-CMIP6 vs ERA5-Land (synthetic stand-in),synthetic,ssp585,,2026-09-07
HS-00885,SG-BT-009,pm25,y2050,16.3,measured_not_scored,true,ug/m3,GHAP PM2.5 annual mean (synthetic stand-in),synthetic,,,2026-09-07
HS-00886,SG-BT-010,flood_riverine,today,0.0,scored,false,m,Aqueduct Floods v2 riverine (synthetic stand-in),synthetic,rcp8p5,100,2026-09-07
HS-00887,SG-BT-010,flood_coastal,today,0.0,scored,false,m,Aqueduct Floods v2 coastal-wtsub (synthetic stand-in),synthetic,rcp8p5,100,2026-09-07
HS-00888,SG-BT-010,wind,today,,absent,false,m/s,STORM v4 (synthetic stand-in),synthetic,present-climate,100,2026-09-07
HS-00889,SG-BT-010,heat_days35,today,0.0,scored,false,days/yr,NEX-GDDP-CMIP6 vs ERA5-Land (synthetic stand-in),synthetic,ssp585,,2026-09-07
HS-00890,SG-BT-010,pm25,today,16.5,measured_not_scored,true,ug/m3,GHAP PM2.5 annual mean (synthetic stand-in),synthetic,,,2026-09-07
HS-00891,SG-BT-010,flood_riverine,y2030,0.0,scored,false,m,Aqueduct Floods v2 riverine (synthetic stand-in),synthetic,rcp8p5,100,2026-09-07
HS-00892,SG-BT-010,flood_coastal,y2030,0.0,scored,false,m,Aqueduct Floods v2 coastal-wtsub (synthetic stand-in),synthetic,rcp8p5,100,2026-09-07
HS-00893,SG-BT-010,wind,y2030,,absent,false,m/s,STORM v4 (synthetic stand-in),synthetic,climate-change,100,2026-09-07
HS-00894,SG-BT-010,heat_days35,y2030,5.0,scored,false,days/yr,NEX-GDDP-CMIP6 vs ERA5-Land (synthetic stand-in),synthetic,ssp585,,2026-09-07
HS-00895,SG-BT-010,pm25,y2030,16.5,measured_not_scored,true,ug/m3,GHAP PM2.5 annual mean (synthetic stand-in),synthetic,,,2026-09-07
HS-00896,SG-BT-010,flood_riverine,y2050,0.0,scored,false,m,Aqueduct Floods v2 riverine (synthetic stand-in),synthetic,rcp8p5,100,2026-09-07
HS-00897,SG-BT-010,flood_coastal,y2050,0.0,scored,false,m,Aqueduct Floods v2 coastal-wtsub (synthetic stand-in),synthetic,rcp8p5,100,2026-09-07
HS-00898,SG-BT-010,wind,y2050,,absent,false,m/s,STORM v4 (synthetic stand-in),synthetic,climate-change,100,2026-09-07
HS-00899,SG-BT-010,heat_days35,y2050,17.0,scored,false,days/yr,NEX-GDDP-CMIP6 vs ERA5-Land (synthetic stand-in),synthetic,ssp585,,2026-09-07
HS-00900,SG-BT-010,pm25,y2050,16.5,measured_not_scored,true,ug/m3,GHAP PM2.5 annual mean (synthetic stand-in),synthetic,,,2026-09-07
HS-00901,MY-SA-001,flood_riverine,today,0.0,scored,false,m,Aqueduct Floods v2 riverine (synthetic stand-in),synthetic,rcp8p5,100,2026-09-07
HS-00902,MY-SA-001,flood_coastal,today,0.0,scored,false,m,Aqueduct Floods v2 coastal-wtsub (synthetic stand-in),synthetic,rcp8p5,100,2026-09-07
HS-00903,MY-SA-001,wind,today,,absent,false,m/s,STORM v4 (synthetic stand-in),synthetic,present-climate,100,2026-09-07
HS-00904,MY-SA-001,heat_days35,today,0.0,scored,false,days/yr,NEX-GDDP-CMIP6 vs ERA5-Land (synthetic stand-in),synthetic,ssp585,,2026-09-07
HS-00905,MY-SA-001,pm25,today,25.7,measured_not_scored,true,ug/m3,GHAP PM2.5 annual mean (synthetic stand-in),synthetic,,,2026-09-07
HS-00906,MY-SA-001,flood_riverine,y2030,0.0,scored,false,m,Aqueduct Floods v2 riverine (synthetic stand-in),synthetic,rcp8p5,100,2026-09-07
HS-00907,MY-SA-001,flood_coastal,y2030,0.0,scored,false,m,Aqueduct Floods v2 coastal-wtsub (synthetic stand-in),synthetic,rcp8p5,100,2026-09-07
HS-00908,MY-SA-001,wind,y2030,,absent,false,m/s,STORM v4 (synthetic stand-in),synthetic,climate-change,100,2026-09-07
HS-00909,MY-SA-001,heat_days35,y2030,4.0,scored,false,days/yr,NEX-GDDP-CMIP6 vs ERA5-Land (synthetic stand-in),synthetic,ssp585,,2026-09-07
HS-00910,MY-SA-001,pm25,y2030,25.7,measured_not_scored,true,ug/m3,GHAP PM2.5 annual mean (synthetic stand-in),synthetic,,,2026-09-07
HS-00911,MY-SA-001,flood_riverine,y2050,0.0,scored,false,m,Aqueduct Floods v2 riverine (synthetic stand-in),synthetic,rcp8p5,100,2026-09-07
HS-00912,MY-SA-001,flood_coastal,y2050,0.0,scored,false,m,Aqueduct Floods v2 coastal-wtsub (synthetic stand-in),synthetic,rcp8p5,100,2026-09-07
HS-00913,MY-SA-001,wind,y2050,,absent,false,m/s,STORM v4 (synthetic stand-in),synthetic,climate-change,100,2026-09-07
HS-00914,MY-SA-001,heat_days35,y2050,16.0,scored,false,days/yr,NEX-GDDP-CMIP6 vs ERA5-Land (synthetic stand-in),synthetic,ssp585,,2026-09-07
HS-00915,MY-SA-001,pm25,y2050,25.7,measured_not_scored,true,ug/m3,GHAP PM2.5 annual mean (synthetic stand-in),synthetic,,,2026-09-07
HS-00916,MY-SA-002,flood_riverine,today,0.0,scored,false,m,Aqueduct Floods v2 riverine (synthetic stand-in),synthetic,rcp8p5,100,2026-09-07
HS-00917,MY-SA-002,flood_coastal,today,0.0,scored,false,m,Aqueduct Floods v2 coastal-wtsub (synthetic stand-in),synthetic,rcp8p5,100,2026-09-07
HS-00918,MY-SA-002,wind,today,,absent,false,m/s,STORM v4 (synthetic stand-in),synthetic,present-climate,100,2026-09-07
HS-00919,MY-SA-002,heat_days35,today,0.0,scored,false,days/yr,NEX-GDDP-CMIP6 vs ERA5-Land (synthetic stand-in),synthetic,ssp585,,2026-09-07
HS-00920,MY-SA-002,pm25,today,24.9,measured_not_scored,true,ug/m3,GHAP PM2.5 annual mean (synthetic stand-in),synthetic,,,2026-09-07
HS-00921,MY-SA-002,flood_riverine,y2030,0.0,scored,false,m,Aqueduct Floods v2 riverine (synthetic stand-in),synthetic,rcp8p5,100,2026-09-07
HS-00922,MY-SA-002,flood_coastal,y2030,0.0,scored,false,m,Aqueduct Floods v2 coastal-wtsub (synthetic stand-in),synthetic,rcp8p5,100,2026-09-07
HS-00923,MY-SA-002,wind,y2030,,absent,false,m/s,STORM v4 (synthetic stand-in),synthetic,climate-change,100,2026-09-07
HS-00924,MY-SA-002,heat_days35,y2030,5.0,scored,false,days/yr,NEX-GDDP-CMIP6 vs ERA5-Land (synthetic stand-in),synthetic,ssp585,,2026-09-07
HS-00925,MY-SA-002,pm25,y2030,24.9,measured_not_scored,true,ug/m3,GHAP PM2.5 annual mean (synthetic stand-in),synthetic,,,2026-09-07
HS-00926,MY-SA-002,flood_riverine,y2050,0.0,scored,false,m,Aqueduct Floods v2 riverine (synthetic stand-in),synthetic,rcp8p5,100,2026-09-07
HS-00927,MY-SA-002,flood_coastal,y2050,0.0,scored,false,m,Aqueduct Floods v2 coastal-wtsub (synthetic stand-in),synthetic,rcp8p5,100,2026-09-07
HS-00928,MY-SA-002,wind,y2050,,absent,false,m/s,STORM v4 (synthetic stand-in),synthetic,climate-change,100,2026-09-07
HS-00929,MY-SA-002,heat_days35,y2050,18.0,scored,false,days/yr,NEX-GDDP-CMIP6 vs ERA5-Land (synthetic stand-in),synthetic,ssp585,,2026-09-07
HS-00930,MY-SA-002,pm25,y2050,24.9,measured_not_scored,true,ug/m3,GHAP PM2.5 annual mean (synthetic stand-in),synthetic,,,2026-09-07
HS-00931,MY-SA-003,flood_riverine,today,0.0,scored,false,m,Aqueduct Floods v2 riverine (synthetic stand-in),synthetic,rcp8p5,100,2026-09-07
HS-00932,MY-SA-003,flood_coastal,today,0.0,scored,false,m,Aqueduct Floods v2 coastal-wtsub (synthetic stand-in),synthetic,rcp8p5,100,2026-09-07
HS-00933,MY-SA-003,wind,today,,absent,false,m/s,STORM v4 (synthetic stand-in),synthetic,present-climate,100,2026-09-07
HS-00934,MY-SA-003,heat_days35,today,0.0,scored,false,days/yr,NEX-GDDP-CMIP6 vs ERA5-Land (synthetic stand-in),synthetic,ssp585,,2026-09-07
HS-00935,MY-SA-003,pm25,today,24.6,measured_not_scored,true,ug/m3,GHAP PM2.5 annual mean (synthetic stand-in),synthetic,,,2026-09-07
HS-00936,MY-SA-003,flood_riverine,y2030,0.0,scored,false,m,Aqueduct Floods v2 riverine (synthetic stand-in),synthetic,rcp8p5,100,2026-09-07
HS-00937,MY-SA-003,flood_coastal,y2030,0.0,scored,false,m,Aqueduct Floods v2 coastal-wtsub (synthetic stand-in),synthetic,rcp8p5,100,2026-09-07
HS-00938,MY-SA-003,wind,y2030,,absent,false,m/s,STORM v4 (synthetic stand-in),synthetic,climate-change,100,2026-09-07
HS-00939,MY-SA-003,heat_days35,y2030,6.0,scored,false,days/yr,NEX-GDDP-CMIP6 vs ERA5-Land (synthetic stand-in),synthetic,ssp585,,2026-09-07
HS-00940,MY-SA-003,pm25,y2030,24.6,measured_not_scored,true,ug/m3,GHAP PM2.5 annual mean (synthetic stand-in),synthetic,,,2026-09-07
HS-00941,MY-SA-003,flood_riverine,y2050,0.0,scored,false,m,Aqueduct Floods v2 riverine (synthetic stand-in),synthetic,rcp8p5,100,2026-09-07
HS-00942,MY-SA-003,flood_coastal,y2050,0.0,scored,false,m,Aqueduct Floods v2 coastal-wtsub (synthetic stand-in),synthetic,rcp8p5,100,2026-09-07
HS-00943,MY-SA-003,wind,y2050,,absent,false,m/s,STORM v4 (synthetic stand-in),synthetic,climate-change,100,2026-09-07
HS-00944,MY-SA-003,heat_days35,y2050,19.0,scored,false,days/yr,NEX-GDDP-CMIP6 vs ERA5-Land (synthetic stand-in),synthetic,ssp585,,2026-09-07
HS-00945,MY-SA-003,pm25,y2050,24.6,measured_not_scored,true,ug/m3,GHAP PM2.5 annual mean (synthetic stand-in),synthetic,,,2026-09-07
HS-00946,MY-SA-004,flood_riverine,today,0.0,scored,false,m,Aqueduct Floods v2 riverine (synthetic stand-in),synthetic,rcp8p5,100,2026-09-07
HS-00947,MY-SA-004,flood_coastal,today,0.0,scored,false,m,Aqueduct Floods v2 coastal-wtsub (synthetic stand-in),synthetic,rcp8p5,100,2026-09-07
HS-00948,MY-SA-004,wind,today,,absent,false,m/s,STORM v4 (synthetic stand-in),synthetic,present-climate,100,2026-09-07
HS-00949,MY-SA-004,heat_days35,today,0.0,scored,false,days/yr,NEX-GDDP-CMIP6 vs ERA5-Land (synthetic stand-in),synthetic,ssp585,,2026-09-07
HS-00950,MY-SA-004,pm25,today,24.5,measured_not_scored,true,ug/m3,GHAP PM2.5 annual mean (synthetic stand-in),synthetic,,,2026-09-07
HS-00951,MY-SA-004,flood_riverine,y2030,0.0,scored,false,m,Aqueduct Floods v2 riverine (synthetic stand-in),synthetic,rcp8p5,100,2026-09-07
HS-00952,MY-SA-004,flood_coastal,y2030,0.0,scored,false,m,Aqueduct Floods v2 coastal-wtsub (synthetic stand-in),synthetic,rcp8p5,100,2026-09-07
HS-00953,MY-SA-004,wind,y2030,,absent,false,m/s,STORM v4 (synthetic stand-in),synthetic,climate-change,100,2026-09-07
HS-00954,MY-SA-004,heat_days35,y2030,5.0,scored,false,days/yr,NEX-GDDP-CMIP6 vs ERA5-Land (synthetic stand-in),synthetic,ssp585,,2026-09-07
HS-00955,MY-SA-004,pm25,y2030,24.5,measured_not_scored,true,ug/m3,GHAP PM2.5 annual mean (synthetic stand-in),synthetic,,,2026-09-07
HS-00956,MY-SA-004,flood_riverine,y2050,0.0,scored,false,m,Aqueduct Floods v2 riverine (synthetic stand-in),synthetic,rcp8p5,100,2026-09-07
HS-00957,MY-SA-004,flood_coastal,y2050,0.0,scored,false,m,Aqueduct Floods v2 coastal-wtsub (synthetic stand-in),synthetic,rcp8p5,100,2026-09-07
HS-00958,MY-SA-004,wind,y2050,,absent,false,m/s,STORM v4 (synthetic stand-in),synthetic,climate-change,100,2026-09-07
HS-00959,MY-SA-004,heat_days35,y2050,16.0,scored,false,days/yr,NEX-GDDP-CMIP6 vs ERA5-Land (synthetic stand-in),synthetic,ssp585,,2026-09-07
HS-00960,MY-SA-004,pm25,y2050,24.5,measured_not_scored,true,ug/m3,GHAP PM2.5 annual mean (synthetic stand-in),synthetic,,,2026-09-07
HS-00961,MY-SA-005,flood_riverine,today,0.0,scored,false,m,Aqueduct Floods v2 riverine (synthetic stand-in),synthetic,rcp8p5,100,2026-09-07
HS-00962,MY-SA-005,flood_coastal,today,0.0,scored,false,m,Aqueduct Floods v2 coastal-wtsub (synthetic stand-in),synthetic,rcp8p5,100,2026-09-07
HS-00963,MY-SA-005,wind,today,,absent,false,m/s,STORM v4 (synthetic stand-in),synthetic,present-climate,100,2026-09-07
HS-00964,MY-SA-005,heat_days35,today,0.0,scored,false,days/yr,NEX-GDDP-CMIP6 vs ERA5-Land (synthetic stand-in),synthetic,ssp585,,2026-09-07
HS-00965,MY-SA-005,pm25,today,24.5,measured_not_scored,true,ug/m3,GHAP PM2.5 annual mean (synthetic stand-in),synthetic,,,2026-09-07
HS-00966,MY-SA-005,flood_riverine,y2030,0.0,scored,false,m,Aqueduct Floods v2 riverine (synthetic stand-in),synthetic,rcp8p5,100,2026-09-07
HS-00967,MY-SA-005,flood_coastal,y2030,0.0,scored,false,m,Aqueduct Floods v2 coastal-wtsub (synthetic stand-in),synthetic,rcp8p5,100,2026-09-07
HS-00968,MY-SA-005,wind,y2030,,absent,false,m/s,STORM v4 (synthetic stand-in),synthetic,climate-change,100,2026-09-07
HS-00969,MY-SA-005,heat_days35,y2030,6.0,scored,false,days/yr,NEX-GDDP-CMIP6 vs ERA5-Land (synthetic stand-in),synthetic,ssp585,,2026-09-07
HS-00970,MY-SA-005,pm25,y2030,24.5,measured_not_scored,true,ug/m3,GHAP PM2.5 annual mean (synthetic stand-in),synthetic,,,2026-09-07
HS-00971,MY-SA-005,flood_riverine,y2050,0.0,scored,false,m,Aqueduct Floods v2 riverine (synthetic stand-in),synthetic,rcp8p5,100,2026-09-07
HS-00972,MY-SA-005,flood_coastal,y2050,0.0,scored,false,m,Aqueduct Floods v2 coastal-wtsub (synthetic stand-in),synthetic,rcp8p5,100,2026-09-07
HS-00973,MY-SA-005,wind,y2050,,absent,false,m/s,STORM v4 (synthetic stand-in),synthetic,climate-change,100,2026-09-07
HS-00974,MY-SA-005,heat_days35,y2050,19.0,scored,false,days/yr,NEX-GDDP-CMIP6 vs ERA5-Land (synthetic stand-in),synthetic,ssp585,,2026-09-07
HS-00975,MY-SA-005,pm25,y2050,24.5,measured_not_scored,true,ug/m3,GHAP PM2.5 annual mean (synthetic stand-in),synthetic,,,2026-09-07
HS-00976,MY-SA-006,flood_riverine,today,0.0,scored,false,m,Aqueduct Floods v2 riverine (synthetic stand-in),synthetic,rcp8p5,100,2026-09-07
HS-00977,MY-SA-006,flood_coastal,today,0.0,scored,false,m,Aqueduct Floods v2 coastal-wtsub (synthetic stand-in),synthetic,rcp8p5,100,2026-09-07
HS-00978,MY-SA-006,wind,today,,absent,false,m/s,STORM v4 (synthetic stand-in),synthetic,present-climate,100,2026-09-07
HS-00979,MY-SA-006,heat_days35,today,0.0,scored,false,days/yr,NEX-GDDP-CMIP6 vs ERA5-Land (synthetic stand-in),synthetic,ssp585,,2026-09-07
HS-00980,MY-SA-006,pm25,today,24.6,measured_not_scored,true,ug/m3,GHAP PM2.5 annual mean (synthetic stand-in),synthetic,,,2026-09-07
HS-00981,MY-SA-006,flood_riverine,y2030,0.0,scored,false,m,Aqueduct Floods v2 riverine (synthetic stand-in),synthetic,rcp8p5,100,2026-09-07
HS-00982,MY-SA-006,flood_coastal,y2030,0.0,scored,false,m,Aqueduct Floods v2 coastal-wtsub (synthetic stand-in),synthetic,rcp8p5,100,2026-09-07
HS-00983,MY-SA-006,wind,y2030,,absent,false,m/s,STORM v4 (synthetic stand-in),synthetic,climate-change,100,2026-09-07
HS-00984,MY-SA-006,heat_days35,y2030,5.0,scored,false,days/yr,NEX-GDDP-CMIP6 vs ERA5-Land (synthetic stand-in),synthetic,ssp585,,2026-09-07
HS-00985,MY-SA-006,pm25,y2030,24.6,measured_not_scored,true,ug/m3,GHAP PM2.5 annual mean (synthetic stand-in),synthetic,,,2026-09-07
HS-00986,MY-SA-006,flood_riverine,y2050,0.0,scored,false,m,Aqueduct Floods v2 riverine (synthetic stand-in),synthetic,rcp8p5,100,2026-09-07
HS-00987,MY-SA-006,flood_coastal,y2050,0.0,scored,false,m,Aqueduct Floods v2 coastal-wtsub (synthetic stand-in),synthetic,rcp8p5,100,2026-09-07
HS-00988,MY-SA-006,wind,y2050,,absent,false,m/s,STORM v4 (synthetic stand-in),synthetic,climate-change,100,2026-09-07
HS-00989,MY-SA-006,heat_days35,y2050,19.0,scored,false,days/yr,NEX-GDDP-CMIP6 vs ERA5-Land (synthetic stand-in),synthetic,ssp585,,2026-09-07
HS-00990,MY-SA-006,pm25,y2050,24.6,measured_not_scored,true,ug/m3,GHAP PM2.5 annual mean (synthetic stand-in),synthetic,,,2026-09-07
HS-00991,MY-SA-007,flood_riverine,today,0.0,scored,false,m,Aqueduct Floods v2 riverine (synthetic stand-in),synthetic,rcp8p5,100,2026-09-07
HS-00992,MY-SA-007,flood_coastal,today,0.0,scored,false,m,Aqueduct Floods v2 coastal-wtsub (synthetic stand-in),synthetic,rcp8p5,100,2026-09-07
HS-00993,MY-SA-007,wind,today,,absent,false,m/s,STORM v4 (synthetic stand-in),synthetic,present-climate,100,2026-09-07
HS-00994,MY-SA-007,heat_days35,today,0.0,scored,false,days/yr,NEX-GDDP-CMIP6 vs ERA5-Land (synthetic stand-in),synthetic,ssp585,,2026-09-07
HS-00995,MY-SA-007,pm25,today,25.5,measured_not_scored,true,ug/m3,GHAP PM2.5 annual mean (synthetic stand-in),synthetic,,,2026-09-07
HS-00996,MY-SA-007,flood_riverine,y2030,0.0,scored,false,m,Aqueduct Floods v2 riverine (synthetic stand-in),synthetic,rcp8p5,100,2026-09-07
HS-00997,MY-SA-007,flood_coastal,y2030,0.0,scored,false,m,Aqueduct Floods v2 coastal-wtsub (synthetic stand-in),synthetic,rcp8p5,100,2026-09-07
HS-00998,MY-SA-007,wind,y2030,,absent,false,m/s,STORM v4 (synthetic stand-in),synthetic,climate-change,100,2026-09-07
HS-00999,MY-SA-007,heat_days35,y2030,5.0,scored,false,days/yr,NEX-GDDP-CMIP6 vs ERA5-Land (synthetic stand-in),synthetic,ssp585,,2026-09-07
HS-01000,MY-SA-007,pm25,y2030,25.5,measured_not_scored,true,ug/m3,GHAP PM2.5 annual mean (synthetic stand-in),synthetic,,,2026-09-07
HS-01001,MY-SA-007,flood_riverine,y2050,0.0,scored,false,m,Aqueduct Floods v2 riverine (synthetic stand-in),synthetic,rcp8p5,100,2026-09-07
HS-01002,MY-SA-007,flood_coastal,y2050,0.0,scored,false,m,Aqueduct Floods v2 coastal-wtsub (synthetic stand-in),synthetic,rcp8p5,100,2026-09-07
HS-01003,MY-SA-007,wind,y2050,,absent,false,m/s,STORM v4 (synthetic stand-in),synthetic,climate-change,100,2026-09-07
HS-01004,MY-SA-007,heat_days35,y2050,18.0,scored,false,days/yr,NEX-GDDP-CMIP6 vs ERA5-Land (synthetic stand-in),synthetic,ssp585,,2026-09-07
HS-01005,MY-SA-007,pm25,y2050,25.5,measured_not_scored,true,ug/m3,GHAP PM2.5 annual mean (synthetic stand-in),synthetic,,,2026-09-07
HS-01006,MY-SA-008,flood_riverine,today,0.0,scored,false,m,Aqueduct Floods v2 riverine (synthetic stand-in),synthetic,rcp8p5,100,2026-09-07
HS-01007,MY-SA-008,flood_coastal,today,0.0,scored,false,m,Aqueduct Floods v2 coastal-wtsub (synthetic stand-in),synthetic,rcp8p5,100,2026-09-07
HS-01008,MY-SA-008,wind,today,,absent,false,m/s,STORM v4 (synthetic stand-in),synthetic,present-climate,100,2026-09-07
HS-01009,MY-SA-008,heat_days35,today,0.0,scored,false,days/yr,NEX-GDDP-CMIP6 vs ERA5-Land (synthetic stand-in),synthetic,ssp585,,2026-09-07
HS-01010,MY-SA-008,pm25,today,25.3,measured_not_scored,true,ug/m3,GHAP PM2.5 annual mean (synthetic stand-in),synthetic,,,2026-09-07
HS-01011,MY-SA-008,flood_riverine,y2030,0.0,scored,false,m,Aqueduct Floods v2 riverine (synthetic stand-in),synthetic,rcp8p5,100,2026-09-07
HS-01012,MY-SA-008,flood_coastal,y2030,0.0,scored,false,m,Aqueduct Floods v2 coastal-wtsub (synthetic stand-in),synthetic,rcp8p5,100,2026-09-07
HS-01013,MY-SA-008,wind,y2030,,absent,false,m/s,STORM v4 (synthetic stand-in),synthetic,climate-change,100,2026-09-07
HS-01014,MY-SA-008,heat_days35,y2030,5.0,scored,false,days/yr,NEX-GDDP-CMIP6 vs ERA5-Land (synthetic stand-in),synthetic,ssp585,,2026-09-07
HS-01015,MY-SA-008,pm25,y2030,25.3,measured_not_scored,true,ug/m3,GHAP PM2.5 annual mean (synthetic stand-in),synthetic,,,2026-09-07
HS-01016,MY-SA-008,flood_riverine,y2050,0.0,scored,false,m,Aqueduct Floods v2 riverine (synthetic stand-in),synthetic,rcp8p5,100,2026-09-07
HS-01017,MY-SA-008,flood_coastal,y2050,0.0,scored,false,m,Aqueduct Floods v2 coastal-wtsub (synthetic stand-in),synthetic,rcp8p5,100,2026-09-07
HS-01018,MY-SA-008,wind,y2050,,absent,false,m/s,STORM v4 (synthetic stand-in),synthetic,climate-change,100,2026-09-07
HS-01019,MY-SA-008,heat_days35,y2050,18.0,scored,false,days/yr,NEX-GDDP-CMIP6 vs ERA5-Land (synthetic stand-in),synthetic,ssp585,,2026-09-07
HS-01020,MY-SA-008,pm25,y2050,25.3,measured_not_scored,true,ug/m3,GHAP PM2.5 annual mean (synthetic stand-in),synthetic,,,2026-09-07
HS-01021,MY-SA-009,flood_riverine,today,0.0,scored,false,m,Aqueduct Floods v2 riverine (synthetic stand-in),synthetic,rcp8p5,100,2026-09-07
HS-01022,MY-SA-009,flood_coastal,today,0.0,scored,false,m,Aqueduct Floods v2 coastal-wtsub (synthetic stand-in),synthetic,rcp8p5,100,2026-09-07
HS-01023,MY-SA-009,wind,today,,absent,false,m/s,STORM v4 (synthetic stand-in),synthetic,present-climate,100,2026-09-07
HS-01024,MY-SA-009,heat_days35,today,0.0,scored,false,days/yr,NEX-GDDP-CMIP6 vs ERA5-Land (synthetic stand-in),synthetic,ssp585,,2026-09-07
HS-01025,MY-SA-009,pm25,today,24.7,measured_not_scored,true,ug/m3,GHAP PM2.5 annual mean (synthetic stand-in),synthetic,,,2026-09-07
HS-01026,MY-SA-009,flood_riverine,y2030,0.0,scored,false,m,Aqueduct Floods v2 riverine (synthetic stand-in),synthetic,rcp8p5,100,2026-09-07
HS-01027,MY-SA-009,flood_coastal,y2030,0.0,scored,false,m,Aqueduct Floods v2 coastal-wtsub (synthetic stand-in),synthetic,rcp8p5,100,2026-09-07
HS-01028,MY-SA-009,wind,y2030,,absent,false,m/s,STORM v4 (synthetic stand-in),synthetic,climate-change,100,2026-09-07
HS-01029,MY-SA-009,heat_days35,y2030,5.0,scored,false,days/yr,NEX-GDDP-CMIP6 vs ERA5-Land (synthetic stand-in),synthetic,ssp585,,2026-09-07
HS-01030,MY-SA-009,pm25,y2030,24.7,measured_not_scored,true,ug/m3,GHAP PM2.5 annual mean (synthetic stand-in),synthetic,,,2026-09-07
HS-01031,MY-SA-009,flood_riverine,y2050,0.0,scored,false,m,Aqueduct Floods v2 riverine (synthetic stand-in),synthetic,rcp8p5,100,2026-09-07
HS-01032,MY-SA-009,flood_coastal,y2050,0.0,scored,false,m,Aqueduct Floods v2 coastal-wtsub (synthetic stand-in),synthetic,rcp8p5,100,2026-09-07
HS-01033,MY-SA-009,wind,y2050,,absent,false,m/s,STORM v4 (synthetic stand-in),synthetic,climate-change,100,2026-09-07
HS-01034,MY-SA-009,heat_days35,y2050,15.0,scored,false,days/yr,NEX-GDDP-CMIP6 vs ERA5-Land (synthetic stand-in),synthetic,ssp585,,2026-09-07
HS-01035,MY-SA-009,pm25,y2050,24.7,measured_not_scored,true,ug/m3,GHAP PM2.5 annual mean (synthetic stand-in),synthetic,,,2026-09-07
HS-01036,MY-SA-010,flood_riverine,today,0.0,scored,false,m,Aqueduct Floods v2 riverine (synthetic stand-in),synthetic,rcp8p5,100,2026-09-07
HS-01037,MY-SA-010,flood_coastal,today,0.0,scored,false,m,Aqueduct Floods v2 coastal-wtsub (synthetic stand-in),synthetic,rcp8p5,100,2026-09-07
HS-01038,MY-SA-010,wind,today,,absent,false,m/s,STORM v4 (synthetic stand-in),synthetic,present-climate,100,2026-09-07
HS-01039,MY-SA-010,heat_days35,today,0.0,scored,false,days/yr,NEX-GDDP-CMIP6 vs ERA5-Land (synthetic stand-in),synthetic,ssp585,,2026-09-07
HS-01040,MY-SA-010,pm25,today,25.1,measured_not_scored,true,ug/m3,GHAP PM2.5 annual mean (synthetic stand-in),synthetic,,,2026-09-07
HS-01041,MY-SA-010,flood_riverine,y2030,0.0,scored,false,m,Aqueduct Floods v2 riverine (synthetic stand-in),synthetic,rcp8p5,100,2026-09-07
HS-01042,MY-SA-010,flood_coastal,y2030,0.0,scored,false,m,Aqueduct Floods v2 coastal-wtsub (synthetic stand-in),synthetic,rcp8p5,100,2026-09-07
HS-01043,MY-SA-010,wind,y2030,,absent,false,m/s,STORM v4 (synthetic stand-in),synthetic,climate-change,100,2026-09-07
HS-01044,MY-SA-010,heat_days35,y2030,6.0,scored,false,days/yr,NEX-GDDP-CMIP6 vs ERA5-Land (synthetic stand-in),synthetic,ssp585,,2026-09-07
HS-01045,MY-SA-010,pm25,y2030,25.1,measured_not_scored,true,ug/m3,GHAP PM2.5 annual mean (synthetic stand-in),synthetic,,,2026-09-07
HS-01046,MY-SA-010,flood_riverine,y2050,0.0,scored,false,m,Aqueduct Floods v2 riverine (synthetic stand-in),synthetic,rcp8p5,100,2026-09-07
HS-01047,MY-SA-010,flood_coastal,y2050,0.0,scored,false,m,Aqueduct Floods v2 coastal-wtsub (synthetic stand-in),synthetic,rcp8p5,100,2026-09-07
HS-01048,MY-SA-010,wind,y2050,,absent,false,m/s,STORM v4 (synthetic stand-in),synthetic,climate-change,100,2026-09-07
HS-01049,MY-SA-010,heat_days35,y2050,18.0,scored,false,days/yr,NEX-GDDP-CMIP6 vs ERA5-Land (synthetic stand-in),synthetic,ssp585,,2026-09-07
HS-01050,MY-SA-010,pm25,y2050,25.1,measured_not_scored,true,ug/m3,GHAP PM2.5 annual mean (synthetic stand-in),synthetic,,,2026-09-07
HS-01051,MY-KL-001,flood_riverine,today,0.0,scored,false,m,Aqueduct Floods v2 riverine (synthetic stand-in),synthetic,rcp8p5,100,2026-09-07
HS-01052,MY-KL-001,flood_coastal,today,0.0,scored,false,m,Aqueduct Floods v2 coastal-wtsub (synthetic stand-in),synthetic,rcp8p5,100,2026-09-07
HS-01053,MY-KL-001,wind,today,,absent,false,m/s,STORM v4 (synthetic stand-in),synthetic,present-climate,100,2026-09-07
HS-01054,MY-KL-001,heat_days35,today,0.0,scored,false,days/yr,NEX-GDDP-CMIP6 vs ERA5-Land (synthetic stand-in),synthetic,ssp585,,2026-09-07
HS-01055,MY-KL-001,pm25,today,26.7,measured_not_scored,true,ug/m3,GHAP PM2.5 annual mean (synthetic stand-in),synthetic,,,2026-09-07
HS-01056,MY-KL-001,flood_riverine,y2030,0.0,scored,false,m,Aqueduct Floods v2 riverine (synthetic stand-in),synthetic,rcp8p5,100,2026-09-07
HS-01057,MY-KL-001,flood_coastal,y2030,0.0,scored,false,m,Aqueduct Floods v2 coastal-wtsub (synthetic stand-in),synthetic,rcp8p5,100,2026-09-07
HS-01058,MY-KL-001,wind,y2030,,absent,false,m/s,STORM v4 (synthetic stand-in),synthetic,climate-change,100,2026-09-07
HS-01059,MY-KL-001,heat_days35,y2030,5.0,scored,false,days/yr,NEX-GDDP-CMIP6 vs ERA5-Land (synthetic stand-in),synthetic,ssp585,,2026-09-07
HS-01060,MY-KL-001,pm25,y2030,26.7,measured_not_scored,true,ug/m3,GHAP PM2.5 annual mean (synthetic stand-in),synthetic,,,2026-09-07
HS-01061,MY-KL-001,flood_riverine,y2050,0.0,scored,false,m,Aqueduct Floods v2 riverine (synthetic stand-in),synthetic,rcp8p5,100,2026-09-07
HS-01062,MY-KL-001,flood_coastal,y2050,0.0,scored,false,m,Aqueduct Floods v2 coastal-wtsub (synthetic stand-in),synthetic,rcp8p5,100,2026-09-07
HS-01063,MY-KL-001,wind,y2050,,absent,false,m/s,STORM v4 (synthetic stand-in),synthetic,climate-change,100,2026-09-07
HS-01064,MY-KL-001,heat_days35,y2050,17.0,scored,false,days/yr,NEX-GDDP-CMIP6 vs ERA5-Land (synthetic stand-in),synthetic,ssp585,,2026-09-07
HS-01065,MY-KL-001,pm25,y2050,26.7,measured_not_scored,true,ug/m3,GHAP PM2.5 annual mean (synthetic stand-in),synthetic,,,2026-09-07
HS-01066,MY-KL-002,flood_riverine,today,0.0,scored,false,m,Aqueduct Floods v2 riverine (synthetic stand-in),synthetic,rcp8p5,100,2026-09-07
HS-01067,MY-KL-002,flood_coastal,today,0.0,scored,false,m,Aqueduct Floods v2 coastal-wtsub (synthetic stand-in),synthetic,rcp8p5,100,2026-09-07
HS-01068,MY-KL-002,wind,today,,absent,false,m/s,STORM v4 (synthetic stand-in),synthetic,present-climate,100,2026-09-07
HS-01069,MY-KL-002,heat_days35,today,0.0,scored,false,days/yr,NEX-GDDP-CMIP6 vs ERA5-Land (synthetic stand-in),synthetic,ssp585,,2026-09-07
HS-01070,MY-KL-002,pm25,today,26.3,measured_not_scored,true,ug/m3,GHAP PM2.5 annual mean (synthetic stand-in),synthetic,,,2026-09-07
HS-01071,MY-KL-002,flood_riverine,y2030,0.0,scored,false,m,Aqueduct Floods v2 riverine (synthetic stand-in),synthetic,rcp8p5,100,2026-09-07
HS-01072,MY-KL-002,flood_coastal,y2030,0.0,scored,false,m,Aqueduct Floods v2 coastal-wtsub (synthetic stand-in),synthetic,rcp8p5,100,2026-09-07
HS-01073,MY-KL-002,wind,y2030,,absent,false,m/s,STORM v4 (synthetic stand-in),synthetic,climate-change,100,2026-09-07
HS-01074,MY-KL-002,heat_days35,y2030,6.0,scored,false,days/yr,NEX-GDDP-CMIP6 vs ERA5-Land (synthetic stand-in),synthetic,ssp585,,2026-09-07
HS-01075,MY-KL-002,pm25,y2030,26.3,measured_not_scored,true,ug/m3,GHAP PM2.5 annual mean (synthetic stand-in),synthetic,,,2026-09-07
HS-01076,MY-KL-002,flood_riverine,y2050,0.0,scored,false,m,Aqueduct Floods v2 riverine (synthetic stand-in),synthetic,rcp8p5,100,2026-09-07
HS-01077,MY-KL-002,flood_coastal,y2050,0.0,scored,false,m,Aqueduct Floods v2 coastal-wtsub (synthetic stand-in),synthetic,rcp8p5,100,2026-09-07
HS-01078,MY-KL-002,wind,y2050,,absent,false,m/s,STORM v4 (synthetic stand-in),synthetic,climate-change,100,2026-09-07
HS-01079,MY-KL-002,heat_days35,y2050,18.0,scored,false,days/yr,NEX-GDDP-CMIP6 vs ERA5-Land (synthetic stand-in),synthetic,ssp585,,2026-09-07
HS-01080,MY-KL-002,pm25,y2050,26.3,measured_not_scored,true,ug/m3,GHAP PM2.5 annual mean (synthetic stand-in),synthetic,,,2026-09-07
HS-01081,MY-KL-003,flood_riverine,today,0.0,scored,false,m,Aqueduct Floods v2 riverine (synthetic stand-in),synthetic,rcp8p5,100,2026-09-07
HS-01082,MY-KL-003,flood_coastal,today,0.0,scored,false,m,Aqueduct Floods v2 coastal-wtsub (synthetic stand-in),synthetic,rcp8p5,100,2026-09-07
HS-01083,MY-KL-003,wind,today,,absent,false,m/s,STORM v4 (synthetic stand-in),synthetic,present-climate,100,2026-09-07
HS-01084,MY-KL-003,heat_days35,today,0.0,scored,false,days/yr,NEX-GDDP-CMIP6 vs ERA5-Land (synthetic stand-in),synthetic,ssp585,,2026-09-07
HS-01085,MY-KL-003,pm25,today,25.8,measured_not_scored,true,ug/m3,GHAP PM2.5 annual mean (synthetic stand-in),synthetic,,,2026-09-07
HS-01086,MY-KL-003,flood_riverine,y2030,0.0,scored,false,m,Aqueduct Floods v2 riverine (synthetic stand-in),synthetic,rcp8p5,100,2026-09-07
HS-01087,MY-KL-003,flood_coastal,y2030,0.0,scored,false,m,Aqueduct Floods v2 coastal-wtsub (synthetic stand-in),synthetic,rcp8p5,100,2026-09-07
HS-01088,MY-KL-003,wind,y2030,,absent,false,m/s,STORM v4 (synthetic stand-in),synthetic,climate-change,100,2026-09-07
HS-01089,MY-KL-003,heat_days35,y2030,5.0,scored,false,days/yr,NEX-GDDP-CMIP6 vs ERA5-Land (synthetic stand-in),synthetic,ssp585,,2026-09-07
HS-01090,MY-KL-003,pm25,y2030,25.8,measured_not_scored,true,ug/m3,GHAP PM2.5 annual mean (synthetic stand-in),synthetic,,,2026-09-07
HS-01091,MY-KL-003,flood_riverine,y2050,0.0,scored,false,m,Aqueduct Floods v2 riverine (synthetic stand-in),synthetic,rcp8p5,100,2026-09-07
HS-01092,MY-KL-003,flood_coastal,y2050,0.0,scored,false,m,Aqueduct Floods v2 coastal-wtsub (synthetic stand-in),synthetic,rcp8p5,100,2026-09-07
HS-01093,MY-KL-003,wind,y2050,,absent,false,m/s,STORM v4 (synthetic stand-in),synthetic,climate-change,100,2026-09-07
HS-01094,MY-KL-003,heat_days35,y2050,17.0,scored,false,days/yr,NEX-GDDP-CMIP6 vs ERA5-Land (synthetic stand-in),synthetic,ssp585,,2026-09-07
HS-01095,MY-KL-003,pm25,y2050,25.8,measured_not_scored,true,ug/m3,GHAP PM2.5 annual mean (synthetic stand-in),synthetic,,,2026-09-07
HS-01096,MY-KL-004,flood_riverine,today,0.0,scored,false,m,Aqueduct Floods v2 riverine (synthetic stand-in),synthetic,rcp8p5,100,2026-09-07
HS-01097,MY-KL-004,flood_coastal,today,0.0,scored,false,m,Aqueduct Floods v2 coastal-wtsub (synthetic stand-in),synthetic,rcp8p5,100,2026-09-07
HS-01098,MY-KL-004,wind,today,,absent,false,m/s,STORM v4 (synthetic stand-in),synthetic,present-climate,100,2026-09-07
HS-01099,MY-KL-004,heat_days35,today,0.0,scored,false,days/yr,NEX-GDDP-CMIP6 vs ERA5-Land (synthetic stand-in),synthetic,ssp585,,2026-09-07
HS-01100,MY-KL-004,pm25,today,25.9,measured_not_scored,true,ug/m3,GHAP PM2.5 annual mean (synthetic stand-in),synthetic,,,2026-09-07
HS-01101,MY-KL-004,flood_riverine,y2030,0.0,scored,false,m,Aqueduct Floods v2 riverine (synthetic stand-in),synthetic,rcp8p5,100,2026-09-07
HS-01102,MY-KL-004,flood_coastal,y2030,0.0,scored,false,m,Aqueduct Floods v2 coastal-wtsub (synthetic stand-in),synthetic,rcp8p5,100,2026-09-07
HS-01103,MY-KL-004,wind,y2030,,absent,false,m/s,STORM v4 (synthetic stand-in),synthetic,climate-change,100,2026-09-07
HS-01104,MY-KL-004,heat_days35,y2030,5.0,scored,false,days/yr,NEX-GDDP-CMIP6 vs ERA5-Land (synthetic stand-in),synthetic,ssp585,,2026-09-07
HS-01105,MY-KL-004,pm25,y2030,25.9,measured_not_scored,true,ug/m3,GHAP PM2.5 annual mean (synthetic stand-in),synthetic,,,2026-09-07
HS-01106,MY-KL-004,flood_riverine,y2050,0.0,scored,false,m,Aqueduct Floods v2 riverine (synthetic stand-in),synthetic,rcp8p5,100,2026-09-07
HS-01107,MY-KL-004,flood_coastal,y2050,0.0,scored,false,m,Aqueduct Floods v2 coastal-wtsub (synthetic stand-in),synthetic,rcp8p5,100,2026-09-07
HS-01108,MY-KL-004,wind,y2050,,absent,false,m/s,STORM v4 (synthetic stand-in),synthetic,climate-change,100,2026-09-07
HS-01109,MY-KL-004,heat_days35,y2050,18.0,scored,false,days/yr,NEX-GDDP-CMIP6 vs ERA5-Land (synthetic stand-in),synthetic,ssp585,,2026-09-07
HS-01110,MY-KL-004,pm25,y2050,25.9,measured_not_scored,true,ug/m3,GHAP PM2.5 annual mean (synthetic stand-in),synthetic,,,2026-09-07
HS-01111,MY-KL-005,flood_riverine,today,0.0,scored,false,m,Aqueduct Floods v2 riverine (synthetic stand-in),synthetic,rcp8p5,100,2026-09-07
HS-01112,MY-KL-005,flood_coastal,today,0.0,scored,false,m,Aqueduct Floods v2 coastal-wtsub (synthetic stand-in),synthetic,rcp8p5,100,2026-09-07
HS-01113,MY-KL-005,wind,today,,absent,false,m/s,STORM v4 (synthetic stand-in),synthetic,present-climate,100,2026-09-07
HS-01114,MY-KL-005,heat_days35,today,0.0,scored,false,days/yr,NEX-GDDP-CMIP6 vs ERA5-Land (synthetic stand-in),synthetic,ssp585,,2026-09-07
HS-01115,MY-KL-005,pm25,today,25.5,measured_not_scored,true,ug/m3,GHAP PM2.5 annual mean (synthetic stand-in),synthetic,,,2026-09-07
HS-01116,MY-KL-005,flood_riverine,y2030,0.0,scored,false,m,Aqueduct Floods v2 riverine (synthetic stand-in),synthetic,rcp8p5,100,2026-09-07
HS-01117,MY-KL-005,flood_coastal,y2030,0.0,scored,false,m,Aqueduct Floods v2 coastal-wtsub (synthetic stand-in),synthetic,rcp8p5,100,2026-09-07
HS-01118,MY-KL-005,wind,y2030,,absent,false,m/s,STORM v4 (synthetic stand-in),synthetic,climate-change,100,2026-09-07
HS-01119,MY-KL-005,heat_days35,y2030,6.0,scored,false,days/yr,NEX-GDDP-CMIP6 vs ERA5-Land (synthetic stand-in),synthetic,ssp585,,2026-09-07
HS-01120,MY-KL-005,pm25,y2030,25.5,measured_not_scored,true,ug/m3,GHAP PM2.5 annual mean (synthetic stand-in),synthetic,,,2026-09-07
HS-01121,MY-KL-005,flood_riverine,y2050,0.0,scored,false,m,Aqueduct Floods v2 riverine (synthetic stand-in),synthetic,rcp8p5,100,2026-09-07
HS-01122,MY-KL-005,flood_coastal,y2050,0.0,scored,false,m,Aqueduct Floods v2 coastal-wtsub (synthetic stand-in),synthetic,rcp8p5,100,2026-09-07
HS-01123,MY-KL-005,wind,y2050,,absent,false,m/s,STORM v4 (synthetic stand-in),synthetic,climate-change,100,2026-09-07
HS-01124,MY-KL-005,heat_days35,y2050,19.0,scored,false,days/yr,NEX-GDDP-CMIP6 vs ERA5-Land (synthetic stand-in),synthetic,ssp585,,2026-09-07
HS-01125,MY-KL-005,pm25,y2050,25.5,measured_not_scored,true,ug/m3,GHAP PM2.5 annual mean (synthetic stand-in),synthetic,,,2026-09-07
HS-01126,MY-KL-006,flood_riverine,today,0.0,scored,false,m,Aqueduct Floods v2 riverine (synthetic stand-in),synthetic,rcp8p5,100,2026-09-07
HS-01127,MY-KL-006,flood_coastal,today,0.0,scored,false,m,Aqueduct Floods v2 coastal-wtsub (synthetic stand-in),synthetic,rcp8p5,100,2026-09-07
HS-01128,MY-KL-006,wind,today,,absent,false,m/s,STORM v4 (synthetic stand-in),synthetic,present-climate,100,2026-09-07
HS-01129,MY-KL-006,heat_days35,today,0.0,scored,false,days/yr,NEX-GDDP-CMIP6 vs ERA5-Land (synthetic stand-in),synthetic,ssp585,,2026-09-07
HS-01130,MY-KL-006,pm25,today,26.8,measured_not_scored,true,ug/m3,GHAP PM2.5 annual mean (synthetic stand-in),synthetic,,,2026-09-07
HS-01131,MY-KL-006,flood_riverine,y2030,0.0,scored,false,m,Aqueduct Floods v2 riverine (synthetic stand-in),synthetic,rcp8p5,100,2026-09-07
HS-01132,MY-KL-006,flood_coastal,y2030,0.0,scored,false,m,Aqueduct Floods v2 coastal-wtsub (synthetic stand-in),synthetic,rcp8p5,100,2026-09-07
HS-01133,MY-KL-006,wind,y2030,,absent,false,m/s,STORM v4 (synthetic stand-in),synthetic,climate-change,100,2026-09-07
HS-01134,MY-KL-006,heat_days35,y2030,5.0,scored,false,days/yr,NEX-GDDP-CMIP6 vs ERA5-Land (synthetic stand-in),synthetic,ssp585,,2026-09-07
HS-01135,MY-KL-006,pm25,y2030,26.8,measured_not_scored,true,ug/m3,GHAP PM2.5 annual mean (synthetic stand-in),synthetic,,,2026-09-07
HS-01136,MY-KL-006,flood_riverine,y2050,0.0,scored,false,m,Aqueduct Floods v2 riverine (synthetic stand-in),synthetic,rcp8p5,100,2026-09-07
HS-01137,MY-KL-006,flood_coastal,y2050,0.0,scored,false,m,Aqueduct Floods v2 coastal-wtsub (synthetic stand-in),synthetic,rcp8p5,100,2026-09-07
HS-01138,MY-KL-006,wind,y2050,,absent,false,m/s,STORM v4 (synthetic stand-in),synthetic,climate-change,100,2026-09-07
HS-01139,MY-KL-006,heat_days35,y2050,17.0,scored,false,days/yr,NEX-GDDP-CMIP6 vs ERA5-Land (synthetic stand-in),synthetic,ssp585,,2026-09-07
HS-01140,MY-KL-006,pm25,y2050,26.8,measured_not_scored,true,ug/m3,GHAP PM2.5 annual mean (synthetic stand-in),synthetic,,,2026-09-07
HS-01141,MY-KL-007,flood_riverine,today,0.0,scored,false,m,Aqueduct Floods v2 riverine (synthetic stand-in),synthetic,rcp8p5,100,2026-09-07
HS-01142,MY-KL-007,flood_coastal,today,0.0,scored,false,m,Aqueduct Floods v2 coastal-wtsub (synthetic stand-in),synthetic,rcp8p5,100,2026-09-07
HS-01143,MY-KL-007,wind,today,,absent,false,m/s,STORM v4 (synthetic stand-in),synthetic,present-climate,100,2026-09-07
HS-01144,MY-KL-007,heat_days35,today,0.0,scored,false,days/yr,NEX-GDDP-CMIP6 vs ERA5-Land (synthetic stand-in),synthetic,ssp585,,2026-09-07
HS-01145,MY-KL-007,pm25,today,25.6,measured_not_scored,true,ug/m3,GHAP PM2.5 annual mean (synthetic stand-in),synthetic,,,2026-09-07
HS-01146,MY-KL-007,flood_riverine,y2030,0.0,scored,false,m,Aqueduct Floods v2 riverine (synthetic stand-in),synthetic,rcp8p5,100,2026-09-07
HS-01147,MY-KL-007,flood_coastal,y2030,0.0,scored,false,m,Aqueduct Floods v2 coastal-wtsub (synthetic stand-in),synthetic,rcp8p5,100,2026-09-07
HS-01148,MY-KL-007,wind,y2030,,absent,false,m/s,STORM v4 (synthetic stand-in),synthetic,climate-change,100,2026-09-07
HS-01149,MY-KL-007,heat_days35,y2030,5.0,scored,false,days/yr,NEX-GDDP-CMIP6 vs ERA5-Land (synthetic stand-in),synthetic,ssp585,,2026-09-07
HS-01150,MY-KL-007,pm25,y2030,25.6,measured_not_scored,true,ug/m3,GHAP PM2.5 annual mean (synthetic stand-in),synthetic,,,2026-09-07
HS-01151,MY-KL-007,flood_riverine,y2050,0.0,scored,false,m,Aqueduct Floods v2 riverine (synthetic stand-in),synthetic,rcp8p5,100,2026-09-07
HS-01152,MY-KL-007,flood_coastal,y2050,0.0,scored,false,m,Aqueduct Floods v2 coastal-wtsub (synthetic stand-in),synthetic,rcp8p5,100,2026-09-07
HS-01153,MY-KL-007,wind,y2050,,absent,false,m/s,STORM v4 (synthetic stand-in),synthetic,climate-change,100,2026-09-07
HS-01154,MY-KL-007,heat_days35,y2050,15.0,scored,false,days/yr,NEX-GDDP-CMIP6 vs ERA5-Land (synthetic stand-in),synthetic,ssp585,,2026-09-07
HS-01155,MY-KL-007,pm25,y2050,25.6,measured_not_scored,true,ug/m3,GHAP PM2.5 annual mean (synthetic stand-in),synthetic,,,2026-09-07
HS-01156,MY-KL-008,flood_riverine,today,0.0,scored,false,m,Aqueduct Floods v2 riverine (synthetic stand-in),synthetic,rcp8p5,100,2026-09-07
HS-01157,MY-KL-008,flood_coastal,today,0.0,scored,false,m,Aqueduct Floods v2 coastal-wtsub (synthetic stand-in),synthetic,rcp8p5,100,2026-09-07
HS-01158,MY-KL-008,wind,today,,absent,false,m/s,STORM v4 (synthetic stand-in),synthetic,present-climate,100,2026-09-07
HS-01159,MY-KL-008,heat_days35,today,0.0,scored,false,days/yr,NEX-GDDP-CMIP6 vs ERA5-Land (synthetic stand-in),synthetic,ssp585,,2026-09-07
HS-01160,MY-KL-008,pm25,today,26.3,measured_not_scored,true,ug/m3,GHAP PM2.5 annual mean (synthetic stand-in),synthetic,,,2026-09-07
HS-01161,MY-KL-008,flood_riverine,y2030,0.0,scored,false,m,Aqueduct Floods v2 riverine (synthetic stand-in),synthetic,rcp8p5,100,2026-09-07
HS-01162,MY-KL-008,flood_coastal,y2030,0.0,scored,false,m,Aqueduct Floods v2 coastal-wtsub (synthetic stand-in),synthetic,rcp8p5,100,2026-09-07
HS-01163,MY-KL-008,wind,y2030,,absent,false,m/s,STORM v4 (synthetic stand-in),synthetic,climate-change,100,2026-09-07
HS-01164,MY-KL-008,heat_days35,y2030,6.0,scored,false,days/yr,NEX-GDDP-CMIP6 vs ERA5-Land (synthetic stand-in),synthetic,ssp585,,2026-09-07
HS-01165,MY-KL-008,pm25,y2030,26.3,measured_not_scored,true,ug/m3,GHAP PM2.5 annual mean (synthetic stand-in),synthetic,,,2026-09-07
HS-01166,MY-KL-008,flood_riverine,y2050,0.0,scored,false,m,Aqueduct Floods v2 riverine (synthetic stand-in),synthetic,rcp8p5,100,2026-09-07
HS-01167,MY-KL-008,flood_coastal,y2050,0.0,scored,false,m,Aqueduct Floods v2 coastal-wtsub (synthetic stand-in),synthetic,rcp8p5,100,2026-09-07
HS-01168,MY-KL-008,wind,y2050,,absent,false,m/s,STORM v4 (synthetic stand-in),synthetic,climate-change,100,2026-09-07
HS-01169,MY-KL-008,heat_days35,y2050,18.0,scored,false,days/yr,NEX-GDDP-CMIP6 vs ERA5-Land (synthetic stand-in),synthetic,ssp585,,2026-09-07
HS-01170,MY-KL-008,pm25,y2050,26.3,measured_not_scored,true,ug/m3,GHAP PM2.5 annual mean (synthetic stand-in),synthetic,,,2026-09-07
HS-01171,MY-GT-001,flood_riverine,today,0.0,scored,false,m,Aqueduct Floods v2 riverine (synthetic stand-in),synthetic,rcp8p5,100,2026-09-07
HS-01172,MY-GT-001,flood_coastal,today,0.0,scored,false,m,Aqueduct Floods v2 coastal-wtsub (synthetic stand-in),synthetic,rcp8p5,100,2026-09-07
HS-01173,MY-GT-001,wind,today,,absent,false,m/s,STORM v4 (synthetic stand-in),synthetic,present-climate,100,2026-09-07
HS-01174,MY-GT-001,heat_days35,today,0.0,scored,false,days/yr,NEX-GDDP-CMIP6 vs ERA5-Land (synthetic stand-in),synthetic,ssp585,,2026-09-07
HS-01175,MY-GT-001,pm25,today,20.8,measured_not_scored,true,ug/m3,GHAP PM2.5 annual mean (synthetic stand-in),synthetic,,,2026-09-07
HS-01176,MY-GT-001,flood_riverine,y2030,0.0,scored,false,m,Aqueduct Floods v2 riverine (synthetic stand-in),synthetic,rcp8p5,100,2026-09-07
HS-01177,MY-GT-001,flood_coastal,y2030,0.0,scored,false,m,Aqueduct Floods v2 coastal-wtsub (synthetic stand-in),synthetic,rcp8p5,100,2026-09-07
HS-01178,MY-GT-001,wind,y2030,,absent,false,m/s,STORM v4 (synthetic stand-in),synthetic,climate-change,100,2026-09-07
HS-01179,MY-GT-001,heat_days35,y2030,5.0,scored,false,days/yr,NEX-GDDP-CMIP6 vs ERA5-Land (synthetic stand-in),synthetic,ssp585,,2026-09-07
HS-01180,MY-GT-001,pm25,y2030,20.8,measured_not_scored,true,ug/m3,GHAP PM2.5 annual mean (synthetic stand-in),synthetic,,,2026-09-07
HS-01181,MY-GT-001,flood_riverine,y2050,0.0,scored,false,m,Aqueduct Floods v2 riverine (synthetic stand-in),synthetic,rcp8p5,100,2026-09-07
HS-01182,MY-GT-001,flood_coastal,y2050,0.0,scored,false,m,Aqueduct Floods v2 coastal-wtsub (synthetic stand-in),synthetic,rcp8p5,100,2026-09-07
HS-01183,MY-GT-001,wind,y2050,,absent,false,m/s,STORM v4 (synthetic stand-in),synthetic,climate-change,100,2026-09-07
HS-01184,MY-GT-001,heat_days35,y2050,18.0,scored,false,days/yr,NEX-GDDP-CMIP6 vs ERA5-Land (synthetic stand-in),synthetic,ssp585,,2026-09-07
HS-01185,MY-GT-001,pm25,y2050,20.8,measured_not_scored,true,ug/m3,GHAP PM2.5 annual mean (synthetic stand-in),synthetic,,,2026-09-07
HS-01186,MY-GT-002,flood_riverine,today,0.45,scored,false,m,Aqueduct Floods v2 riverine (synthetic stand-in),synthetic,rcp8p5,100,2026-09-07
HS-01187,MY-GT-002,flood_coastal,today,0.08,scored,false,m,Aqueduct Floods v2 coastal-wtsub (synthetic stand-in),synthetic,rcp8p5,100,2026-09-07
HS-01188,MY-GT-002,wind,today,,absent,false,m/s,STORM v4 (synthetic stand-in),synthetic,present-climate,100,2026-09-07
HS-01189,MY-GT-002,heat_days35,today,0.0,scored,false,days/yr,NEX-GDDP-CMIP6 vs ERA5-Land (synthetic stand-in),synthetic,ssp585,,2026-09-07
HS-01190,MY-GT-002,pm25,today,20.9,measured_not_scored,true,ug/m3,GHAP PM2.5 annual mean (synthetic stand-in),synthetic,,,2026-09-07
HS-01191,MY-GT-002,flood_riverine,y2030,0.51,scored,false,m,Aqueduct Floods v2 riverine (synthetic stand-in),synthetic,rcp8p5,100,2026-09-07
HS-01192,MY-GT-002,flood_coastal,y2030,0.23,scored,false,m,Aqueduct Floods v2 coastal-wtsub (synthetic stand-in),synthetic,rcp8p5,100,2026-09-07
HS-01193,MY-GT-002,wind,y2030,,absent,false,m/s,STORM v4 (synthetic stand-in),synthetic,climate-change,100,2026-09-07
HS-01194,MY-GT-002,heat_days35,y2030,6.0,scored,false,days/yr,NEX-GDDP-CMIP6 vs ERA5-Land (synthetic stand-in),synthetic,ssp585,,2026-09-07
HS-01195,MY-GT-002,pm25,y2030,20.9,measured_not_scored,true,ug/m3,GHAP PM2.5 annual mean (synthetic stand-in),synthetic,,,2026-09-07
HS-01196,MY-GT-002,flood_riverine,y2050,0.57,scored,false,m,Aqueduct Floods v2 riverine (synthetic stand-in),synthetic,rcp8p5,100,2026-09-07
HS-01197,MY-GT-002,flood_coastal,y2050,0.42,scored,false,m,Aqueduct Floods v2 coastal-wtsub (synthetic stand-in),synthetic,rcp8p5,100,2026-09-07
HS-01198,MY-GT-002,wind,y2050,,absent,false,m/s,STORM v4 (synthetic stand-in),synthetic,climate-change,100,2026-09-07
HS-01199,MY-GT-002,heat_days35,y2050,19.0,scored,false,days/yr,NEX-GDDP-CMIP6 vs ERA5-Land (synthetic stand-in),synthetic,ssp585,,2026-09-07
HS-01200,MY-GT-002,pm25,y2050,20.9,measured_not_scored,true,ug/m3,GHAP PM2.5 annual mean (synthetic stand-in),synthetic,,,2026-09-07
HS-01201,MY-GT-003,flood_riverine,today,0.7,scored,false,m,Aqueduct Floods v2 riverine (synthetic stand-in),synthetic,rcp8p5,100,2026-09-07
HS-01202,MY-GT-003,flood_coastal,today,0.9,scored,false,m,Aqueduct Floods v2 coastal-wtsub (synthetic stand-in),synthetic,rcp8p5,100,2026-09-07
HS-01203,MY-GT-003,wind,today,,absent,false,m/s,STORM v4 (synthetic stand-in),synthetic,present-climate,100,2026-09-07
HS-01204,MY-GT-003,heat_days35,today,0.0,scored,false,days/yr,NEX-GDDP-CMIP6 vs ERA5-Land (synthetic stand-in),synthetic,ssp585,,2026-09-07
HS-01205,MY-GT-003,pm25,today,20.4,measured_not_scored,true,ug/m3,GHAP PM2.5 annual mean (synthetic stand-in),synthetic,,,2026-09-07
HS-01206,MY-GT-003,flood_riverine,y2030,0.79,scored,false,m,Aqueduct Floods v2 riverine (synthetic stand-in),synthetic,rcp8p5,100,2026-09-07
HS-01207,MY-GT-003,flood_coastal,y2030,1.27,scored,false,m,Aqueduct Floods v2 coastal-wtsub (synthetic stand-in),synthetic,rcp8p5,100,2026-09-07
HS-01208,MY-GT-003,wind,y2030,,absent,false,m/s,STORM v4 (synthetic stand-in),synthetic,climate-change,100,2026-09-07
HS-01209,MY-GT-003,heat_days35,y2030,6.0,scored,false,days/yr,NEX-GDDP-CMIP6 vs ERA5-Land (synthetic stand-in),synthetic,ssp585,,2026-09-07
HS-01210,MY-GT-003,pm25,y2030,20.4,measured_not_scored,true,ug/m3,GHAP PM2.5 annual mean (synthetic stand-in),synthetic,,,2026-09-07
HS-01211,MY-GT-003,flood_riverine,y2050,0.88,scored,false,m,Aqueduct Floods v2 riverine (synthetic stand-in),synthetic,rcp8p5,100,2026-09-07
HS-01212,MY-GT-003,flood_coastal,y2050,1.67,scored,false,m,Aqueduct Floods v2 coastal-wtsub (synthetic stand-in),synthetic,rcp8p5,100,2026-09-07
HS-01213,MY-GT-003,wind,y2050,,absent,false,m/s,STORM v4 (synthetic stand-in),synthetic,climate-change,100,2026-09-07
HS-01214,MY-GT-003,heat_days35,y2050,19.0,scored,false,days/yr,NEX-GDDP-CMIP6 vs ERA5-Land (synthetic stand-in),synthetic,ssp585,,2026-09-07
HS-01215,MY-GT-003,pm25,y2050,20.4,measured_not_scored,true,ug/m3,GHAP PM2.5 annual mean (synthetic stand-in),synthetic,,,2026-09-07
HS-01216,MY-GT-004,flood_riverine,today,0.09,scored,false,m,Aqueduct Floods v2 riverine (synthetic stand-in),synthetic,rcp8p5,100,2026-09-07
HS-01217,MY-GT-004,flood_coastal,today,0.0,scored,false,m,Aqueduct Floods v2 coastal-wtsub (synthetic stand-in),synthetic,rcp8p5,100,2026-09-07
HS-01218,MY-GT-004,wind,today,,absent,false,m/s,STORM v4 (synthetic stand-in),synthetic,present-climate,100,2026-09-07
HS-01219,MY-GT-004,heat_days35,today,0.0,scored,false,days/yr,NEX-GDDP-CMIP6 vs ERA5-Land (synthetic stand-in),synthetic,ssp585,,2026-09-07
HS-01220,MY-GT-004,pm25,today,20.4,measured_not_scored,true,ug/m3,GHAP PM2.5 annual mean (synthetic stand-in),synthetic,,,2026-09-07
HS-01221,MY-GT-004,flood_riverine,y2030,0.11,scored,false,m,Aqueduct Floods v2 riverine (synthetic stand-in),synthetic,rcp8p5,100,2026-09-07
HS-01222,MY-GT-004,flood_coastal,y2030,0.0,scored,false,m,Aqueduct Floods v2 coastal-wtsub (synthetic stand-in),synthetic,rcp8p5,100,2026-09-07
HS-01223,MY-GT-004,wind,y2030,,absent,false,m/s,STORM v4 (synthetic stand-in),synthetic,climate-change,100,2026-09-07
HS-01224,MY-GT-004,heat_days35,y2030,6.0,scored,false,days/yr,NEX-GDDP-CMIP6 vs ERA5-Land (synthetic stand-in),synthetic,ssp585,,2026-09-07
HS-01225,MY-GT-004,pm25,y2030,20.4,measured_not_scored,true,ug/m3,GHAP PM2.5 annual mean (synthetic stand-in),synthetic,,,2026-09-07
HS-01226,MY-GT-004,flood_riverine,y2050,0.12,scored,false,m,Aqueduct Floods v2 riverine (synthetic stand-in),synthetic,rcp8p5,100,2026-09-07
HS-01227,MY-GT-004,flood_coastal,y2050,0.0,scored,false,m,Aqueduct Floods v2 coastal-wtsub (synthetic stand-in),synthetic,rcp8p5,100,2026-09-07
HS-01228,MY-GT-004,wind,y2050,,absent,false,m/s,STORM v4 (synthetic stand-in),synthetic,climate-change,100,2026-09-07
HS-01229,MY-GT-004,heat_days35,y2050,19.0,scored,false,days/yr,NEX-GDDP-CMIP6 vs ERA5-Land (synthetic stand-in),synthetic,ssp585,,2026-09-07
HS-01230,MY-GT-004,pm25,y2050,20.4,measured_not_scored,true,ug/m3,GHAP PM2.5 annual mean (synthetic stand-in),synthetic,,,2026-09-07
HS-01231,MY-GT-005,flood_riverine,today,0.69,scored,false,m,Aqueduct Floods v2 riverine (synthetic stand-in),synthetic,rcp8p5,100,2026-09-07
HS-01232,MY-GT-005,flood_coastal,today,0.53,scored,false,m,Aqueduct Floods v2 coastal-wtsub (synthetic stand-in),synthetic,rcp8p5,100,2026-09-07
HS-01233,MY-GT-005,wind,today,,absent,false,m/s,STORM v4 (synthetic stand-in),synthetic,present-climate,100,2026-09-07
HS-01234,MY-GT-005,heat_days35,today,0.0,scored,false,days/yr,NEX-GDDP-CMIP6 vs ERA5-Land (synthetic stand-in),synthetic,ssp585,,2026-09-07
HS-01235,MY-GT-005,pm25,today,21.3,measured_not_scored,true,ug/m3,GHAP PM2.5 annual mean (synthetic stand-in),synthetic,,,2026-09-07
HS-01236,MY-GT-005,flood_riverine,y2030,0.77,scored,false,m,Aqueduct Floods v2 riverine (synthetic stand-in),synthetic,rcp8p5,100,2026-09-07
HS-01237,MY-GT-005,flood_coastal,y2030,0.81,scored,false,m,Aqueduct Floods v2 coastal-wtsub (synthetic stand-in),synthetic,rcp8p5,100,2026-09-07
HS-01238,MY-GT-005,wind,y2030,,absent,false,m/s,STORM v4 (synthetic stand-in),synthetic,climate-change,100,2026-09-07
HS-01239,MY-GT-005,heat_days35,y2030,5.0,scored,false,days/yr,NEX-GDDP-CMIP6 vs ERA5-Land (synthetic stand-in),synthetic,ssp585,,2026-09-07
HS-01240,MY-GT-005,pm25,y2030,21.3,measured_not_scored,true,ug/m3,GHAP PM2.5 annual mean (synthetic stand-in),synthetic,,,2026-09-07
HS-01241,MY-GT-005,flood_riverine,y2050,0.86,scored,false,m,Aqueduct Floods v2 riverine (synthetic stand-in),synthetic,rcp8p5,100,2026-09-07
HS-01242,MY-GT-005,flood_coastal,y2050,1.1,scored,false,m,Aqueduct Floods v2 coastal-wtsub (synthetic stand-in),synthetic,rcp8p5,100,2026-09-07
HS-01243,MY-GT-005,wind,y2050,,absent,false,m/s,STORM v4 (synthetic stand-in),synthetic,climate-change,100,2026-09-07
HS-01244,MY-GT-005,heat_days35,y2050,18.0,scored,false,days/yr,NEX-GDDP-CMIP6 vs ERA5-Land (synthetic stand-in),synthetic,ssp585,,2026-09-07
HS-01245,MY-GT-005,pm25,y2050,21.3,measured_not_scored,true,ug/m3,GHAP PM2.5 annual mean (synthetic stand-in),synthetic,,,2026-09-07
HS-01246,MY-GT-006,flood_riverine,today,0.74,scored,false,m,Aqueduct Floods v2 riverine (synthetic stand-in),synthetic,rcp8p5,100,2026-09-07
HS-01247,MY-GT-006,flood_coastal,today,0.9,scored,false,m,Aqueduct Floods v2 coastal-wtsub (synthetic stand-in),synthetic,rcp8p5,100,2026-09-07
HS-01248,MY-GT-006,wind,today,,absent,false,m/s,STORM v4 (synthetic stand-in),synthetic,present-climate,100,2026-09-07
HS-01249,MY-GT-006,heat_days35,today,0.0,scored,false,days/yr,NEX-GDDP-CMIP6 vs ERA5-Land (synthetic stand-in),synthetic,ssp585,,2026-09-07
HS-01250,MY-GT-006,pm25,today,20.6,measured_not_scored,true,ug/m3,GHAP PM2.5 annual mean (synthetic stand-in),synthetic,,,2026-09-07
HS-01251,MY-GT-006,flood_riverine,y2030,0.83,scored,false,m,Aqueduct Floods v2 riverine (synthetic stand-in),synthetic,rcp8p5,100,2026-09-07
HS-01252,MY-GT-006,flood_coastal,y2030,1.21,scored,false,m,Aqueduct Floods v2 coastal-wtsub (synthetic stand-in),synthetic,rcp8p5,100,2026-09-07
HS-01253,MY-GT-006,wind,y2030,,absent,false,m/s,STORM v4 (synthetic stand-in),synthetic,climate-change,100,2026-09-07
HS-01254,MY-GT-006,heat_days35,y2030,5.0,scored,false,days/yr,NEX-GDDP-CMIP6 vs ERA5-Land (synthetic stand-in),synthetic,ssp585,,2026-09-07
HS-01255,MY-GT-006,pm25,y2030,20.6,measured_not_scored,true,ug/m3,GHAP PM2.5 annual mean (synthetic stand-in),synthetic,,,2026-09-07
HS-01256,MY-GT-006,flood_riverine,y2050,0.93,scored,false,m,Aqueduct Floods v2 riverine (synthetic stand-in),synthetic,rcp8p5,100,2026-09-07
HS-01257,MY-GT-006,flood_coastal,y2050,1.54,scored,false,m,Aqueduct Floods v2 coastal-wtsub (synthetic stand-in),synthetic,rcp8p5,100,2026-09-07
HS-01258,MY-GT-006,wind,y2050,,absent,false,m/s,STORM v4 (synthetic stand-in),synthetic,climate-change,100,2026-09-07
HS-01259,MY-GT-006,heat_days35,y2050,18.0,scored,false,days/yr,NEX-GDDP-CMIP6 vs ERA5-Land (synthetic stand-in),synthetic,ssp585,,2026-09-07
HS-01260,MY-GT-006,pm25,y2050,20.6,measured_not_scored,true,ug/m3,GHAP PM2.5 annual mean (synthetic stand-in),synthetic,,,2026-09-07
HS-01261,MY-GT-007,flood_riverine,today,0.0,scored,false,m,Aqueduct Floods v2 riverine (synthetic stand-in),synthetic,rcp8p5,100,2026-09-07
HS-01262,MY-GT-007,flood_coastal,today,0.0,scored,false,m,Aqueduct Floods v2 coastal-wtsub (synthetic stand-in),synthetic,rcp8p5,100,2026-09-07
HS-01263,MY-GT-007,wind,today,,absent,false,m/s,STORM v4 (synthetic stand-in),synthetic,present-climate,100,2026-09-07
HS-01264,MY-GT-007,heat_days35,today,0.0,scored,false,days/yr,NEX-GDDP-CMIP6 vs ERA5-Land (synthetic stand-in),synthetic,ssp585,,2026-09-07
HS-01265,MY-GT-007,pm25,today,21.2,measured_not_scored,true,ug/m3,GHAP PM2.5 annual mean (synthetic stand-in),synthetic,,,2026-09-07
HS-01266,MY-GT-007,flood_riverine,y2030,0.0,scored,false,m,Aqueduct Floods v2 riverine (synthetic stand-in),synthetic,rcp8p5,100,2026-09-07
HS-01267,MY-GT-007,flood_coastal,y2030,0.0,scored,false,m,Aqueduct Floods v2 coastal-wtsub (synthetic stand-in),synthetic,rcp8p5,100,2026-09-07
HS-01268,MY-GT-007,wind,y2030,,absent,false,m/s,STORM v4 (synthetic stand-in),synthetic,climate-change,100,2026-09-07
HS-01269,MY-GT-007,heat_days35,y2030,6.0,scored,false,days/yr,NEX-GDDP-CMIP6 vs ERA5-Land (synthetic stand-in),synthetic,ssp585,,2026-09-07
HS-01270,MY-GT-007,pm25,y2030,21.2,measured_not_scored,true,ug/m3,GHAP PM2.5 annual mean (synthetic stand-in),synthetic,,,2026-09-07
HS-01271,MY-GT-007,flood_riverine,y2050,0.0,scored,false,m,Aqueduct Floods v2 riverine (synthetic stand-in),synthetic,rcp8p5,100,2026-09-07
HS-01272,MY-GT-007,flood_coastal,y2050,0.0,scored,false,m,Aqueduct Floods v2 coastal-wtsub (synthetic stand-in),synthetic,rcp8p5,100,2026-09-07
HS-01273,MY-GT-007,wind,y2050,,absent,false,m/s,STORM v4 (synthetic stand-in),synthetic,climate-change,100,2026-09-07
HS-01274,MY-GT-007,heat_days35,y2050,18.0,scored,false,days/yr,NEX-GDDP-CMIP6 vs ERA5-Land (synthetic stand-in),synthetic,ssp585,,2026-09-07
HS-01275,MY-GT-007,pm25,y2050,21.2,measured_not_scored,true,ug/m3,GHAP PM2.5 annual mean (synthetic stand-in),synthetic,,,2026-09-07
HS-01276,MY-DB-001,flood_riverine,today,0.02,scored,false,m,Aqueduct Floods v2 riverine (synthetic stand-in),synthetic,rcp8p5,100,2026-09-07
HS-01277,MY-DB-001,flood_coastal,today,0.0,scored,false,m,Aqueduct Floods v2 coastal-wtsub (synthetic stand-in),synthetic,rcp8p5,100,2026-09-07
HS-01278,MY-DB-001,wind,today,,absent,false,m/s,STORM v4 (synthetic stand-in),synthetic,present-climate,100,2026-09-07
HS-01279,MY-DB-001,heat_days35,today,0.0,scored,false,days/yr,NEX-GDDP-CMIP6 vs ERA5-Land (synthetic stand-in),synthetic,ssp585,,2026-09-07
HS-01280,MY-DB-001,pm25,today,22.2,measured_not_scored,true,ug/m3,GHAP PM2.5 annual mean (synthetic stand-in),synthetic,,,2026-09-07
HS-01281,MY-DB-001,flood_riverine,y2030,0.03,scored,false,m,Aqueduct Floods v2 riverine (synthetic stand-in),synthetic,rcp8p5,100,2026-09-07
HS-01282,MY-DB-001,flood_coastal,y2030,0.0,scored,false,m,Aqueduct Floods v2 coastal-wtsub (synthetic stand-in),synthetic,rcp8p5,100,2026-09-07
HS-01283,MY-DB-001,wind,y2030,,absent,false,m/s,STORM v4 (synthetic stand-in),synthetic,climate-change,100,2026-09-07
HS-01284,MY-DB-001,heat_days35,y2030,6.0,scored,false,days/yr,NEX-GDDP-CMIP6 vs ERA5-Land (synthetic stand-in),synthetic,ssp585,,2026-09-07
HS-01285,MY-DB-001,pm25,y2030,22.2,measured_not_scored,true,ug/m3,GHAP PM2.5 annual mean (synthetic stand-in),synthetic,,,2026-09-07
HS-01286,MY-DB-001,flood_riverine,y2050,0.03,scored,false,m,Aqueduct Floods v2 riverine (synthetic stand-in),synthetic,rcp8p5,100,2026-09-07
HS-01287,MY-DB-001,flood_coastal,y2050,0.0,scored,false,m,Aqueduct Floods v2 coastal-wtsub (synthetic stand-in),synthetic,rcp8p5,100,2026-09-07
HS-01288,MY-DB-001,wind,y2050,,absent,false,m/s,STORM v4 (synthetic stand-in),synthetic,climate-change,100,2026-09-07
HS-01289,MY-DB-001,heat_days35,y2050,17.0,scored,false,days/yr,NEX-GDDP-CMIP6 vs ERA5-Land (synthetic stand-in),synthetic,ssp585,,2026-09-07
HS-01290,MY-DB-001,pm25,y2050,22.2,measured_not_scored,true,ug/m3,GHAP PM2.5 annual mean (synthetic stand-in),synthetic,,,2026-09-07
HS-01291,MY-DB-002,flood_riverine,today,0.57,scored,false,m,Aqueduct Floods v2 riverine (synthetic stand-in),synthetic,rcp8p5,100,2026-09-07
HS-01292,MY-DB-002,flood_coastal,today,0.46,scored,false,m,Aqueduct Floods v2 coastal-wtsub (synthetic stand-in),synthetic,rcp8p5,100,2026-09-07
HS-01293,MY-DB-002,wind,today,,absent,false,m/s,STORM v4 (synthetic stand-in),synthetic,present-climate,100,2026-09-07
HS-01294,MY-DB-002,heat_days35,today,0.0,scored,false,days/yr,NEX-GDDP-CMIP6 vs ERA5-Land (synthetic stand-in),synthetic,ssp585,,2026-09-07
HS-01295,MY-DB-002,pm25,today,21.4,measured_not_scored,true,ug/m3,GHAP PM2.5 annual mean (synthetic stand-in),synthetic,,,2026-09-07
HS-01296,MY-DB-002,flood_riverine,y2030,0.64,scored,false,m,Aqueduct Floods v2 riverine (synthetic stand-in),synthetic,rcp8p5,100,2026-09-07
HS-01297,MY-DB-002,flood_coastal,y2030,0.76,scored,false,m,Aqueduct Floods v2 coastal-wtsub (synthetic stand-in),synthetic,rcp8p5,100,2026-09-07
HS-01298,MY-DB-002,wind,y2030,,absent,false,m/s,STORM v4 (synthetic stand-in),synthetic,climate-change,100,2026-09-07
HS-01299,MY-DB-002,heat_days35,y2030,5.0,scored,false,days/yr,NEX-GDDP-CMIP6 vs ERA5-Land (synthetic stand-in),synthetic,ssp585,,2026-09-07
HS-01300,MY-DB-002,pm25,y2030,21.4,measured_not_scored,true,ug/m3,GHAP PM2.5 annual mean (synthetic stand-in),synthetic,,,2026-09-07
HS-01301,MY-DB-002,flood_riverine,y2050,0.71,scored,false,m,Aqueduct Floods v2 riverine (synthetic stand-in),synthetic,rcp8p5,100,2026-09-07
HS-01302,MY-DB-002,flood_coastal,y2050,1.1,scored,false,m,Aqueduct Floods v2 coastal-wtsub (synthetic stand-in),synthetic,rcp8p5,100,2026-09-07
HS-01303,MY-DB-002,wind,y2050,,absent,false,m/s,STORM v4 (synthetic stand-in),synthetic,climate-change,100,2026-09-07
HS-01304,MY-DB-002,heat_days35,y2050,16.0,scored,false,days/yr,NEX-GDDP-CMIP6 vs ERA5-Land (synthetic stand-in),synthetic,ssp585,,2026-09-07
HS-01305,MY-DB-002,pm25,y2050,21.4,measured_not_scored,true,ug/m3,GHAP PM2.5 annual mean (synthetic stand-in),synthetic,,,2026-09-07
HS-01306,MY-DB-003,flood_riverine,today,0.52,scored,false,m,Aqueduct Floods v2 riverine (synthetic stand-in),synthetic,rcp8p5,100,2026-09-07
HS-01307,MY-DB-003,flood_coastal,today,0.56,scored,false,m,Aqueduct Floods v2 coastal-wtsub (synthetic stand-in),synthetic,rcp8p5,100,2026-09-07
HS-01308,MY-DB-003,wind,today,,absent,false,m/s,STORM v4 (synthetic stand-in),synthetic,present-climate,100,2026-09-07
HS-01309,MY-DB-003,heat_days35,today,0.0,scored,false,days/yr,NEX-GDDP-CMIP6 vs ERA5-Land (synthetic stand-in),synthetic,ssp585,,2026-09-07
HS-01310,MY-DB-003,pm25,today,22.4,measured_not_scored,true,ug/m3,GHAP PM2.5 annual mean (synthetic stand-in),synthetic,,,2026-09-07
HS-01311,MY-DB-003,flood_riverine,y2030,0.59,scored,false,m,Aqueduct Floods v2 riverine (synthetic stand-in),synthetic,rcp8p5,100,2026-09-07
HS-01312,MY-DB-003,flood_coastal,y2030,0.87,scored,false,m,Aqueduct Floods v2 coastal-wtsub (synthetic stand-in),synthetic,rcp8p5,100,2026-09-07
HS-01313,MY-DB-003,wind,y2030,,absent,false,m/s,STORM v4 (synthetic stand-in),synthetic,climate-change,100,2026-09-07
HS-01314,MY-DB-003,heat_days35,y2030,6.0,scored,false,days/yr,NEX-GDDP-CMIP6 vs ERA5-Land (synthetic stand-in),synthetic,ssp585,,2026-09-07
HS-01315,MY-DB-003,pm25,y2030,22.4,measured_not_scored,true,ug/m3,GHAP PM2.5 annual mean (synthetic stand-in),synthetic,,,2026-09-07
HS-01316,MY-DB-003,flood_riverine,y2050,0.65,scored,false,m,Aqueduct Floods v2 riverine (synthetic stand-in),synthetic,rcp8p5,100,2026-09-07
HS-01317,MY-DB-003,flood_coastal,y2050,1.21,scored,false,m,Aqueduct Floods v2 coastal-wtsub (synthetic stand-in),synthetic,rcp8p5,100,2026-09-07
HS-01318,MY-DB-003,wind,y2050,,absent,false,m/s,STORM v4 (synthetic stand-in),synthetic,climate-change,100,2026-09-07
HS-01319,MY-DB-003,heat_days35,y2050,18.0,scored,false,days/yr,NEX-GDDP-CMIP6 vs ERA5-Land (synthetic stand-in),synthetic,ssp585,,2026-09-07
HS-01320,MY-DB-003,pm25,y2050,22.4,measured_not_scored,true,ug/m3,GHAP PM2.5 annual mean (synthetic stand-in),synthetic,,,2026-09-07
HS-01321,MY-DB-004,flood_riverine,today,0.0,scored,false,m,Aqueduct Floods v2 riverine (synthetic stand-in),synthetic,rcp8p5,100,2026-09-07
HS-01322,MY-DB-004,flood_coastal,today,0.0,scored,false,m,Aqueduct Floods v2 coastal-wtsub (synthetic stand-in),synthetic,rcp8p5,100,2026-09-07
HS-01323,MY-DB-004,wind,today,,absent,false,m/s,STORM v4 (synthetic stand-in),synthetic,present-climate,100,2026-09-07
HS-01324,MY-DB-004,heat_days35,today,0.0,scored,false,days/yr,NEX-GDDP-CMIP6 vs ERA5-Land (synthetic stand-in),synthetic,ssp585,,2026-09-07
HS-01325,MY-DB-004,pm25,today,21.9,measured_not_scored,true,ug/m3,GHAP PM2.5 annual mean (synthetic stand-in),synthetic,,,2026-09-07
HS-01326,MY-DB-004,flood_riverine,y2030,0.0,scored,false,m,Aqueduct Floods v2 riverine (synthetic stand-in),synthetic,rcp8p5,100,2026-09-07
HS-01327,MY-DB-004,flood_coastal,y2030,0.0,scored,false,m,Aqueduct Floods v2 coastal-wtsub (synthetic stand-in),synthetic,rcp8p5,100,2026-09-07
HS-01328,MY-DB-004,wind,y2030,,absent,false,m/s,STORM v4 (synthetic stand-in),synthetic,climate-change,100,2026-09-07
HS-01329,MY-DB-004,heat_days35,y2030,5.0,scored,false,days/yr,NEX-GDDP-CMIP6 vs ERA5-Land (synthetic stand-in),synthetic,ssp585,,2026-09-07
HS-01330,MY-DB-004,pm25,y2030,21.9,measured_not_scored,true,ug/m3,GHAP PM2.5 annual mean (synthetic stand-in),synthetic,,,2026-09-07
HS-01331,MY-DB-004,flood_riverine,y2050,0.0,scored,false,m,Aqueduct Floods v2 riverine (synthetic stand-in),synthetic,rcp8p5,100,2026-09-07
HS-01332,MY-DB-004,flood_coastal,y2050,0.0,scored,false,m,Aqueduct Floods v2 coastal-wtsub (synthetic stand-in),synthetic,rcp8p5,100,2026-09-07
HS-01333,MY-DB-004,wind,y2050,,absent,false,m/s,STORM v4 (synthetic stand-in),synthetic,climate-change,100,2026-09-07
HS-01334,MY-DB-004,heat_days35,y2050,17.0,scored,false,days/yr,NEX-GDDP-CMIP6 vs ERA5-Land (synthetic stand-in),synthetic,ssp585,,2026-09-07
HS-01335,MY-DB-004,pm25,y2050,21.9,measured_not_scored,true,ug/m3,GHAP PM2.5 annual mean (synthetic stand-in),synthetic,,,2026-09-07
HS-01336,MY-DB-005,flood_riverine,today,0.0,scored,false,m,Aqueduct Floods v2 riverine (synthetic stand-in),synthetic,rcp8p5,100,2026-09-07
HS-01337,MY-DB-005,flood_coastal,today,0.0,scored,false,m,Aqueduct Floods v2 coastal-wtsub (synthetic stand-in),synthetic,rcp8p5,100,2026-09-07
HS-01338,MY-DB-005,wind,today,,absent,false,m/s,STORM v4 (synthetic stand-in),synthetic,present-climate,100,2026-09-07
HS-01339,MY-DB-005,heat_days35,today,0.0,scored,false,days/yr,NEX-GDDP-CMIP6 vs ERA5-Land (synthetic stand-in),synthetic,ssp585,,2026-09-07
HS-01340,MY-DB-005,pm25,today,21.7,measured_not_scored,true,ug/m3,GHAP PM2.5 annual mean (synthetic stand-in),synthetic,,,2026-09-07
HS-01341,MY-DB-005,flood_riverine,y2030,0.0,scored,false,m,Aqueduct Floods v2 riverine (synthetic stand-in),synthetic,rcp8p5,100,2026-09-07
HS-01342,MY-DB-005,flood_coastal,y2030,0.0,scored,false,m,Aqueduct Floods v2 coastal-wtsub (synthetic stand-in),synthetic,rcp8p5,100,2026-09-07
HS-01343,MY-DB-005,wind,y2030,,absent,false,m/s,STORM v4 (synthetic stand-in),synthetic,climate-change,100,2026-09-07
HS-01344,MY-DB-005,heat_days35,y2030,5.0,scored,false,days/yr,NEX-GDDP-CMIP6 vs ERA5-Land (synthetic stand-in),synthetic,ssp585,,2026-09-07
HS-01345,MY-DB-005,pm25,y2030,21.7,measured_not_scored,true,ug/m3,GHAP PM2.5 annual mean (synthetic stand-in),synthetic,,,2026-09-07
HS-01346,MY-DB-005,flood_riverine,y2050,0.0,scored,false,m,Aqueduct Floods v2 riverine (synthetic stand-in),synthetic,rcp8p5,100,2026-09-07
HS-01347,MY-DB-005,flood_coastal,y2050,0.0,scored,false,m,Aqueduct Floods v2 coastal-wtsub (synthetic stand-in),synthetic,rcp8p5,100,2026-09-07
HS-01348,MY-DB-005,wind,y2050,,absent,false,m/s,STORM v4 (synthetic stand-in),synthetic,climate-change,100,2026-09-07
HS-01349,MY-DB-005,heat_days35,y2050,18.0,scored,false,days/yr,NEX-GDDP-CMIP6 vs ERA5-Land (synthetic stand-in),synthetic,ssp585,,2026-09-07
HS-01350,MY-DB-005,pm25,y2050,21.7,measured_not_scored,true,ug/m3,GHAP PM2.5 annual mean (synthetic stand-in),synthetic,,,2026-09-07
HS-01351,MY-DB-006,flood_riverine,today,0.0,scored,false,m,Aqueduct Floods v2 riverine (synthetic stand-in),synthetic,rcp8p5,100,2026-09-07
HS-01352,MY-DB-006,flood_coastal,today,0.0,scored,false,m,Aqueduct Floods v2 coastal-wtsub (synthetic stand-in),synthetic,rcp8p5,100,2026-09-07
HS-01353,MY-DB-006,wind,today,,absent,false,m/s,STORM v4 (synthetic stand-in),synthetic,present-climate,100,2026-09-07
HS-01354,MY-DB-006,heat_days35,today,0.0,scored,false,days/yr,NEX-GDDP-CMIP6 vs ERA5-Land (synthetic stand-in),synthetic,ssp585,,2026-09-07
HS-01355,MY-DB-006,pm25,today,21.8,measured_not_scored,true,ug/m3,GHAP PM2.5 annual mean (synthetic stand-in),synthetic,,,2026-09-07
HS-01356,MY-DB-006,flood_riverine,y2030,0.0,scored,false,m,Aqueduct Floods v2 riverine (synthetic stand-in),synthetic,rcp8p5,100,2026-09-07
HS-01357,MY-DB-006,flood_coastal,y2030,0.0,scored,false,m,Aqueduct Floods v2 coastal-wtsub (synthetic stand-in),synthetic,rcp8p5,100,2026-09-07
HS-01358,MY-DB-006,wind,y2030,,absent,false,m/s,STORM v4 (synthetic stand-in),synthetic,climate-change,100,2026-09-07
HS-01359,MY-DB-006,heat_days35,y2030,4.0,scored,false,days/yr,NEX-GDDP-CMIP6 vs ERA5-Land (synthetic stand-in),synthetic,ssp585,,2026-09-07
HS-01360,MY-DB-006,pm25,y2030,21.8,measured_not_scored,true,ug/m3,GHAP PM2.5 annual mean (synthetic stand-in),synthetic,,,2026-09-07
HS-01361,MY-DB-006,flood_riverine,y2050,0.0,scored,false,m,Aqueduct Floods v2 riverine (synthetic stand-in),synthetic,rcp8p5,100,2026-09-07
HS-01362,MY-DB-006,flood_coastal,y2050,0.0,scored,false,m,Aqueduct Floods v2 coastal-wtsub (synthetic stand-in),synthetic,rcp8p5,100,2026-09-07
HS-01363,MY-DB-006,wind,y2050,,absent,false,m/s,STORM v4 (synthetic stand-in),synthetic,climate-change,100,2026-09-07
HS-01364,MY-DB-006,heat_days35,y2050,15.0,scored,false,days/yr,NEX-GDDP-CMIP6 vs ERA5-Land (synthetic stand-in),synthetic,ssp585,,2026-09-07
HS-01365,MY-DB-006,pm25,y2050,21.8,measured_not_scored,true,ug/m3,GHAP PM2.5 annual mean (synthetic stand-in),synthetic,,,2026-09-07
HS-01366,MY-DB-007,flood_riverine,today,0.0,scored,false,m,Aqueduct Floods v2 riverine (synthetic stand-in),synthetic,rcp8p5,100,2026-09-07
HS-01367,MY-DB-007,flood_coastal,today,0.0,scored,false,m,Aqueduct Floods v2 coastal-wtsub (synthetic stand-in),synthetic,rcp8p5,100,2026-09-07
HS-01368,MY-DB-007,wind,today,,absent,false,m/s,STORM v4 (synthetic stand-in),synthetic,present-climate,100,2026-09-07
HS-01369,MY-DB-007,heat_days35,today,0.0,scored,false,days/yr,NEX-GDDP-CMIP6 vs ERA5-Land (synthetic stand-in),synthetic,ssp585,,2026-09-07
HS-01370,MY-DB-007,pm25,today,22.4,measured_not_scored,true,ug/m3,GHAP PM2.5 annual mean (synthetic stand-in),synthetic,,,2026-09-07
HS-01371,MY-DB-007,flood_riverine,y2030,0.0,scored,false,m,Aqueduct Floods v2 riverine (synthetic stand-in),synthetic,rcp8p5,100,2026-09-07
HS-01372,MY-DB-007,flood_coastal,y2030,0.0,scored,false,m,Aqueduct Floods v2 coastal-wtsub (synthetic stand-in),synthetic,rcp8p5,100,2026-09-07
HS-01373,MY-DB-007,wind,y2030,,absent,false,m/s,STORM v4 (synthetic stand-in),synthetic,climate-change,100,2026-09-07
HS-01374,MY-DB-007,heat_days35,y2030,5.0,scored,false,days/yr,NEX-GDDP-CMIP6 vs ERA5-Land (synthetic stand-in),synthetic,ssp585,,2026-09-07
HS-01375,MY-DB-007,pm25,y2030,22.4,measured_not_scored,true,ug/m3,GHAP PM2.5 annual mean (synthetic stand-in),synthetic,,,2026-09-07
HS-01376,MY-DB-007,flood_riverine,y2050,0.0,scored,false,m,Aqueduct Floods v2 riverine (synthetic stand-in),synthetic,rcp8p5,100,2026-09-07
HS-01377,MY-DB-007,flood_coastal,y2050,0.0,scored,false,m,Aqueduct Floods v2 coastal-wtsub (synthetic stand-in),synthetic,rcp8p5,100,2026-09-07
HS-01378,MY-DB-007,wind,y2050,,absent,false,m/s,STORM v4 (synthetic stand-in),synthetic,climate-change,100,2026-09-07
HS-01379,MY-DB-007,heat_days35,y2050,15.0,scored,false,days/yr,NEX-GDDP-CMIP6 vs ERA5-Land (synthetic stand-in),synthetic,ssp585,,2026-09-07
HS-01380,MY-DB-007,pm25,y2050,22.4,measured_not_scored,true,ug/m3,GHAP PM2.5 annual mean (synthetic stand-in),synthetic,,,2026-09-07
HS-01381,MY-DB-008,flood_riverine,today,0.52,scored,false,m,Aqueduct Floods v2 riverine (synthetic stand-in),synthetic,rcp8p5,100,2026-09-07
HS-01382,MY-DB-008,flood_coastal,today,0.14,scored,false,m,Aqueduct Floods v2 coastal-wtsub (synthetic stand-in),synthetic,rcp8p5,100,2026-09-07
HS-01383,MY-DB-008,wind,today,,absent,false,m/s,STORM v4 (synthetic stand-in),synthetic,present-climate,100,2026-09-07
HS-01384,MY-DB-008,heat_days35,today,0.0,scored,false,days/yr,NEX-GDDP-CMIP6 vs ERA5-Land (synthetic stand-in),synthetic,ssp585,,2026-09-07
HS-01385,MY-DB-008,pm25,today,22.6,measured_not_scored,true,ug/m3,GHAP PM2.5 annual mean (synthetic stand-in),synthetic,,,2026-09-07
HS-01386,MY-DB-008,flood_riverine,y2030,0.59,scored,false,m,Aqueduct Floods v2 riverine (synthetic stand-in),synthetic,rcp8p5,100,2026-09-07
HS-01387,MY-DB-008,flood_coastal,y2030,0.3,scored,false,m,Aqueduct Floods v2 coastal-wtsub (synthetic stand-in),synthetic,rcp8p5,100,2026-09-07
HS-01388,MY-DB-008,wind,y2030,,absent,false,m/s,STORM v4 (synthetic stand-in),synthetic,climate-change,100,2026-09-07
HS-01389,MY-DB-008,heat_days35,y2030,5.0,scored,false,days/yr,NEX-GDDP-CMIP6 vs ERA5-Land (synthetic stand-in),synthetic,ssp585,,2026-09-07
HS-01390,MY-DB-008,pm25,y2030,22.6,measured_not_scored,true,ug/m3,GHAP PM2.5 annual mean (synthetic stand-in),synthetic,,,2026-09-07
HS-01391,MY-DB-008,flood_riverine,y2050,0.66,scored,false,m,Aqueduct Floods v2 riverine (synthetic stand-in),synthetic,rcp8p5,100,2026-09-07
HS-01392,MY-DB-008,flood_coastal,y2050,0.5,scored,false,m,Aqueduct Floods v2 coastal-wtsub (synthetic stand-in),synthetic,rcp8p5,100,2026-09-07
HS-01393,MY-DB-008,wind,y2050,,absent,false,m/s,STORM v4 (synthetic stand-in),synthetic,climate-change,100,2026-09-07
HS-01394,MY-DB-008,heat_days35,y2050,17.0,scored,false,days/yr,NEX-GDDP-CMIP6 vs ERA5-Land (synthetic stand-in),synthetic,ssp585,,2026-09-07
HS-01395,MY-DB-008,pm25,y2050,22.6,measured_not_scored,true,ug/m3,GHAP PM2.5 annual mean (synthetic stand-in),synthetic,,,2026-09-07
HS-01396,MY-KK-001,flood_riverine,today,0.0,scored,false,m,Aqueduct Floods v2 riverine (synthetic stand-in),synthetic,rcp8p5,100,2026-09-07
HS-01397,MY-KK-001,flood_coastal,today,0.0,scored,false,m,Aqueduct Floods v2 coastal-wtsub (synthetic stand-in),synthetic,rcp8p5,100,2026-09-07
HS-01398,MY-KK-001,wind,today,34.7,measured_not_scored,false,m/s,STORM v4 (synthetic stand-in),synthetic,present-climate,100,2026-09-07
HS-01399,MY-KK-001,heat_days35,today,0.0,scored,false,days/yr,NEX-GDDP-CMIP6 vs ERA5-Land (synthetic stand-in),synthetic,ssp585,,2026-09-07
HS-01400,MY-KK-001,pm25,today,12.8,measured_not_scored,true,ug/m3,GHAP PM2.5 annual mean (synthetic stand-in),synthetic,,,2026-09-07
HS-01401,MY-KK-001,flood_riverine,y2030,0.0,scored,false,m,Aqueduct Floods v2 riverine (synthetic stand-in),synthetic,rcp8p5,100,2026-09-07
HS-01402,MY-KK-001,flood_coastal,y2030,0.0,scored,false,m,Aqueduct Floods v2 coastal-wtsub (synthetic stand-in),synthetic,rcp8p5,100,2026-09-07
HS-01403,MY-KK-001,wind,y2030,35.4,measured_not_scored,false,m/s,STORM v4 (synthetic stand-in),synthetic,climate-change,100,2026-09-07
HS-01404,MY-KK-001,heat_days35,y2030,6.0,scored,false,days/yr,NEX-GDDP-CMIP6 vs ERA5-Land (synthetic stand-in),synthetic,ssp585,,2026-09-07
HS-01405,MY-KK-001,pm25,y2030,12.8,measured_not_scored,true,ug/m3,GHAP PM2.5 annual mean (synthetic stand-in),synthetic,,,2026-09-07
HS-01406,MY-KK-001,flood_riverine,y2050,0.0,scored,false,m,Aqueduct Floods v2 riverine (synthetic stand-in),synthetic,rcp8p5,100,2026-09-07
HS-01407,MY-KK-001,flood_coastal,y2050,0.0,scored,false,m,Aqueduct Floods v2 coastal-wtsub (synthetic stand-in),synthetic,rcp8p5,100,2026-09-07
HS-01408,MY-KK-001,wind,y2050,36.4,measured_not_scored,false,m/s,STORM v4 (synthetic stand-in),synthetic,climate-change,100,2026-09-07
HS-01409,MY-KK-001,heat_days35,y2050,22.0,scored,false,days/yr,NEX-GDDP-CMIP6 vs ERA5-Land (synthetic stand-in),synthetic,ssp585,,2026-09-07
HS-01410,MY-KK-001,pm25,y2050,12.8,measured_not_scored,true,ug/m3,GHAP PM2.5 annual mean (synthetic stand-in),synthetic,,,2026-09-07
HS-01411,MY-KK-002,flood_riverine,today,0.0,scored,false,m,Aqueduct Floods v2 riverine (synthetic stand-in),synthetic,rcp8p5,100,2026-09-07
HS-01412,MY-KK-002,flood_coastal,today,0.0,scored,false,m,Aqueduct Floods v2 coastal-wtsub (synthetic stand-in),synthetic,rcp8p5,100,2026-09-07
HS-01413,MY-KK-002,wind,today,34.0,measured_not_scored,false,m/s,STORM v4 (synthetic stand-in),synthetic,present-climate,100,2026-09-07
HS-01414,MY-KK-002,heat_days35,today,0.0,scored,false,days/yr,NEX-GDDP-CMIP6 vs ERA5-Land (synthetic stand-in),synthetic,ssp585,,2026-09-07
HS-01415,MY-KK-002,pm25,today,12.7,measured_not_scored,true,ug/m3,GHAP PM2.5 annual mean (synthetic stand-in),synthetic,,,2026-09-07
HS-01416,MY-KK-002,flood_riverine,y2030,0.0,scored,false,m,Aqueduct Floods v2 riverine (synthetic stand-in),synthetic,rcp8p5,100,2026-09-07
HS-01417,MY-KK-002,flood_coastal,y2030,0.0,scored,false,m,Aqueduct Floods v2 coastal-wtsub (synthetic stand-in),synthetic,rcp8p5,100,2026-09-07
HS-01418,MY-KK-002,wind,y2030,34.7,measured_not_scored,false,m/s,STORM v4 (synthetic stand-in),synthetic,climate-change,100,2026-09-07
HS-01419,MY-KK-002,heat_days35,y2030,6.0,scored,false,days/yr,NEX-GDDP-CMIP6 vs ERA5-Land (synthetic stand-in),synthetic,ssp585,,2026-09-07
HS-01420,MY-KK-002,pm25,y2030,12.7,measured_not_scored,true,ug/m3,GHAP PM2.5 annual mean (synthetic stand-in),synthetic,,,2026-09-07
HS-01421,MY-KK-002,flood_riverine,y2050,0.0,scored,false,m,Aqueduct Floods v2 riverine (synthetic stand-in),synthetic,rcp8p5,100,2026-09-07
HS-01422,MY-KK-002,flood_coastal,y2050,0.0,scored,false,m,Aqueduct Floods v2 coastal-wtsub (synthetic stand-in),synthetic,rcp8p5,100,2026-09-07
HS-01423,MY-KK-002,wind,y2050,35.7,measured_not_scored,false,m/s,STORM v4 (synthetic stand-in),synthetic,climate-change,100,2026-09-07
HS-01424,MY-KK-002,heat_days35,y2050,18.0,scored,false,days/yr,NEX-GDDP-CMIP6 vs ERA5-Land (synthetic stand-in),synthetic,ssp585,,2026-09-07
HS-01425,MY-KK-002,pm25,y2050,12.7,measured_not_scored,true,ug/m3,GHAP PM2.5 annual mean (synthetic stand-in),synthetic,,,2026-09-07
HS-01426,MY-KK-003,flood_riverine,today,0.0,scored,false,m,Aqueduct Floods v2 riverine (synthetic stand-in),synthetic,rcp8p5,100,2026-09-07
HS-01427,MY-KK-003,flood_coastal,today,0.0,scored,false,m,Aqueduct Floods v2 coastal-wtsub (synthetic stand-in),synthetic,rcp8p5,100,2026-09-07
HS-01428,MY-KK-003,wind,today,33.0,measured_not_scored,false,m/s,STORM v4 (synthetic stand-in),synthetic,present-climate,100,2026-09-07
HS-01429,MY-KK-003,heat_days35,today,0.0,scored,false,days/yr,NEX-GDDP-CMIP6 vs ERA5-Land (synthetic stand-in),synthetic,ssp585,,2026-09-07
HS-01430,MY-KK-003,pm25,today,12.7,measured_not_scored,true,ug/m3,GHAP PM2.5 annual mean (synthetic stand-in),synthetic,,,2026-09-07
HS-01431,MY-KK-003,flood_riverine,y2030,0.0,scored,false,m,Aqueduct Floods v2 riverine (synthetic stand-in),synthetic,rcp8p5,100,2026-09-07
HS-01432,MY-KK-003,flood_coastal,y2030,0.0,scored,false,m,Aqueduct Floods v2 coastal-wtsub (synthetic stand-in),synthetic,rcp8p5,100,2026-09-07
HS-01433,MY-KK-003,wind,y2030,33.7,measured_not_scored,false,m/s,STORM v4 (synthetic stand-in),synthetic,climate-change,100,2026-09-07
HS-01434,MY-KK-003,heat_days35,y2030,7.0,scored,false,days/yr,NEX-GDDP-CMIP6 vs ERA5-Land (synthetic stand-in),synthetic,ssp585,,2026-09-07
HS-01435,MY-KK-003,pm25,y2030,12.7,measured_not_scored,true,ug/m3,GHAP PM2.5 annual mean (synthetic stand-in),synthetic,,,2026-09-07
HS-01436,MY-KK-003,flood_riverine,y2050,0.0,scored,false,m,Aqueduct Floods v2 riverine (synthetic stand-in),synthetic,rcp8p5,100,2026-09-07
HS-01437,MY-KK-003,flood_coastal,y2050,0.0,scored,false,m,Aqueduct Floods v2 coastal-wtsub (synthetic stand-in),synthetic,rcp8p5,100,2026-09-07
HS-01438,MY-KK-003,wind,y2050,34.7,measured_not_scored,false,m/s,STORM v4 (synthetic stand-in),synthetic,climate-change,100,2026-09-07
HS-01439,MY-KK-003,heat_days35,y2050,22.0,scored,false,days/yr,NEX-GDDP-CMIP6 vs ERA5-Land (synthetic stand-in),synthetic,ssp585,,2026-09-07
HS-01440,MY-KK-003,pm25,y2050,12.7,measured_not_scored,true,ug/m3,GHAP PM2.5 annual mean (synthetic stand-in),synthetic,,,2026-09-07
HS-01441,MY-KK-004,flood_riverine,today,0.0,scored,false,m,Aqueduct Floods v2 riverine (synthetic stand-in),synthetic,rcp8p5,100,2026-09-07
HS-01442,MY-KK-004,flood_coastal,today,0.0,scored,false,m,Aqueduct Floods v2 coastal-wtsub (synthetic stand-in),synthetic,rcp8p5,100,2026-09-07
HS-01443,MY-KK-004,wind,today,33.9,measured_not_scored,false,m/s,STORM v4 (synthetic stand-in),synthetic,present-climate,100,2026-09-07
HS-01444,MY-KK-004,heat_days35,today,0.0,scored,false,days/yr,NEX-GDDP-CMIP6 vs ERA5-Land (synthetic stand-in),synthetic,ssp585,,2026-09-07
HS-01445,MY-KK-004,pm25,today,12.7,measured_not_scored,true,ug/m3,GHAP PM2.5 annual mean (synthetic stand-in),synthetic,,,2026-09-07
HS-01446,MY-KK-004,flood_riverine,y2030,0.02,scored,false,m,Aqueduct Floods v2 riverine (synthetic stand-in),synthetic,rcp8p5,100,2026-09-07
HS-01447,MY-KK-004,flood_coastal,y2030,0.0,scored,false,m,Aqueduct Floods v2 coastal-wtsub (synthetic stand-in),synthetic,rcp8p5,100,2026-09-07
HS-01448,MY-KK-004,wind,y2030,34.6,measured_not_scored,false,m/s,STORM v4 (synthetic stand-in),synthetic,climate-change,100,2026-09-07
HS-01449,MY-KK-004,heat_days35,y2030,6.0,scored,false,days/yr,NEX-GDDP-CMIP6 vs ERA5-Land (synthetic stand-in),synthetic,ssp585,,2026-09-07
HS-01450,MY-KK-004,pm25,y2030,12.7,measured_not_scored,true,ug/m3,GHAP PM2.5 annual mean (synthetic stand-in),synthetic,,,2026-09-07
HS-01451,MY-KK-004,flood_riverine,y2050,0.02,scored,false,m,Aqueduct Floods v2 riverine (synthetic stand-in),synthetic,rcp8p5,100,2026-09-07
HS-01452,MY-KK-004,flood_coastal,y2050,0.0,scored,false,m,Aqueduct Floods v2 coastal-wtsub (synthetic stand-in),synthetic,rcp8p5,100,2026-09-07
HS-01453,MY-KK-004,wind,y2050,35.6,measured_not_scored,false,m/s,STORM v4 (synthetic stand-in),synthetic,climate-change,100,2026-09-07
HS-01454,MY-KK-004,heat_days35,y2050,19.0,scored,false,days/yr,NEX-GDDP-CMIP6 vs ERA5-Land (synthetic stand-in),synthetic,ssp585,,2026-09-07
HS-01455,MY-KK-004,pm25,y2050,12.7,measured_not_scored,true,ug/m3,GHAP PM2.5 annual mean (synthetic stand-in),synthetic,,,2026-09-07
HS-01456,MY-KK-005,flood_riverine,today,0.0,scored,false,m,Aqueduct Floods v2 riverine (synthetic stand-in),synthetic,rcp8p5,100,2026-09-07
HS-01457,MY-KK-005,flood_coastal,today,0.0,scored,false,m,Aqueduct Floods v2 coastal-wtsub (synthetic stand-in),synthetic,rcp8p5,100,2026-09-07
HS-01458,MY-KK-005,wind,today,33.6,measured_not_scored,false,m/s,STORM v4 (synthetic stand-in),synthetic,present-climate,100,2026-09-07
HS-01459,MY-KK-005,heat_days35,today,0.0,scored,false,days/yr,NEX-GDDP-CMIP6 vs ERA5-Land (synthetic stand-in),synthetic,ssp585,,2026-09-07
HS-01460,MY-KK-005,pm25,today,12.9,measured_not_scored,true,ug/m3,GHAP PM2.5 annual mean (synthetic stand-in),synthetic,,,2026-09-07
HS-01461,MY-KK-005,flood_riverine,y2030,0.0,scored,false,m,Aqueduct Floods v2 riverine (synthetic stand-in),synthetic,rcp8p5,100,2026-09-07
HS-01462,MY-KK-005,flood_coastal,y2030,0.0,scored,false,m,Aqueduct Floods v2 coastal-wtsub (synthetic stand-in),synthetic,rcp8p5,100,2026-09-07
HS-01463,MY-KK-005,wind,y2030,34.3,measured_not_scored,false,m/s,STORM v4 (synthetic stand-in),synthetic,climate-change,100,2026-09-07
HS-01464,MY-KK-005,heat_days35,y2030,7.0,scored,false,days/yr,NEX-GDDP-CMIP6 vs ERA5-Land (synthetic stand-in),synthetic,ssp585,,2026-09-07
HS-01465,MY-KK-005,pm25,y2030,12.9,measured_not_scored,true,ug/m3,GHAP PM2.5 annual mean (synthetic stand-in),synthetic,,,2026-09-07
HS-01466,MY-KK-005,flood_riverine,y2050,0.0,scored,false,m,Aqueduct Floods v2 riverine (synthetic stand-in),synthetic,rcp8p5,100,2026-09-07
HS-01467,MY-KK-005,flood_coastal,y2050,0.0,scored,false,m,Aqueduct Floods v2 coastal-wtsub (synthetic stand-in),synthetic,rcp8p5,100,2026-09-07
HS-01468,MY-KK-005,wind,y2050,35.3,measured_not_scored,false,m/s,STORM v4 (synthetic stand-in),synthetic,climate-change,100,2026-09-07
HS-01469,MY-KK-005,heat_days35,y2050,22.0,scored,false,days/yr,NEX-GDDP-CMIP6 vs ERA5-Land (synthetic stand-in),synthetic,ssp585,,2026-09-07
HS-01470,MY-KK-005,pm25,y2050,12.9,measured_not_scored,true,ug/m3,GHAP PM2.5 annual mean (synthetic stand-in),synthetic,,,2026-09-07
HS-01471,MY-KK-006,flood_riverine,today,0.0,scored,false,m,Aqueduct Floods v2 riverine (synthetic stand-in),synthetic,rcp8p5,100,2026-09-07
HS-01472,MY-KK-006,flood_coastal,today,0.0,scored,false,m,Aqueduct Floods v2 coastal-wtsub (synthetic stand-in),synthetic,rcp8p5,100,2026-09-07
HS-01473,MY-KK-006,wind,today,34.2,measured_not_scored,false,m/s,STORM v4 (synthetic stand-in),synthetic,present-climate,100,2026-09-07
HS-01474,MY-KK-006,heat_days35,today,0.0,scored,false,days/yr,NEX-GDDP-CMIP6 vs ERA5-Land (synthetic stand-in),synthetic,ssp585,,2026-09-07
HS-01475,MY-KK-006,pm25,today,13.2,measured_not_scored,true,ug/m3,GHAP PM2.5 annual mean (synthetic stand-in),synthetic,,,2026-09-07
HS-01476,MY-KK-006,flood_riverine,y2030,0.0,scored,false,m,Aqueduct Floods v2 riverine (synthetic stand-in),synthetic,rcp8p5,100,2026-09-07
HS-01477,MY-KK-006,flood_coastal,y2030,0.0,scored,false,m,Aqueduct Floods v2 coastal-wtsub (synthetic stand-in),synthetic,rcp8p5,100,2026-09-07
HS-01478,MY-KK-006,wind,y2030,34.9,measured_not_scored,false,m/s,STORM v4 (synthetic stand-in),synthetic,climate-change,100,2026-09-07
HS-01479,MY-KK-006,heat_days35,y2030,7.0,scored,false,days/yr,NEX-GDDP-CMIP6 vs ERA5-Land (synthetic stand-in),synthetic,ssp585,,2026-09-07
HS-01480,MY-KK-006,pm25,y2030,13.2,measured_not_scored,true,ug/m3,GHAP PM2.5 annual mean (synthetic stand-in),synthetic,,,2026-09-07
HS-01481,MY-KK-006,flood_riverine,y2050,0.0,scored,false,m,Aqueduct Floods v2 riverine (synthetic stand-in),synthetic,rcp8p5,100,2026-09-07
HS-01482,MY-KK-006,flood_coastal,y2050,0.0,scored,false,m,Aqueduct Floods v2 coastal-wtsub (synthetic stand-in),synthetic,rcp8p5,100,2026-09-07
HS-01483,MY-KK-006,wind,y2050,35.9,measured_not_scored,false,m/s,STORM v4 (synthetic stand-in),synthetic,climate-change,100,2026-09-07
HS-01484,MY-KK-006,heat_days35,y2050,22.0,scored,false,days/yr,NEX-GDDP-CMIP6 vs ERA5-Land (synthetic stand-in),synthetic,ssp585,,2026-09-07
HS-01485,MY-KK-006,pm25,y2050,13.2,measured_not_scored,true,ug/m3,GHAP PM2.5 annual mean (synthetic stand-in),synthetic,,,2026-09-07
HS-01486,MY-KK-007,flood_riverine,today,0.0,scored,false,m,Aqueduct Floods v2 riverine (synthetic stand-in),synthetic,rcp8p5,100,2026-09-07
HS-01487,MY-KK-007,flood_coastal,today,0.0,scored,false,m,Aqueduct Floods v2 coastal-wtsub (synthetic stand-in),synthetic,rcp8p5,100,2026-09-07
HS-01488,MY-KK-007,wind,today,34.1,measured_not_scored,false,m/s,STORM v4 (synthetic stand-in),synthetic,present-climate,100,2026-09-07
HS-01489,MY-KK-007,heat_days35,today,0.0,scored,false,days/yr,NEX-GDDP-CMIP6 vs ERA5-Land (synthetic stand-in),synthetic,ssp585,,2026-09-07
HS-01490,MY-KK-007,pm25,today,13.1,measured_not_scored,true,ug/m3,GHAP PM2.5 annual mean (synthetic stand-in),synthetic,,,2026-09-07
HS-01491,MY-KK-007,flood_riverine,y2030,0.0,scored,false,m,Aqueduct Floods v2 riverine (synthetic stand-in),synthetic,rcp8p5,100,2026-09-07
HS-01492,MY-KK-007,flood_coastal,y2030,0.0,scored,false,m,Aqueduct Floods v2 coastal-wtsub (synthetic stand-in),synthetic,rcp8p5,100,2026-09-07
HS-01493,MY-KK-007,wind,y2030,34.8,measured_not_scored,false,m/s,STORM v4 (synthetic stand-in),synthetic,climate-change,100,2026-09-07
HS-01494,MY-KK-007,heat_days35,y2030,6.0,scored,false,days/yr,NEX-GDDP-CMIP6 vs ERA5-Land (synthetic stand-in),synthetic,ssp585,,2026-09-07
HS-01495,MY-KK-007,pm25,y2030,13.1,measured_not_scored,true,ug/m3,GHAP PM2.5 annual mean (synthetic stand-in),synthetic,,,2026-09-07
HS-01496,MY-KK-007,flood_riverine,y2050,0.0,scored,false,m,Aqueduct Floods v2 riverine (synthetic stand-in),synthetic,rcp8p5,100,2026-09-07
HS-01497,MY-KK-007,flood_coastal,y2050,0.0,scored,false,m,Aqueduct Floods v2 coastal-wtsub (synthetic stand-in),synthetic,rcp8p5,100,2026-09-07
HS-01498,MY-KK-007,wind,y2050,35.8,measured_not_scored,false,m/s,STORM v4 (synthetic stand-in),synthetic,climate-change,100,2026-09-07
HS-01499,MY-KK-007,heat_days35,y2050,21.0,scored,false,days/yr,NEX-GDDP-CMIP6 vs ERA5-Land (synthetic stand-in),synthetic,ssp585,,2026-09-07
HS-01500,MY-KK-007,pm25,y2050,13.1,measured_not_scored,true,ug/m3,GHAP PM2.5 annual mean (synthetic stand-in),synthetic,,,2026-09-07
HS-01501,ID-PL-001,flood_riverine,today,0.83,scored,false,m,Aqueduct Floods v2 riverine (synthetic stand-in),synthetic,rcp8p5,100,2026-09-07
HS-01502,ID-PL-001,flood_coastal,today,0.44,scored,false,m,Aqueduct Floods v2 coastal-wtsub (synthetic stand-in),synthetic,rcp8p5,100,2026-09-07
HS-01503,ID-PL-001,wind,today,,absent,false,m/s,STORM v4 (synthetic stand-in),synthetic,present-climate,100,2026-09-07
HS-01504,ID-PL-001,heat_days35,today,0.0,scored,false,days/yr,NEX-GDDP-CMIP6 vs ERA5-Land (synthetic stand-in),synthetic,ssp585,,2026-09-07
HS-01505,ID-PL-001,pm25,today,41.3,measured_not_scored,true,ug/m3,GHAP PM2.5 annual mean (synthetic stand-in),synthetic,,,2026-09-07
HS-01506,ID-PL-001,flood_riverine,y2030,0.94,scored,false,m,Aqueduct Floods v2 riverine (synthetic stand-in),synthetic,rcp8p5,100,2026-09-07
HS-01507,ID-PL-001,flood_coastal,y2030,0.59,scored,false,m,Aqueduct Floods v2 coastal-wtsub (synthetic stand-in),synthetic,rcp8p5,100,2026-09-07
HS-01508,ID-PL-001,wind,y2030,,absent,false,m/s,STORM v4 (synthetic stand-in),synthetic,climate-change,100,2026-09-07
HS-01509,ID-PL-001,heat_days35,y2030,5.0,scored,false,days/yr,NEX-GDDP-CMIP6 vs ERA5-Land (synthetic stand-in),synthetic,ssp585,,2026-09-07
HS-01510,ID-PL-001,pm25,y2030,41.3,measured_not_scored,true,ug/m3,GHAP PM2.5 annual mean (synthetic stand-in),synthetic,,,2026-09-07
HS-01511,ID-PL-001,flood_riverine,y2050,1.04,scored,false,m,Aqueduct Floods v2 riverine (synthetic stand-in),synthetic,rcp8p5,100,2026-09-07
HS-01512,ID-PL-001,flood_coastal,y2050,0.74,scored,false,m,Aqueduct Floods v2 coastal-wtsub (synthetic stand-in),synthetic,rcp8p5,100,2026-09-07
HS-01513,ID-PL-001,wind,y2050,,absent,false,m/s,STORM v4 (synthetic stand-in),synthetic,climate-change,100,2026-09-07
HS-01514,ID-PL-001,heat_days35,y2050,17.0,scored,false,days/yr,NEX-GDDP-CMIP6 vs ERA5-Land (synthetic stand-in),synthetic,ssp585,,2026-09-07
HS-01515,ID-PL-001,pm25,y2050,41.3,measured_not_scored,true,ug/m3,GHAP PM2.5 annual mean (synthetic stand-in),synthetic,,,2026-09-07
HS-01516,ID-PL-002,flood_riverine,today,0.9,scored,false,m,Aqueduct Floods v2 riverine (synthetic stand-in),synthetic,rcp8p5,100,2026-09-07
HS-01517,ID-PL-002,flood_coastal,today,2.3,scored,false,m,Aqueduct Floods v2 coastal-wtsub (synthetic stand-in),synthetic,rcp8p5,100,2026-09-07
HS-01518,ID-PL-002,wind,today,,absent,false,m/s,STORM v4 (synthetic stand-in),synthetic,present-climate,100,2026-09-07
HS-01519,ID-PL-002,heat_days35,today,0.0,scored,false,days/yr,NEX-GDDP-CMIP6 vs ERA5-Land (synthetic stand-in),synthetic,ssp585,,2026-09-07
HS-01520,ID-PL-002,pm25,today,40.2,measured_not_scored,true,ug/m3,GHAP PM2.5 annual mean (synthetic stand-in),synthetic,,,2026-09-07
HS-01521,ID-PL-002,flood_riverine,y2030,1.01,scored,false,m,Aqueduct Floods v2 riverine (synthetic stand-in),synthetic,rcp8p5,100,2026-09-07
HS-01522,ID-PL-002,flood_coastal,y2030,2.63,scored,false,m,Aqueduct Floods v2 coastal-wtsub (synthetic stand-in),synthetic,rcp8p5,100,2026-09-07
HS-01523,ID-PL-002,wind,y2030,,absent,false,m/s,STORM v4 (synthetic stand-in),synthetic,climate-change,100,2026-09-07
HS-01524,ID-PL-002,heat_days35,y2030,6.0,scored,false,days/yr,NEX-GDDP-CMIP6 vs ERA5-Land (synthetic stand-in),synthetic,ssp585,,2026-09-07
HS-01525,ID-PL-002,pm25,y2030,40.2,measured_not_scored,true,ug/m3,GHAP PM2.5 annual mean (synthetic stand-in),synthetic,,,2026-09-07
HS-01526,ID-PL-002,flood_riverine,y2050,1.12,scored,false,m,Aqueduct Floods v2 riverine (synthetic stand-in),synthetic,rcp8p5,100,2026-09-07
HS-01527,ID-PL-002,flood_coastal,y2050,2.96,scored,false,m,Aqueduct Floods v2 coastal-wtsub (synthetic stand-in),synthetic,rcp8p5,100,2026-09-07
HS-01528,ID-PL-002,wind,y2050,,absent,false,m/s,STORM v4 (synthetic stand-in),synthetic,climate-change,100,2026-09-07
HS-01529,ID-PL-002,heat_days35,y2050,20.0,scored,false,days/yr,NEX-GDDP-CMIP6 vs ERA5-Land (synthetic stand-in),synthetic,ssp585,,2026-09-07
HS-01530,ID-PL-002,pm25,y2050,40.2,measured_not_scored,true,ug/m3,GHAP PM2.5 annual mean (synthetic stand-in),synthetic,,,2026-09-07
HS-01531,ID-PL-003,flood_riverine,today,0.85,scored,false,m,Aqueduct Floods v2 riverine (synthetic stand-in),synthetic,rcp8p5,100,2026-09-07
HS-01532,ID-PL-003,flood_coastal,today,3.91,scored,false,m,Aqueduct Floods v2 coastal-wtsub (synthetic stand-in),synthetic,rcp8p5,100,2026-09-07
HS-01533,ID-PL-003,wind,today,,absent,false,m/s,STORM v4 (synthetic stand-in),synthetic,present-climate,100,2026-09-07
HS-01534,ID-PL-003,heat_days35,today,0.0,scored,false,days/yr,NEX-GDDP-CMIP6 vs ERA5-Land (synthetic stand-in),synthetic,ssp585,,2026-09-07
HS-01535,ID-PL-003,pm25,today,39.8,measured_not_scored,true,ug/m3,GHAP PM2.5 annual mean (synthetic stand-in),synthetic,,,2026-09-07
HS-01536,ID-PL-003,flood_riverine,y2030,0.96,scored,false,m,Aqueduct Floods v2 riverine (synthetic stand-in),synthetic,rcp8p5,100,2026-09-07
HS-01537,ID-PL-003,flood_coastal,y2030,4.33,scored,false,m,Aqueduct Floods v2 coastal-wtsub (synthetic stand-in),synthetic,rcp8p5,100,2026-09-07
HS-01538,ID-PL-003,wind,y2030,,absent,false,m/s,STORM v4 (synthetic stand-in),synthetic,climate-change,100,2026-09-07
HS-01539,ID-PL-003,heat_days35,y2030,7.0,scored,false,days/yr,NEX-GDDP-CMIP6 vs ERA5-Land (synthetic stand-in),synthetic,ssp585,,2026-09-07
HS-01540,ID-PL-003,pm25,y2030,39.8,measured_not_scored,true,ug/m3,GHAP PM2.5 annual mean (synthetic stand-in),synthetic,,,2026-09-07
HS-01541,ID-PL-003,flood_riverine,y2050,1.07,scored,false,m,Aqueduct Floods v2 riverine (synthetic stand-in),synthetic,rcp8p5,100,2026-09-07
HS-01542,ID-PL-003,flood_coastal,y2050,4.76,scored,false,m,Aqueduct Floods v2 coastal-wtsub (synthetic stand-in),synthetic,rcp8p5,100,2026-09-07
HS-01543,ID-PL-003,wind,y2050,,absent,false,m/s,STORM v4 (synthetic stand-in),synthetic,climate-change,100,2026-09-07
HS-01544,ID-PL-003,heat_days35,y2050,22.0,scored,false,days/yr,NEX-GDDP-CMIP6 vs ERA5-Land (synthetic stand-in),synthetic,ssp585,,2026-09-07
HS-01545,ID-PL-003,pm25,y2050,39.8,measured_not_scored,true,ug/m3,GHAP PM2.5 annual mean (synthetic stand-in),synthetic,,,2026-09-07
HS-01546,ID-PL-004,flood_riverine,today,0.86,scored,false,m,Aqueduct Floods v2 riverine (synthetic stand-in),synthetic,rcp8p5,100,2026-09-07
HS-01547,ID-PL-004,flood_coastal,today,1.97,scored,false,m,Aqueduct Floods v2 coastal-wtsub (synthetic stand-in),synthetic,rcp8p5,100,2026-09-07
HS-01548,ID-PL-004,wind,today,,absent,false,m/s,STORM v4 (synthetic stand-in),synthetic,present-climate,100,2026-09-07
HS-01549,ID-PL-004,heat_days35,today,0.0,scored,false,days/yr,NEX-GDDP-CMIP6 vs ERA5-Land (synthetic stand-in),synthetic,ssp585,,2026-09-07
HS-01550,ID-PL-004,pm25,today,41.0,measured_not_scored,true,ug/m3,GHAP PM2.5 annual mean (synthetic stand-in),synthetic,,,2026-09-07
HS-01551,ID-PL-004,flood_riverine,y2030,0.97,scored,false,m,Aqueduct Floods v2 riverine (synthetic stand-in),synthetic,rcp8p5,100,2026-09-07
HS-01552,ID-PL-004,flood_coastal,y2030,2.29,scored,false,m,Aqueduct Floods v2 coastal-wtsub (synthetic stand-in),synthetic,rcp8p5,100,2026-09-07
HS-01553,ID-PL-004,wind,y2030,,absent,false,m/s,STORM v4 (synthetic stand-in),synthetic,climate-change,100,2026-09-07
HS-01554,ID-PL-004,heat_days35,y2030,6.0,scored,false,days/yr,NEX-GDDP-CMIP6 vs ERA5-Land (synthetic stand-in),synthetic,ssp585,,2026-09-07
HS-01555,ID-PL-004,pm25,y2030,41.0,measured_not_scored,true,ug/m3,GHAP PM2.5 annual mean (synthetic stand-in),synthetic,,,2026-09-07
HS-01556,ID-PL-004,flood_riverine,y2050,1.08,scored,false,m,Aqueduct Floods v2 riverine (synthetic stand-in),synthetic,rcp8p5,100,2026-09-07
HS-01557,ID-PL-004,flood_coastal,y2050,2.62,scored,false,m,Aqueduct Floods v2 coastal-wtsub (synthetic stand-in),synthetic,rcp8p5,100,2026-09-07
HS-01558,ID-PL-004,wind,y2050,,absent,false,m/s,STORM v4 (synthetic stand-in),synthetic,climate-change,100,2026-09-07
HS-01559,ID-PL-004,heat_days35,y2050,20.0,scored,false,days/yr,NEX-GDDP-CMIP6 vs ERA5-Land (synthetic stand-in),synthetic,ssp585,,2026-09-07
HS-01560,ID-PL-004,pm25,y2050,41.0,measured_not_scored,true,ug/m3,GHAP PM2.5 annual mean (synthetic stand-in),synthetic,,,2026-09-07
HS-01561,ID-PL-005,flood_riverine,today,1.08,scored,false,m,Aqueduct Floods v2 riverine (synthetic stand-in),synthetic,rcp8p5,100,2026-09-07
HS-01562,ID-PL-005,flood_coastal,today,1.84,scored,false,m,Aqueduct Floods v2 coastal-wtsub (synthetic stand-in),synthetic,rcp8p5,100,2026-09-07
HS-01563,ID-PL-005,wind,today,,absent,false,m/s,STORM v4 (synthetic stand-in),synthetic,present-climate,100,2026-09-07
HS-01564,ID-PL-005,heat_days35,today,0.0,scored,false,days/yr,NEX-GDDP-CMIP6 vs ERA5-Land (synthetic stand-in),synthetic,ssp585,,2026-09-07
HS-01565,ID-PL-005,pm25,today,42.2,measured_not_scored,true,ug/m3,GHAP PM2.5 annual mean (synthetic stand-in),synthetic,,,2026-09-07
HS-01566,ID-PL-005,flood_riverine,y2030,1.22,scored,false,m,Aqueduct Floods v2 riverine (synthetic stand-in),synthetic,rcp8p5,100,2026-09-07
HS-01567,ID-PL-005,flood_coastal,y2030,2.16,scored,false,m,Aqueduct Floods v2 coastal-wtsub (synthetic stand-in),synthetic,rcp8p5,100,2026-09-07
HS-01568,ID-PL-005,wind,y2030,,absent,false,m/s,STORM v4 (synthetic stand-in),synthetic,climate-change,100,2026-09-07
HS-01569,ID-PL-005,heat_days35,y2030,6.0,scored,false,days/yr,NEX-GDDP-CMIP6 vs ERA5-Land (synthetic stand-in),synthetic,ssp585,,2026-09-07
HS-01570,ID-PL-005,pm25,y2030,42.2,measured_not_scored,true,ug/m3,GHAP PM2.5 annual mean (synthetic stand-in),synthetic,,,2026-09-07
HS-01571,ID-PL-005,flood_riverine,y2050,1.35,scored,false,m,Aqueduct Floods v2 riverine (synthetic stand-in),synthetic,rcp8p5,100,2026-09-07
HS-01572,ID-PL-005,flood_coastal,y2050,2.48,scored,false,m,Aqueduct Floods v2 coastal-wtsub (synthetic stand-in),synthetic,rcp8p5,100,2026-09-07
HS-01573,ID-PL-005,wind,y2050,,absent,false,m/s,STORM v4 (synthetic stand-in),synthetic,climate-change,100,2026-09-07
HS-01574,ID-PL-005,heat_days35,y2050,18.0,scored,false,days/yr,NEX-GDDP-CMIP6 vs ERA5-Land (synthetic stand-in),synthetic,ssp585,,2026-09-07
HS-01575,ID-PL-005,pm25,y2050,42.2,measured_not_scored,true,ug/m3,GHAP PM2.5 annual mean (synthetic stand-in),synthetic,,,2026-09-07
HS-01576,ID-PL-006,flood_riverine,today,1.06,scored,false,m,Aqueduct Floods v2 riverine (synthetic stand-in),synthetic,rcp8p5,100,2026-09-07
HS-01577,ID-PL-006,flood_coastal,today,0.79,scored,false,m,Aqueduct Floods v2 coastal-wtsub (synthetic stand-in),synthetic,rcp8p5,100,2026-09-07
HS-01578,ID-PL-006,wind,today,,absent,false,m/s,STORM v4 (synthetic stand-in),synthetic,present-climate,100,2026-09-07
HS-01579,ID-PL-006,heat_days35,today,0.0,scored,false,days/yr,NEX-GDDP-CMIP6 vs ERA5-Land (synthetic stand-in),synthetic,ssp585,,2026-09-07
HS-01580,ID-PL-006,pm25,today,42.0,measured_not_scored,true,ug/m3,GHAP PM2.5 annual mean (synthetic stand-in),synthetic,,,2026-09-07
HS-01581,ID-PL-006,flood_riverine,y2030,1.19,scored,false,m,Aqueduct Floods v2 riverine (synthetic stand-in),synthetic,rcp8p5,100,2026-09-07
HS-01582,ID-PL-006,flood_coastal,y2030,1.0,scored,false,m,Aqueduct Floods v2 coastal-wtsub (synthetic stand-in),synthetic,rcp8p5,100,2026-09-07
HS-01583,ID-PL-006,wind,y2030,,absent,false,m/s,STORM v4 (synthetic stand-in),synthetic,climate-change,100,2026-09-07
HS-01584,ID-PL-006,heat_days35,y2030,6.0,scored,false,days/yr,NEX-GDDP-CMIP6 vs ERA5-Land (synthetic stand-in),synthetic,ssp585,,2026-09-07
HS-01585,ID-PL-006,pm25,y2030,42.0,measured_not_scored,true,ug/m3,GHAP PM2.5 annual mean (synthetic stand-in),synthetic,,,2026-09-07
HS-01586,ID-PL-006,flood_riverine,y2050,1.33,scored,false,m,Aqueduct Floods v2 riverine (synthetic stand-in),synthetic,rcp8p5,100,2026-09-07
HS-01587,ID-PL-006,flood_coastal,y2050,1.21,scored,false,m,Aqueduct Floods v2 coastal-wtsub (synthetic stand-in),synthetic,rcp8p5,100,2026-09-07
HS-01588,ID-PL-006,wind,y2050,,absent,false,m/s,STORM v4 (synthetic stand-in),synthetic,climate-change,100,2026-09-07
HS-01589,ID-PL-006,heat_days35,y2050,18.0,scored,false,days/yr,NEX-GDDP-CMIP6 vs ERA5-Land (synthetic stand-in),synthetic,ssp585,,2026-09-07
HS-01590,ID-PL-006,pm25,y2050,42.0,measured_not_scored,true,ug/m3,GHAP PM2.5 annual mean (synthetic stand-in),synthetic,,,2026-09-07
HS-01591,ID-PL-007,flood_riverine,today,0.78,scored,false,m,Aqueduct Floods v2 riverine (synthetic stand-in),synthetic,rcp8p5,100,2026-09-07
HS-01592,ID-PL-007,flood_coastal,today,3.58,scored,false,m,Aqueduct Floods v2 coastal-wtsub (synthetic stand-in),synthetic,rcp8p5,100,2026-09-07
HS-01593,ID-PL-007,wind,today,,absent,false,m/s,STORM v4 (synthetic stand-in),synthetic,present-climate,100,2026-09-07
HS-01594,ID-PL-007,heat_days35,today,0.0,scored,false,days/yr,NEX-GDDP-CMIP6 vs ERA5-Land (synthetic stand-in),synthetic,ssp585,,2026-09-07
HS-01595,ID-PL-007,pm25,today,41.7,measured_not_scored,true,ug/m3,GHAP PM2.5 annual mean (synthetic stand-in),synthetic,,,2026-09-07
HS-01596,ID-PL-007,flood_riverine,y2030,0.87,scored,false,m,Aqueduct Floods v2 riverine (synthetic stand-in),synthetic,rcp8p5,100,2026-09-07
HS-01597,ID-PL-007,flood_coastal,y2030,3.99,scored,false,m,Aqueduct Floods v2 coastal-wtsub (synthetic stand-in),synthetic,rcp8p5,100,2026-09-07
HS-01598,ID-PL-007,wind,y2030,,absent,false,m/s,STORM v4 (synthetic stand-in),synthetic,climate-change,100,2026-09-07
HS-01599,ID-PL-007,heat_days35,y2030,7.0,scored,false,days/yr,NEX-GDDP-CMIP6 vs ERA5-Land (synthetic stand-in),synthetic,ssp585,,2026-09-07
HS-01600,ID-PL-007,pm25,y2030,41.7,measured_not_scored,true,ug/m3,GHAP PM2.5 annual mean (synthetic stand-in),synthetic,,,2026-09-07
HS-01601,ID-PL-007,flood_riverine,y2050,0.97,scored,false,m,Aqueduct Floods v2 riverine (synthetic stand-in),synthetic,rcp8p5,100,2026-09-07
HS-01602,ID-PL-007,flood_coastal,y2050,4.4,scored,false,m,Aqueduct Floods v2 coastal-wtsub (synthetic stand-in),synthetic,rcp8p5,100,2026-09-07
HS-01603,ID-PL-007,wind,y2050,,absent,false,m/s,STORM v4 (synthetic stand-in),synthetic,climate-change,100,2026-09-07
HS-01604,ID-PL-007,heat_days35,y2050,21.0,scored,false,days/yr,NEX-GDDP-CMIP6 vs ERA5-Land (synthetic stand-in),synthetic,ssp585,,2026-09-07
HS-01605,ID-PL-007,pm25,y2050,41.7,measured_not_scored,true,ug/m3,GHAP PM2.5 annual mean (synthetic stand-in),synthetic,,,2026-09-07
HS-01606,ID-PL-008,flood_riverine,today,0.68,scored,false,m,Aqueduct Floods v2 riverine (synthetic stand-in),synthetic,rcp8p5,100,2026-09-07
HS-01607,ID-PL-008,flood_coastal,today,0.45,scored,false,m,Aqueduct Floods v2 coastal-wtsub (synthetic stand-in),synthetic,rcp8p5,100,2026-09-07
HS-01608,ID-PL-008,wind,today,,absent,false,m/s,STORM v4 (synthetic stand-in),synthetic,present-climate,100,2026-09-07
HS-01609,ID-PL-008,heat_days35,today,0.0,scored,false,days/yr,NEX-GDDP-CMIP6 vs ERA5-Land (synthetic stand-in),synthetic,ssp585,,2026-09-07
HS-01610,ID-PL-008,pm25,today,41.6,measured_not_scored,true,ug/m3,GHAP PM2.5 annual mean (synthetic stand-in),synthetic,,,2026-09-07
HS-01611,ID-PL-008,flood_riverine,y2030,0.76,scored,false,m,Aqueduct Floods v2 riverine (synthetic stand-in),synthetic,rcp8p5,100,2026-09-07
HS-01612,ID-PL-008,flood_coastal,y2030,0.6,scored,false,m,Aqueduct Floods v2 coastal-wtsub (synthetic stand-in),synthetic,rcp8p5,100,2026-09-07
HS-01613,ID-PL-008,wind,y2030,,absent,false,m/s,STORM v4 (synthetic stand-in),synthetic,climate-change,100,2026-09-07
HS-01614,ID-PL-008,heat_days35,y2030,5.0,scored,false,days/yr,NEX-GDDP-CMIP6 vs ERA5-Land (synthetic stand-in),synthetic,ssp585,,2026-09-07
HS-01615,ID-PL-008,pm25,y2030,41.6,measured_not_scored,true,ug/m3,GHAP PM2.5 annual mean (synthetic stand-in),synthetic,,,2026-09-07
HS-01616,ID-PL-008,flood_riverine,y2050,0.85,scored,false,m,Aqueduct Floods v2 riverine (synthetic stand-in),synthetic,rcp8p5,100,2026-09-07
HS-01617,ID-PL-008,flood_coastal,y2050,0.76,scored,false,m,Aqueduct Floods v2 coastal-wtsub (synthetic stand-in),synthetic,rcp8p5,100,2026-09-07
HS-01618,ID-PL-008,wind,y2050,,absent,false,m/s,STORM v4 (synthetic stand-in),synthetic,climate-change,100,2026-09-07
HS-01619,ID-PL-008,heat_days35,y2050,18.0,scored,false,days/yr,NEX-GDDP-CMIP6 vs ERA5-Land (synthetic stand-in),synthetic,ssp585,,2026-09-07
HS-01620,ID-PL-008,pm25,y2050,41.6,measured_not_scored,true,ug/m3,GHAP PM2.5 annual mean (synthetic stand-in),synthetic,,,2026-09-07
HS-01621,ID-PL-009,flood_riverine,today,0.94,scored,false,m,Aqueduct Floods v2 riverine (synthetic stand-in),synthetic,rcp8p5,100,2026-09-07
HS-01622,ID-PL-009,flood_coastal,today,0.94,scored,false,m,Aqueduct Floods v2 coastal-wtsub (synthetic stand-in),synthetic,rcp8p5,100,2026-09-07
HS-01623,ID-PL-009,wind,today,,absent,false,m/s,STORM v4 (synthetic stand-in),synthetic,present-climate,100,2026-09-07
HS-01624,ID-PL-009,heat_days35,today,0.0,scored,false,days/yr,NEX-GDDP-CMIP6 vs ERA5-Land (synthetic stand-in),synthetic,ssp585,,2026-09-07
HS-01625,ID-PL-009,pm25,today,40.5,measured_not_scored,true,ug/m3,GHAP PM2.5 annual mean (synthetic stand-in),synthetic,,,2026-09-07
HS-01626,ID-PL-009,flood_riverine,y2030,1.06,scored,false,m,Aqueduct Floods v2 riverine (synthetic stand-in),synthetic,rcp8p5,100,2026-09-07
HS-01627,ID-PL-009,flood_coastal,y2030,1.18,scored,false,m,Aqueduct Floods v2 coastal-wtsub (synthetic stand-in),synthetic,rcp8p5,100,2026-09-07
HS-01628,ID-PL-009,wind,y2030,,absent,false,m/s,STORM v4 (synthetic stand-in),synthetic,climate-change,100,2026-09-07
HS-01629,ID-PL-009,heat_days35,y2030,6.0,scored,false,days/yr,NEX-GDDP-CMIP6 vs ERA5-Land (synthetic stand-in),synthetic,ssp585,,2026-09-07
HS-01630,ID-PL-009,pm25,y2030,40.5,measured_not_scored,true,ug/m3,GHAP PM2.5 annual mean (synthetic stand-in),synthetic,,,2026-09-07
HS-01631,ID-PL-009,flood_riverine,y2050,1.18,scored,false,m,Aqueduct Floods v2 riverine (synthetic stand-in),synthetic,rcp8p5,100,2026-09-07
HS-01632,ID-PL-009,flood_coastal,y2050,1.43,scored,false,m,Aqueduct Floods v2 coastal-wtsub (synthetic stand-in),synthetic,rcp8p5,100,2026-09-07
HS-01633,ID-PL-009,wind,y2050,,absent,false,m/s,STORM v4 (synthetic stand-in),synthetic,climate-change,100,2026-09-07
HS-01634,ID-PL-009,heat_days35,y2050,21.0,scored,false,days/yr,NEX-GDDP-CMIP6 vs ERA5-Land (synthetic stand-in),synthetic,ssp585,,2026-09-07
HS-01635,ID-PL-009,pm25,y2050,40.5,measured_not_scored,true,ug/m3,GHAP PM2.5 annual mean (synthetic stand-in),synthetic,,,2026-09-07
HS-01636,ID-PL-010,flood_riverine,today,1.03,scored,false,m,Aqueduct Floods v2 riverine (synthetic stand-in),synthetic,rcp8p5,100,2026-09-07
HS-01637,ID-PL-010,flood_coastal,today,4.35,scored,false,m,Aqueduct Floods v2 coastal-wtsub (synthetic stand-in),synthetic,rcp8p5,100,2026-09-07
HS-01638,ID-PL-010,wind,today,,absent,false,m/s,STORM v4 (synthetic stand-in),synthetic,present-climate,100,2026-09-07
HS-01639,ID-PL-010,heat_days35,today,0.0,scored,false,days/yr,NEX-GDDP-CMIP6 vs ERA5-Land (synthetic stand-in),synthetic,ssp585,,2026-09-07
HS-01640,ID-PL-010,pm25,today,41.2,measured_not_scored,true,ug/m3,GHAP PM2.5 annual mean (synthetic stand-in),synthetic,,,2026-09-07
HS-01641,ID-PL-010,flood_riverine,y2030,1.16,scored,false,m,Aqueduct Floods v2 riverine (synthetic stand-in),synthetic,rcp8p5,100,2026-09-07
HS-01642,ID-PL-010,flood_coastal,y2030,4.85,scored,false,m,Aqueduct Floods v2 coastal-wtsub (synthetic stand-in),synthetic,rcp8p5,100,2026-09-07
HS-01643,ID-PL-010,wind,y2030,,absent,false,m/s,STORM v4 (synthetic stand-in),synthetic,climate-change,100,2026-09-07
HS-01644,ID-PL-010,heat_days35,y2030,5.0,scored,false,days/yr,NEX-GDDP-CMIP6 vs ERA5-Land (synthetic stand-in),synthetic,ssp585,,2026-09-07
HS-01645,ID-PL-010,pm25,y2030,41.2,measured_not_scored,true,ug/m3,GHAP PM2.5 annual mean (synthetic stand-in),synthetic,,,2026-09-07
HS-01646,ID-PL-010,flood_riverine,y2050,1.29,scored,false,m,Aqueduct Floods v2 riverine (synthetic stand-in),synthetic,rcp8p5,100,2026-09-07
HS-01647,ID-PL-010,flood_coastal,y2050,5.35,scored,false,m,Aqueduct Floods v2 coastal-wtsub (synthetic stand-in),synthetic,rcp8p5,100,2026-09-07
HS-01648,ID-PL-010,wind,y2050,,absent,false,m/s,STORM v4 (synthetic stand-in),synthetic,climate-change,100,2026-09-07
HS-01649,ID-PL-010,heat_days35,y2050,18.0,scored,false,days/yr,NEX-GDDP-CMIP6 vs ERA5-Land (synthetic stand-in),synthetic,ssp585,,2026-09-07
HS-01650,ID-PL-010,pm25,y2050,41.2,measured_not_scored,true,ug/m3,GHAP PM2.5 annual mean (synthetic stand-in),synthetic,,,2026-09-07
HS-01651,ID-PL-011,flood_riverine,today,0.97,scored,false,m,Aqueduct Floods v2 riverine (synthetic stand-in),synthetic,rcp8p5,100,2026-09-07
HS-01652,ID-PL-011,flood_coastal,today,2.17,scored,false,m,Aqueduct Floods v2 coastal-wtsub (synthetic stand-in),synthetic,rcp8p5,100,2026-09-07
HS-01653,ID-PL-011,wind,today,,absent,false,m/s,STORM v4 (synthetic stand-in),synthetic,present-climate,100,2026-09-07
HS-01654,ID-PL-011,heat_days35,today,0.0,scored,false,days/yr,NEX-GDDP-CMIP6 vs ERA5-Land (synthetic stand-in),synthetic,ssp585,,2026-09-07
HS-01655,ID-PL-011,pm25,today,41.3,measured_not_scored,true,ug/m3,GHAP PM2.5 annual mean (synthetic stand-in),synthetic,,,2026-09-07
HS-01656,ID-PL-011,flood_riverine,y2030,1.09,scored,false,m,Aqueduct Floods v2 riverine (synthetic stand-in),synthetic,rcp8p5,100,2026-09-07
HS-01657,ID-PL-011,flood_coastal,y2030,2.48,scored,false,m,Aqueduct Floods v2 coastal-wtsub (synthetic stand-in),synthetic,rcp8p5,100,2026-09-07
HS-01658,ID-PL-011,wind,y2030,,absent,false,m/s,STORM v4 (synthetic stand-in),synthetic,climate-change,100,2026-09-07
HS-01659,ID-PL-011,heat_days35,y2030,6.0,scored,false,days/yr,NEX-GDDP-CMIP6 vs ERA5-Land (synthetic stand-in),synthetic,ssp585,,2026-09-07
HS-01660,ID-PL-011,pm25,y2030,41.3,measured_not_scored,true,ug/m3,GHAP PM2.5 annual mean (synthetic stand-in),synthetic,,,2026-09-07
HS-01661,ID-PL-011,flood_riverine,y2050,1.22,scored,false,m,Aqueduct Floods v2 riverine (synthetic stand-in),synthetic,rcp8p5,100,2026-09-07
HS-01662,ID-PL-011,flood_coastal,y2050,2.79,scored,false,m,Aqueduct Floods v2 coastal-wtsub (synthetic stand-in),synthetic,rcp8p5,100,2026-09-07
HS-01663,ID-PL-011,wind,y2050,,absent,false,m/s,STORM v4 (synthetic stand-in),synthetic,climate-change,100,2026-09-07
HS-01664,ID-PL-011,heat_days35,y2050,21.0,scored,false,days/yr,NEX-GDDP-CMIP6 vs ERA5-Land (synthetic stand-in),synthetic,ssp585,,2026-09-07
HS-01665,ID-PL-011,pm25,y2050,41.3,measured_not_scored,true,ug/m3,GHAP PM2.5 annual mean (synthetic stand-in),synthetic,,,2026-09-07
HS-01666,ID-PL-012,flood_riverine,today,0.65,scored,false,m,Aqueduct Floods v2 riverine (synthetic stand-in),synthetic,rcp8p5,100,2026-09-07
HS-01667,ID-PL-012,flood_coastal,today,0.8,scored,false,m,Aqueduct Floods v2 coastal-wtsub (synthetic stand-in),synthetic,rcp8p5,100,2026-09-07
HS-01668,ID-PL-012,wind,today,,absent,false,m/s,STORM v4 (synthetic stand-in),synthetic,present-climate,100,2026-09-07
HS-01669,ID-PL-012,heat_days35,today,0.0,scored,false,days/yr,NEX-GDDP-CMIP6 vs ERA5-Land (synthetic stand-in),synthetic,ssp585,,2026-09-07
HS-01670,ID-PL-012,pm25,today,42.2,measured_not_scored,true,ug/m3,GHAP PM2.5 annual mean (synthetic stand-in),synthetic,,,2026-09-07
HS-01671,ID-PL-012,flood_riverine,y2030,0.73,scored,false,m,Aqueduct Floods v2 riverine (synthetic stand-in),synthetic,rcp8p5,100,2026-09-07
HS-01672,ID-PL-012,flood_coastal,y2030,1.05,scored,false,m,Aqueduct Floods v2 coastal-wtsub (synthetic stand-in),synthetic,rcp8p5,100,2026-09-07
HS-01673,ID-PL-012,wind,y2030,,absent,false,m/s,STORM v4 (synthetic stand-in),synthetic,climate-change,100,2026-09-07
HS-01674,ID-PL-012,heat_days35,y2030,7.0,scored,false,days/yr,NEX-GDDP-CMIP6 vs ERA5-Land (synthetic stand-in),synthetic,ssp585,,2026-09-07
HS-01675,ID-PL-012,pm25,y2030,42.2,measured_not_scored,true,ug/m3,GHAP PM2.5 annual mean (synthetic stand-in),synthetic,,,2026-09-07
HS-01676,ID-PL-012,flood_riverine,y2050,0.81,scored,false,m,Aqueduct Floods v2 riverine (synthetic stand-in),synthetic,rcp8p5,100,2026-09-07
HS-01677,ID-PL-012,flood_coastal,y2050,1.32,scored,false,m,Aqueduct Floods v2 coastal-wtsub (synthetic stand-in),synthetic,rcp8p5,100,2026-09-07
HS-01678,ID-PL-012,wind,y2050,,absent,false,m/s,STORM v4 (synthetic stand-in),synthetic,climate-change,100,2026-09-07
HS-01679,ID-PL-012,heat_days35,y2050,22.0,scored,false,days/yr,NEX-GDDP-CMIP6 vs ERA5-Land (synthetic stand-in),synthetic,ssp585,,2026-09-07
HS-01680,ID-PL-012,pm25,y2050,42.2,measured_not_scored,true,ug/m3,GHAP PM2.5 annual mean (synthetic stand-in),synthetic,,,2026-09-07
HS-01681,ID-CJ-001,flood_riverine,today,0.19,scored,false,m,Aqueduct Floods v2 riverine (synthetic stand-in),synthetic,rcp8p5,100,2026-09-07
HS-01682,ID-CJ-001,flood_coastal,today,0.0,scored,false,m,Aqueduct Floods v2 coastal-wtsub (synthetic stand-in),synthetic,rcp8p5,100,2026-09-07
HS-01683,ID-CJ-001,wind,today,,absent,false,m/s,STORM v4 (synthetic stand-in),synthetic,present-climate,100,2026-09-07
HS-01684,ID-CJ-001,heat_days35,today,0.0,scored,false,days/yr,NEX-GDDP-CMIP6 vs ERA5-Land (synthetic stand-in),synthetic,ssp585,,2026-09-07
HS-01685,ID-CJ-001,pm25,today,40.5,measured_not_scored,true,ug/m3,GHAP PM2.5 annual mean (synthetic stand-in),synthetic,,,2026-09-07
HS-01686,ID-CJ-001,flood_riverine,y2030,0.21,scored,false,m,Aqueduct Floods v2 riverine (synthetic stand-in),synthetic,rcp8p5,100,2026-09-07
HS-01687,ID-CJ-001,flood_coastal,y2030,0.0,scored,false,m,Aqueduct Floods v2 coastal-wtsub (synthetic stand-in),synthetic,rcp8p5,100,2026-09-07
HS-01688,ID-CJ-001,wind,y2030,,absent,false,m/s,STORM v4 (synthetic stand-in),synthetic,climate-change,100,2026-09-07
HS-01689,ID-CJ-001,heat_days35,y2030,6.0,scored,false,days/yr,NEX-GDDP-CMIP6 vs ERA5-Land (synthetic stand-in),synthetic,ssp585,,2026-09-07
HS-01690,ID-CJ-001,pm25,y2030,40.5,measured_not_scored,true,ug/m3,GHAP PM2.5 annual mean (synthetic stand-in),synthetic,,,2026-09-07
HS-01691,ID-CJ-001,flood_riverine,y2050,0.24,scored,false,m,Aqueduct Floods v2 riverine (synthetic stand-in),synthetic,rcp8p5,100,2026-09-07
HS-01692,ID-CJ-001,flood_coastal,y2050,0.0,scored,false,m,Aqueduct Floods v2 coastal-wtsub (synthetic stand-in),synthetic,rcp8p5,100,2026-09-07
HS-01693,ID-CJ-001,wind,y2050,,absent,false,m/s,STORM v4 (synthetic stand-in),synthetic,climate-change,100,2026-09-07
HS-01694,ID-CJ-001,heat_days35,y2050,18.0,scored,false,days/yr,NEX-GDDP-CMIP6 vs ERA5-Land (synthetic stand-in),synthetic,ssp585,,2026-09-07
HS-01695,ID-CJ-001,pm25,y2050,40.5,measured_not_scored,true,ug/m3,GHAP PM2.5 annual mean (synthetic stand-in),synthetic,,,2026-09-07
HS-01696,ID-CJ-002,flood_riverine,today,0.0,scored,false,m,Aqueduct Floods v2 riverine (synthetic stand-in),synthetic,rcp8p5,100,2026-09-07
HS-01697,ID-CJ-002,flood_coastal,today,0.0,scored,false,m,Aqueduct Floods v2 coastal-wtsub (synthetic stand-in),synthetic,rcp8p5,100,2026-09-07
HS-01698,ID-CJ-002,wind,today,,absent,false,m/s,STORM v4 (synthetic stand-in),synthetic,present-climate,100,2026-09-07
HS-01699,ID-CJ-002,heat_days35,today,0.0,scored,false,days/yr,NEX-GDDP-CMIP6 vs ERA5-Land (synthetic stand-in),synthetic,ssp585,,2026-09-07
HS-01700,ID-CJ-002,pm25,today,41.2,measured_not_scored,true,ug/m3,GHAP PM2.5 annual mean (synthetic stand-in),synthetic,,,2026-09-07
HS-01701,ID-CJ-002,flood_riverine,y2030,0.0,scored,false,m,Aqueduct Floods v2 riverine (synthetic stand-in),synthetic,rcp8p5,100,2026-09-07
HS-01702,ID-CJ-002,flood_coastal,y2030,0.0,scored,false,m,Aqueduct Floods v2 coastal-wtsub (synthetic stand-in),synthetic,rcp8p5,100,2026-09-07
HS-01703,ID-CJ-002,wind,y2030,,absent,false,m/s,STORM v4 (synthetic stand-in),synthetic,climate-change,100,2026-09-07
HS-01704,ID-CJ-002,heat_days35,y2030,7.0,scored,false,days/yr,NEX-GDDP-CMIP6 vs ERA5-Land (synthetic stand-in),synthetic,ssp585,,2026-09-07
HS-01705,ID-CJ-002,pm25,y2030,41.2,measured_not_scored,true,ug/m3,GHAP PM2.5 annual mean (synthetic stand-in),synthetic,,,2026-09-07
HS-01706,ID-CJ-002,flood_riverine,y2050,0.0,scored,false,m,Aqueduct Floods v2 riverine (synthetic stand-in),synthetic,rcp8p5,100,2026-09-07
HS-01707,ID-CJ-002,flood_coastal,y2050,0.0,scored,false,m,Aqueduct Floods v2 coastal-wtsub (synthetic stand-in),synthetic,rcp8p5,100,2026-09-07
HS-01708,ID-CJ-002,wind,y2050,,absent,false,m/s,STORM v4 (synthetic stand-in),synthetic,climate-change,100,2026-09-07
HS-01709,ID-CJ-002,heat_days35,y2050,22.0,scored,false,days/yr,NEX-GDDP-CMIP6 vs ERA5-Land (synthetic stand-in),synthetic,ssp585,,2026-09-07
HS-01710,ID-CJ-002,pm25,y2050,41.2,measured_not_scored,true,ug/m3,GHAP PM2.5 annual mean (synthetic stand-in),synthetic,,,2026-09-07
HS-01711,ID-CJ-003,flood_riverine,today,0.12,scored,false,m,Aqueduct Floods v2 riverine (synthetic stand-in),synthetic,rcp8p5,100,2026-09-07
HS-01712,ID-CJ-003,flood_coastal,today,0.0,scored,false,m,Aqueduct Floods v2 coastal-wtsub (synthetic stand-in),synthetic,rcp8p5,100,2026-09-07
HS-01713,ID-CJ-003,wind,today,,absent,false,m/s,STORM v4 (synthetic stand-in),synthetic,present-climate,100,2026-09-07
HS-01714,ID-CJ-003,heat_days35,today,0.0,scored,false,days/yr,NEX-GDDP-CMIP6 vs ERA5-Land (synthetic stand-in),synthetic,ssp585,,2026-09-07
HS-01715,ID-CJ-003,pm25,today,41.7,measured_not_scored,true,ug/m3,GHAP PM2.5 annual mean (synthetic stand-in),synthetic,,,2026-09-07
HS-01716,ID-CJ-003,flood_riverine,y2030,0.13,scored,false,m,Aqueduct Floods v2 riverine (synthetic stand-in),synthetic,rcp8p5,100,2026-09-07
HS-01717,ID-CJ-003,flood_coastal,y2030,0.0,scored,false,m,Aqueduct Floods v2 coastal-wtsub (synthetic stand-in),synthetic,rcp8p5,100,2026-09-07
HS-01718,ID-CJ-003,wind,y2030,,absent,false,m/s,STORM v4 (synthetic stand-in),synthetic,climate-change,100,2026-09-07
HS-01719,ID-CJ-003,heat_days35,y2030,6.0,scored,false,days/yr,NEX-GDDP-CMIP6 vs ERA5-Land (synthetic stand-in),synthetic,ssp585,,2026-09-07
HS-01720,ID-CJ-003,pm25,y2030,41.7,measured_not_scored,true,ug/m3,GHAP PM2.5 annual mean (synthetic stand-in),synthetic,,,2026-09-07
HS-01721,ID-CJ-003,flood_riverine,y2050,0.14,scored,false,m,Aqueduct Floods v2 riverine (synthetic stand-in),synthetic,rcp8p5,100,2026-09-07
HS-01722,ID-CJ-003,flood_coastal,y2050,0.0,scored,false,m,Aqueduct Floods v2 coastal-wtsub (synthetic stand-in),synthetic,rcp8p5,100,2026-09-07
HS-01723,ID-CJ-003,wind,y2050,,absent,false,m/s,STORM v4 (synthetic stand-in),synthetic,climate-change,100,2026-09-07
HS-01724,ID-CJ-003,heat_days35,y2050,21.0,scored,false,days/yr,NEX-GDDP-CMIP6 vs ERA5-Land (synthetic stand-in),synthetic,ssp585,,2026-09-07
HS-01725,ID-CJ-003,pm25,y2050,41.7,measured_not_scored,true,ug/m3,GHAP PM2.5 annual mean (synthetic stand-in),synthetic,,,2026-09-07
HS-01726,ID-CJ-004,flood_riverine,today,0.12,scored,false,m,Aqueduct Floods v2 riverine (synthetic stand-in),synthetic,rcp8p5,100,2026-09-07
HS-01727,ID-CJ-004,flood_coastal,today,0.0,scored,false,m,Aqueduct Floods v2 coastal-wtsub (synthetic stand-in),synthetic,rcp8p5,100,2026-09-07
HS-01728,ID-CJ-004,wind,today,,absent,false,m/s,STORM v4 (synthetic stand-in),synthetic,present-climate,100,2026-09-07
HS-01729,ID-CJ-004,heat_days35,today,0.0,scored,false,days/yr,NEX-GDDP-CMIP6 vs ERA5-Land (synthetic stand-in),synthetic,ssp585,,2026-09-07
HS-01730,ID-CJ-004,pm25,today,40.9,measured_not_scored,true,ug/m3,GHAP PM2.5 annual mean (synthetic stand-in),synthetic,,,2026-09-07
HS-01731,ID-CJ-004,flood_riverine,y2030,0.13,scored,false,m,Aqueduct Floods v2 riverine (synthetic stand-in),synthetic,rcp8p5,100,2026-09-07
HS-01732,ID-CJ-004,flood_coastal,y2030,0.0,scored,false,m,Aqueduct Floods v2 coastal-wtsub (synthetic stand-in),synthetic,rcp8p5,100,2026-09-07
HS-01733,ID-CJ-004,wind,y2030,,absent,false,m/s,STORM v4 (synthetic stand-in),synthetic,climate-change,100,2026-09-07
HS-01734,ID-CJ-004,heat_days35,y2030,6.0,scored,false,days/yr,NEX-GDDP-CMIP6 vs ERA5-Land (synthetic stand-in),synthetic,ssp585,,2026-09-07
HS-01735,ID-CJ-004,pm25,y2030,40.9,measured_not_scored,true,ug/m3,GHAP PM2.5 annual mean (synthetic stand-in),synthetic,,,2026-09-07
HS-01736,ID-CJ-004,flood_riverine,y2050,0.15,scored,false,m,Aqueduct Floods v2 riverine (synthetic stand-in),synthetic,rcp8p5,100,2026-09-07
HS-01737,ID-CJ-004,flood_coastal,y2050,0.0,scored,false,m,Aqueduct Floods v2 coastal-wtsub (synthetic stand-in),synthetic,rcp8p5,100,2026-09-07
HS-01738,ID-CJ-004,wind,y2050,,absent,false,m/s,STORM v4 (synthetic stand-in),synthetic,climate-change,100,2026-09-07
HS-01739,ID-CJ-004,heat_days35,y2050,20.0,scored,false,days/yr,NEX-GDDP-CMIP6 vs ERA5-Land (synthetic stand-in),synthetic,ssp585,,2026-09-07
HS-01740,ID-CJ-004,pm25,y2050,40.9,measured_not_scored,true,ug/m3,GHAP PM2.5 annual mean (synthetic stand-in),synthetic,,,2026-09-07
HS-01741,ID-CJ-005,flood_riverine,today,0.0,scored,false,m,Aqueduct Floods v2 riverine (synthetic stand-in),synthetic,rcp8p5,100,2026-09-07
HS-01742,ID-CJ-005,flood_coastal,today,0.0,scored,false,m,Aqueduct Floods v2 coastal-wtsub (synthetic stand-in),synthetic,rcp8p5,100,2026-09-07
HS-01743,ID-CJ-005,wind,today,,absent,false,m/s,STORM v4 (synthetic stand-in),synthetic,present-climate,100,2026-09-07
HS-01744,ID-CJ-005,heat_days35,today,0.0,scored,false,days/yr,NEX-GDDP-CMIP6 vs ERA5-Land (synthetic stand-in),synthetic,ssp585,,2026-09-07
HS-01745,ID-CJ-005,pm25,today,40.8,measured_not_scored,true,ug/m3,GHAP PM2.5 annual mean (synthetic stand-in),synthetic,,,2026-09-07
HS-01746,ID-CJ-005,flood_riverine,y2030,0.0,scored,false,m,Aqueduct Floods v2 riverine (synthetic stand-in),synthetic,rcp8p5,100,2026-09-07
HS-01747,ID-CJ-005,flood_coastal,y2030,0.0,scored,false,m,Aqueduct Floods v2 coastal-wtsub (synthetic stand-in),synthetic,rcp8p5,100,2026-09-07
HS-01748,ID-CJ-005,wind,y2030,,absent,false,m/s,STORM v4 (synthetic stand-in),synthetic,climate-change,100,2026-09-07
HS-01749,ID-CJ-005,heat_days35,y2030,6.0,scored,false,days/yr,NEX-GDDP-CMIP6 vs ERA5-Land (synthetic stand-in),synthetic,ssp585,,2026-09-07
HS-01750,ID-CJ-005,pm25,y2030,40.8,measured_not_scored,true,ug/m3,GHAP PM2.5 annual mean (synthetic stand-in),synthetic,,,2026-09-07
HS-01751,ID-CJ-005,flood_riverine,y2050,0.0,scored,false,m,Aqueduct Floods v2 riverine (synthetic stand-in),synthetic,rcp8p5,100,2026-09-07
HS-01752,ID-CJ-005,flood_coastal,y2050,0.0,scored,false,m,Aqueduct Floods v2 coastal-wtsub (synthetic stand-in),synthetic,rcp8p5,100,2026-09-07
HS-01753,ID-CJ-005,wind,y2050,,absent,false,m/s,STORM v4 (synthetic stand-in),synthetic,climate-change,100,2026-09-07
HS-01754,ID-CJ-005,heat_days35,y2050,20.0,scored,false,days/yr,NEX-GDDP-CMIP6 vs ERA5-Land (synthetic stand-in),synthetic,ssp585,,2026-09-07
HS-01755,ID-CJ-005,pm25,y2050,40.8,measured_not_scored,true,ug/m3,GHAP PM2.5 annual mean (synthetic stand-in),synthetic,,,2026-09-07
HS-01756,ID-CJ-006,flood_riverine,today,0.21,scored,false,m,Aqueduct Floods v2 riverine (synthetic stand-in),synthetic,rcp8p5,100,2026-09-07
HS-01757,ID-CJ-006,flood_coastal,today,0.0,scored,false,m,Aqueduct Floods v2 coastal-wtsub (synthetic stand-in),synthetic,rcp8p5,100,2026-09-07
HS-01758,ID-CJ-006,wind,today,,absent,false,m/s,STORM v4 (synthetic stand-in),synthetic,present-climate,100,2026-09-07
HS-01759,ID-CJ-006,heat_days35,today,0.0,scored,false,days/yr,NEX-GDDP-CMIP6 vs ERA5-Land (synthetic stand-in),synthetic,ssp585,,2026-09-07
HS-01760,ID-CJ-006,pm25,today,41.5,measured_not_scored,true,ug/m3,GHAP PM2.5 annual mean (synthetic stand-in),synthetic,,,2026-09-07
HS-01761,ID-CJ-006,flood_riverine,y2030,0.24,scored,false,m,Aqueduct Floods v2 riverine (synthetic stand-in),synthetic,rcp8p5,100,2026-09-07
HS-01762,ID-CJ-006,flood_coastal,y2030,0.0,scored,false,m,Aqueduct Floods v2 coastal-wtsub (synthetic stand-in),synthetic,rcp8p5,100,2026-09-07
HS-01763,ID-CJ-006,wind,y2030,,absent,false,m/s,STORM v4 (synthetic stand-in),synthetic,climate-change,100,2026-09-07
HS-01764,ID-CJ-006,heat_days35,y2030,6.0,scored,false,days/yr,NEX-GDDP-CMIP6 vs ERA5-Land (synthetic stand-in),synthetic,ssp585,,2026-09-07
HS-01765,ID-CJ-006,pm25,y2030,41.5,measured_not_scored,true,ug/m3,GHAP PM2.5 annual mean (synthetic stand-in),synthetic,,,2026-09-07
HS-01766,ID-CJ-006,flood_riverine,y2050,0.26,scored,false,m,Aqueduct Floods v2 riverine (synthetic stand-in),synthetic,rcp8p5,100,2026-09-07
HS-01767,ID-CJ-006,flood_coastal,y2050,0.0,scored,false,m,Aqueduct Floods v2 coastal-wtsub (synthetic stand-in),synthetic,rcp8p5,100,2026-09-07
HS-01768,ID-CJ-006,wind,y2050,,absent,false,m/s,STORM v4 (synthetic stand-in),synthetic,climate-change,100,2026-09-07
HS-01769,ID-CJ-006,heat_days35,y2050,19.0,scored,false,days/yr,NEX-GDDP-CMIP6 vs ERA5-Land (synthetic stand-in),synthetic,ssp585,,2026-09-07
HS-01770,ID-CJ-006,pm25,y2050,41.5,measured_not_scored,true,ug/m3,GHAP PM2.5 annual mean (synthetic stand-in),synthetic,,,2026-09-07
HS-01771,ID-BS-001,flood_riverine,today,0.0,scored,false,m,Aqueduct Floods v2 riverine (synthetic stand-in),synthetic,rcp8p5,100,2026-09-07
HS-01772,ID-BS-001,flood_coastal,today,0.0,scored,false,m,Aqueduct Floods v2 coastal-wtsub (synthetic stand-in),synthetic,rcp8p5,100,2026-09-07
HS-01773,ID-BS-001,wind,today,,absent,false,m/s,STORM v4 (synthetic stand-in),synthetic,present-climate,100,2026-09-07
HS-01774,ID-BS-001,heat_days35,today,0.0,scored,false,days/yr,NEX-GDDP-CMIP6 vs ERA5-Land (synthetic stand-in),synthetic,ssp585,,2026-09-07
HS-01775,ID-BS-001,pm25,today,38.5,measured_not_scored,true,ug/m3,GHAP PM2.5 annual mean (synthetic stand-in),synthetic,,,2026-09-07
HS-01776,ID-BS-001,flood_riverine,y2030,0.0,scored,false,m,Aqueduct Floods v2 riverine (synthetic stand-in),synthetic,rcp8p5,100,2026-09-07
HS-01777,ID-BS-001,flood_coastal,y2030,0.0,scored,false,m,Aqueduct Floods v2 coastal-wtsub (synthetic stand-in),synthetic,rcp8p5,100,2026-09-07
HS-01778,ID-BS-001,wind,y2030,,absent,false,m/s,STORM v4 (synthetic stand-in),synthetic,climate-change,100,2026-09-07
HS-01779,ID-BS-001,heat_days35,y2030,7.0,scored,false,days/yr,NEX-GDDP-CMIP6 vs ERA5-Land (synthetic stand-in),synthetic,ssp585,,2026-09-07
HS-01780,ID-BS-001,pm25,y2030,38.5,measured_not_scored,true,ug/m3,GHAP PM2.5 annual mean (synthetic stand-in),synthetic,,,2026-09-07
HS-01781,ID-BS-001,flood_riverine,y2050,0.0,scored,false,m,Aqueduct Floods v2 riverine (synthetic stand-in),synthetic,rcp8p5,100,2026-09-07
HS-01782,ID-BS-001,flood_coastal,y2050,0.0,scored,false,m,Aqueduct Floods v2 coastal-wtsub (synthetic stand-in),synthetic,rcp8p5,100,2026-09-07
HS-01783,ID-BS-001,wind,y2050,,absent,false,m/s,STORM v4 (synthetic stand-in),synthetic,climate-change,100,2026-09-07
HS-01784,ID-BS-001,heat_days35,y2050,22.0,scored,false,days/yr,NEX-GDDP-CMIP6 vs ERA5-Land (synthetic stand-in),synthetic,ssp585,,2026-09-07
HS-01785,ID-BS-001,pm25,y2050,38.5,measured_not_scored,true,ug/m3,GHAP PM2.5 annual mean (synthetic stand-in),synthetic,,,2026-09-07
HS-01786,ID-BS-002,flood_riverine,today,0.0,scored,false,m,Aqueduct Floods v2 riverine (synthetic stand-in),synthetic,rcp8p5,100,2026-09-07
HS-01787,ID-BS-002,flood_coastal,today,0.0,scored,false,m,Aqueduct Floods v2 coastal-wtsub (synthetic stand-in),synthetic,rcp8p5,100,2026-09-07
HS-01788,ID-BS-002,wind,today,,absent,false,m/s,STORM v4 (synthetic stand-in),synthetic,present-climate,100,2026-09-07
HS-01789,ID-BS-002,heat_days35,today,0.0,scored,false,days/yr,NEX-GDDP-CMIP6 vs ERA5-Land (synthetic stand-in),synthetic,ssp585,,2026-09-07
HS-01790,ID-BS-002,pm25,today,38.2,measured_not_scored,true,ug/m3,GHAP PM2.5 annual mean (synthetic stand-in),synthetic,,,2026-09-07
HS-01791,ID-BS-002,flood_riverine,y2030,0.0,scored,false,m,Aqueduct Floods v2 riverine (synthetic stand-in),synthetic,rcp8p5,100,2026-09-07
HS-01792,ID-BS-002,flood_coastal,y2030,0.0,scored,false,m,Aqueduct Floods v2 coastal-wtsub (synthetic stand-in),synthetic,rcp8p5,100,2026-09-07
HS-01793,ID-BS-002,wind,y2030,,absent,false,m/s,STORM v4 (synthetic stand-in),synthetic,climate-change,100,2026-09-07
HS-01794,ID-BS-002,heat_days35,y2030,6.0,scored,false,days/yr,NEX-GDDP-CMIP6 vs ERA5-Land (synthetic stand-in),synthetic,ssp585,,2026-09-07
HS-01795,ID-BS-002,pm25,y2030,38.2,measured_not_scored,true,ug/m3,GHAP PM2.5 annual mean (synthetic stand-in),synthetic,,,2026-09-07
HS-01796,ID-BS-002,flood_riverine,y2050,0.0,scored,false,m,Aqueduct Floods v2 riverine (synthetic stand-in),synthetic,rcp8p5,100,2026-09-07
HS-01797,ID-BS-002,flood_coastal,y2050,0.0,scored,false,m,Aqueduct Floods v2 coastal-wtsub (synthetic stand-in),synthetic,rcp8p5,100,2026-09-07
HS-01798,ID-BS-002,wind,y2050,,absent,false,m/s,STORM v4 (synthetic stand-in),synthetic,climate-change,100,2026-09-07
HS-01799,ID-BS-002,heat_days35,y2050,18.0,scored,false,days/yr,NEX-GDDP-CMIP6 vs ERA5-Land (synthetic stand-in),synthetic,ssp585,,2026-09-07
HS-01800,ID-BS-002,pm25,y2050,38.2,measured_not_scored,true,ug/m3,GHAP PM2.5 annual mean (synthetic stand-in),synthetic,,,2026-09-07
HS-01801,ID-BS-003,flood_riverine,today,0.0,scored,false,m,Aqueduct Floods v2 riverine (synthetic stand-in),synthetic,rcp8p5,100,2026-09-07
HS-01802,ID-BS-003,flood_coastal,today,0.0,scored,false,m,Aqueduct Floods v2 coastal-wtsub (synthetic stand-in),synthetic,rcp8p5,100,2026-09-07
HS-01803,ID-BS-003,wind,today,,absent,false,m/s,STORM v4 (synthetic stand-in),synthetic,present-climate,100,2026-09-07
HS-01804,ID-BS-003,heat_days35,today,0.0,scored,false,days/yr,NEX-GDDP-CMIP6 vs ERA5-Land (synthetic stand-in),synthetic,ssp585,,2026-09-07
HS-01805,ID-BS-003,pm25,today,38.4,measured_not_scored,true,ug/m3,GHAP PM2.5 annual mean (synthetic stand-in),synthetic,,,2026-09-07
HS-01806,ID-BS-003,flood_riverine,y2030,0.0,scored,false,m,Aqueduct Floods v2 riverine (synthetic stand-in),synthetic,rcp8p5,100,2026-09-07
HS-01807,ID-BS-003,flood_coastal,y2030,0.0,scored,false,m,Aqueduct Floods v2 coastal-wtsub (synthetic stand-in),synthetic,rcp8p5,100,2026-09-07
HS-01808,ID-BS-003,wind,y2030,,absent,false,m/s,STORM v4 (synthetic stand-in),synthetic,climate-change,100,2026-09-07
HS-01809,ID-BS-003,heat_days35,y2030,6.0,scored,false,days/yr,NEX-GDDP-CMIP6 vs ERA5-Land (synthetic stand-in),synthetic,ssp585,,2026-09-07
HS-01810,ID-BS-003,pm25,y2030,38.4,measured_not_scored,true,ug/m3,GHAP PM2.5 annual mean (synthetic stand-in),synthetic,,,2026-09-07
HS-01811,ID-BS-003,flood_riverine,y2050,0.0,scored,false,m,Aqueduct Floods v2 riverine (synthetic stand-in),synthetic,rcp8p5,100,2026-09-07
HS-01812,ID-BS-003,flood_coastal,y2050,0.0,scored,false,m,Aqueduct Floods v2 coastal-wtsub (synthetic stand-in),synthetic,rcp8p5,100,2026-09-07
HS-01813,ID-BS-003,wind,y2050,,absent,false,m/s,STORM v4 (synthetic stand-in),synthetic,climate-change,100,2026-09-07
HS-01814,ID-BS-003,heat_days35,y2050,20.0,scored,false,days/yr,NEX-GDDP-CMIP6 vs ERA5-Land (synthetic stand-in),synthetic,ssp585,,2026-09-07
HS-01815,ID-BS-003,pm25,y2050,38.4,measured_not_scored,true,ug/m3,GHAP PM2.5 annual mean (synthetic stand-in),synthetic,,,2026-09-07
HS-01816,ID-BS-004,flood_riverine,today,0.0,scored,false,m,Aqueduct Floods v2 riverine (synthetic stand-in),synthetic,rcp8p5,100,2026-09-07
HS-01817,ID-BS-004,flood_coastal,today,0.0,scored,false,m,Aqueduct Floods v2 coastal-wtsub (synthetic stand-in),synthetic,rcp8p5,100,2026-09-07
HS-01818,ID-BS-004,wind,today,,absent,false,m/s,STORM v4 (synthetic stand-in),synthetic,present-climate,100,2026-09-07
HS-01819,ID-BS-004,heat_days35,today,0.0,scored,false,days/yr,NEX-GDDP-CMIP6 vs ERA5-Land (synthetic stand-in),synthetic,ssp585,,2026-09-07
HS-01820,ID-BS-004,pm25,today,38.8,measured_not_scored,true,ug/m3,GHAP PM2.5 annual mean (synthetic stand-in),synthetic,,,2026-09-07
HS-01821,ID-BS-004,flood_riverine,y2030,0.0,scored,false,m,Aqueduct Floods v2 riverine (synthetic stand-in),synthetic,rcp8p5,100,2026-09-07
HS-01822,ID-BS-004,flood_coastal,y2030,0.0,scored,false,m,Aqueduct Floods v2 coastal-wtsub (synthetic stand-in),synthetic,rcp8p5,100,2026-09-07
HS-01823,ID-BS-004,wind,y2030,,absent,false,m/s,STORM v4 (synthetic stand-in),synthetic,climate-change,100,2026-09-07
HS-01824,ID-BS-004,heat_days35,y2030,6.0,scored,false,days/yr,NEX-GDDP-CMIP6 vs ERA5-Land (synthetic stand-in),synthetic,ssp585,,2026-09-07
HS-01825,ID-BS-004,pm25,y2030,38.8,measured_not_scored,true,ug/m3,GHAP PM2.5 annual mean (synthetic stand-in),synthetic,,,2026-09-07
HS-01826,ID-BS-004,flood_riverine,y2050,0.0,scored,false,m,Aqueduct Floods v2 riverine (synthetic stand-in),synthetic,rcp8p5,100,2026-09-07
HS-01827,ID-BS-004,flood_coastal,y2050,0.0,scored,false,m,Aqueduct Floods v2 coastal-wtsub (synthetic stand-in),synthetic,rcp8p5,100,2026-09-07
HS-01828,ID-BS-004,wind,y2050,,absent,false,m/s,STORM v4 (synthetic stand-in),synthetic,climate-change,100,2026-09-07
HS-01829,ID-BS-004,heat_days35,y2050,21.0,scored,false,days/yr,NEX-GDDP-CMIP6 vs ERA5-Land (synthetic stand-in),synthetic,ssp585,,2026-09-07
HS-01830,ID-BS-004,pm25,y2050,38.8,measured_not_scored,true,ug/m3,GHAP PM2.5 annual mean (synthetic stand-in),synthetic,,,2026-09-07
HS-01831,ID-BS-005,flood_riverine,today,0.0,scored,false,m,Aqueduct Floods v2 riverine (synthetic stand-in),synthetic,rcp8p5,100,2026-09-07
HS-01832,ID-BS-005,flood_coastal,today,0.0,scored,false,m,Aqueduct Floods v2 coastal-wtsub (synthetic stand-in),synthetic,rcp8p5,100,2026-09-07
HS-01833,ID-BS-005,wind,today,,absent,false,m/s,STORM v4 (synthetic stand-in),synthetic,present-climate,100,2026-09-07
HS-01834,ID-BS-005,heat_days35,today,0.0,scored,false,days/yr,NEX-GDDP-CMIP6 vs ERA5-Land (synthetic stand-in),synthetic,ssp585,,2026-09-07
HS-01835,ID-BS-005,pm25,today,37.5,measured_not_scored,true,ug/m3,GHAP PM2.5 annual mean (synthetic stand-in),synthetic,,,2026-09-07
HS-01836,ID-BS-005,flood_riverine,y2030,0.0,scored,false,m,Aqueduct Floods v2 riverine (synthetic stand-in),synthetic,rcp8p5,100,2026-09-07
HS-01837,ID-BS-005,flood_coastal,y2030,0.0,scored,false,m,Aqueduct Floods v2 coastal-wtsub (synthetic stand-in),synthetic,rcp8p5,100,2026-09-07
HS-01838,ID-BS-005,wind,y2030,,absent,false,m/s,STORM v4 (synthetic stand-in),synthetic,climate-change,100,2026-09-07
HS-01839,ID-BS-005,heat_days35,y2030,7.0,scored,false,days/yr,NEX-GDDP-CMIP6 vs ERA5-Land (synthetic stand-in),synthetic,ssp585,,2026-09-07
HS-01840,ID-BS-005,pm25,y2030,37.5,measured_not_scored,true,ug/m3,GHAP PM2.5 annual mean (synthetic stand-in),synthetic,,,2026-09-07
HS-01841,ID-BS-005,flood_riverine,y2050,0.0,scored,false,m,Aqueduct Floods v2 riverine (synthetic stand-in),synthetic,rcp8p5,100,2026-09-07
HS-01842,ID-BS-005,flood_coastal,y2050,0.0,scored,false,m,Aqueduct Floods v2 coastal-wtsub (synthetic stand-in),synthetic,rcp8p5,100,2026-09-07
HS-01843,ID-BS-005,wind,y2050,,absent,false,m/s,STORM v4 (synthetic stand-in),synthetic,climate-change,100,2026-09-07
HS-01844,ID-BS-005,heat_days35,y2050,22.0,scored,false,days/yr,NEX-GDDP-CMIP6 vs ERA5-Land (synthetic stand-in),synthetic,ssp585,,2026-09-07
HS-01845,ID-BS-005,pm25,y2050,37.5,measured_not_scored,true,ug/m3,GHAP PM2.5 annual mean (synthetic stand-in),synthetic,,,2026-09-07
HS-01846,ID-BS-006,flood_riverine,today,0.0,scored,false,m,Aqueduct Floods v2 riverine (synthetic stand-in),synthetic,rcp8p5,100,2026-09-07
HS-01847,ID-BS-006,flood_coastal,today,0.0,scored,false,m,Aqueduct Floods v2 coastal-wtsub (synthetic stand-in),synthetic,rcp8p5,100,2026-09-07
HS-01848,ID-BS-006,wind,today,,absent,false,m/s,STORM v4 (synthetic stand-in),synthetic,present-climate,100,2026-09-07
HS-01849,ID-BS-006,heat_days35,today,0.0,scored,false,days/yr,NEX-GDDP-CMIP6 vs ERA5-Land (synthetic stand-in),synthetic,ssp585,,2026-09-07
HS-01850,ID-BS-006,pm25,today,37.6,measured_not_scored,true,ug/m3,GHAP PM2.5 annual mean (synthetic stand-in),synthetic,,,2026-09-07
HS-01851,ID-BS-006,flood_riverine,y2030,0.0,scored,false,m,Aqueduct Floods v2 riverine (synthetic stand-in),synthetic,rcp8p5,100,2026-09-07
HS-01852,ID-BS-006,flood_coastal,y2030,0.0,scored,false,m,Aqueduct Floods v2 coastal-wtsub (synthetic stand-in),synthetic,rcp8p5,100,2026-09-07
HS-01853,ID-BS-006,wind,y2030,,absent,false,m/s,STORM v4 (synthetic stand-in),synthetic,climate-change,100,2026-09-07
HS-01854,ID-BS-006,heat_days35,y2030,6.0,scored,false,days/yr,NEX-GDDP-CMIP6 vs ERA5-Land (synthetic stand-in),synthetic,ssp585,,2026-09-07
HS-01855,ID-BS-006,pm25,y2030,37.6,measured_not_scored,true,ug/m3,GHAP PM2.5 annual mean (synthetic stand-in),synthetic,,,2026-09-07
HS-01856,ID-BS-006,flood_riverine,y2050,0.0,scored,false,m,Aqueduct Floods v2 riverine (synthetic stand-in),synthetic,rcp8p5,100,2026-09-07
HS-01857,ID-BS-006,flood_coastal,y2050,0.0,scored,false,m,Aqueduct Floods v2 coastal-wtsub (synthetic stand-in),synthetic,rcp8p5,100,2026-09-07
HS-01858,ID-BS-006,wind,y2050,,absent,false,m/s,STORM v4 (synthetic stand-in),synthetic,climate-change,100,2026-09-07
HS-01859,ID-BS-006,heat_days35,y2050,22.0,scored,false,days/yr,NEX-GDDP-CMIP6 vs ERA5-Land (synthetic stand-in),synthetic,ssp585,,2026-09-07
HS-01860,ID-BS-006,pm25,y2050,37.6,measured_not_scored,true,ug/m3,GHAP PM2.5 annual mean (synthetic stand-in),synthetic,,,2026-09-07
HS-01861,ID-BS-007,flood_riverine,today,0.0,scored,false,m,Aqueduct Floods v2 riverine (synthetic stand-in),synthetic,rcp8p5,100,2026-09-07
HS-01862,ID-BS-007,flood_coastal,today,0.0,scored,false,m,Aqueduct Floods v2 coastal-wtsub (synthetic stand-in),synthetic,rcp8p5,100,2026-09-07
HS-01863,ID-BS-007,wind,today,,absent,false,m/s,STORM v4 (synthetic stand-in),synthetic,present-climate,100,2026-09-07
HS-01864,ID-BS-007,heat_days35,today,0.0,scored,false,days/yr,NEX-GDDP-CMIP6 vs ERA5-Land (synthetic stand-in),synthetic,ssp585,,2026-09-07
HS-01865,ID-BS-007,pm25,today,38.0,measured_not_scored,true,ug/m3,GHAP PM2.5 annual mean (synthetic stand-in),synthetic,,,2026-09-07
HS-01866,ID-BS-007,flood_riverine,y2030,0.0,scored,false,m,Aqueduct Floods v2 riverine (synthetic stand-in),synthetic,rcp8p5,100,2026-09-07
HS-01867,ID-BS-007,flood_coastal,y2030,0.0,scored,false,m,Aqueduct Floods v2 coastal-wtsub (synthetic stand-in),synthetic,rcp8p5,100,2026-09-07
HS-01868,ID-BS-007,wind,y2030,,absent,false,m/s,STORM v4 (synthetic stand-in),synthetic,climate-change,100,2026-09-07
HS-01869,ID-BS-007,heat_days35,y2030,6.0,scored,false,days/yr,NEX-GDDP-CMIP6 vs ERA5-Land (synthetic stand-in),synthetic,ssp585,,2026-09-07
HS-01870,ID-BS-007,pm25,y2030,38.0,measured_not_scored,true,ug/m3,GHAP PM2.5 annual mean (synthetic stand-in),synthetic,,,2026-09-07
HS-01871,ID-BS-007,flood_riverine,y2050,0.0,scored,false,m,Aqueduct Floods v2 riverine (synthetic stand-in),synthetic,rcp8p5,100,2026-09-07
HS-01872,ID-BS-007,flood_coastal,y2050,0.0,scored,false,m,Aqueduct Floods v2 coastal-wtsub (synthetic stand-in),synthetic,rcp8p5,100,2026-09-07
HS-01873,ID-BS-007,wind,y2050,,absent,false,m/s,STORM v4 (synthetic stand-in),synthetic,climate-change,100,2026-09-07
HS-01874,ID-BS-007,heat_days35,y2050,20.0,scored,false,days/yr,NEX-GDDP-CMIP6 vs ERA5-Land (synthetic stand-in),synthetic,ssp585,,2026-09-07
HS-01875,ID-BS-007,pm25,y2050,38.0,measured_not_scored,true,ug/m3,GHAP PM2.5 annual mean (synthetic stand-in),synthetic,,,2026-09-07
HS-01876,ID-BS-008,flood_riverine,today,0.0,scored,false,m,Aqueduct Floods v2 riverine (synthetic stand-in),synthetic,rcp8p5,100,2026-09-07
HS-01877,ID-BS-008,flood_coastal,today,0.0,scored,false,m,Aqueduct Floods v2 coastal-wtsub (synthetic stand-in),synthetic,rcp8p5,100,2026-09-07
HS-01878,ID-BS-008,wind,today,,absent,false,m/s,STORM v4 (synthetic stand-in),synthetic,present-climate,100,2026-09-07
HS-01879,ID-BS-008,heat_days35,today,0.0,scored,false,days/yr,NEX-GDDP-CMIP6 vs ERA5-Land (synthetic stand-in),synthetic,ssp585,,2026-09-07
HS-01880,ID-BS-008,pm25,today,36.9,measured_not_scored,true,ug/m3,GHAP PM2.5 annual mean (synthetic stand-in),synthetic,,,2026-09-07
HS-01881,ID-BS-008,flood_riverine,y2030,0.0,scored,false,m,Aqueduct Floods v2 riverine (synthetic stand-in),synthetic,rcp8p5,100,2026-09-07
HS-01882,ID-BS-008,flood_coastal,y2030,0.0,scored,false,m,Aqueduct Floods v2 coastal-wtsub (synthetic stand-in),synthetic,rcp8p5,100,2026-09-07
HS-01883,ID-BS-008,wind,y2030,,absent,false,m/s,STORM v4 (synthetic stand-in),synthetic,climate-change,100,2026-09-07
HS-01884,ID-BS-008,heat_days35,y2030,7.0,scored,false,days/yr,NEX-GDDP-CMIP6 vs ERA5-Land (synthetic stand-in),synthetic,ssp585,,2026-09-07
HS-01885,ID-BS-008,pm25,y2030,36.9,measured_not_scored,true,ug/m3,GHAP PM2.5 annual mean (synthetic stand-in),synthetic,,,2026-09-07
HS-01886,ID-BS-008,flood_riverine,y2050,0.0,scored,false,m,Aqueduct Floods v2 riverine (synthetic stand-in),synthetic,rcp8p5,100,2026-09-07
HS-01887,ID-BS-008,flood_coastal,y2050,0.0,scored,false,m,Aqueduct Floods v2 coastal-wtsub (synthetic stand-in),synthetic,rcp8p5,100,2026-09-07
HS-01888,ID-BS-008,wind,y2050,,absent,false,m/s,STORM v4 (synthetic stand-in),synthetic,climate-change,100,2026-09-07
HS-01889,ID-BS-008,heat_days35,y2050,22.0,scored,false,days/yr,NEX-GDDP-CMIP6 vs ERA5-Land (synthetic stand-in),synthetic,ssp585,,2026-09-07
HS-01890,ID-BS-008,pm25,y2050,36.9,measured_not_scored,true,ug/m3,GHAP PM2.5 annual mean (synthetic stand-in),synthetic,,,2026-09-07
HS-01891,ID-SM-001,flood_riverine,today,0.99,scored,false,m,Aqueduct Floods v2 riverine (synthetic stand-in),synthetic,rcp8p5,100,2026-09-07
HS-01892,ID-SM-001,flood_coastal,today,0.5,scored,false,m,Aqueduct Floods v2 coastal-wtsub (synthetic stand-in),synthetic,rcp8p5,100,2026-09-07
HS-01893,ID-SM-001,wind,today,,absent,false,m/s,STORM v4 (synthetic stand-in),synthetic,present-climate,100,2026-09-07
HS-01894,ID-SM-001,heat_days35,today,0.0,scored,false,days/yr,NEX-GDDP-CMIP6 vs ERA5-Land (synthetic stand-in),synthetic,ssp585,,2026-09-07
HS-01895,ID-SM-001,pm25,today,31.7,measured_not_scored,true,ug/m3,GHAP PM2.5 annual mean (synthetic stand-in),synthetic,,,2026-09-07
HS-01896,ID-SM-001,flood_riverine,y2030,1.11,scored,false,m,Aqueduct Floods v2 riverine (synthetic stand-in),synthetic,rcp8p5,100,2026-09-07
HS-01897,ID-SM-001,flood_coastal,y2030,0.65,scored,false,m,Aqueduct Floods v2 coastal-wtsub (synthetic stand-in),synthetic,rcp8p5,100,2026-09-07
HS-01898,ID-SM-001,wind,y2030,,absent,false,m/s,STORM v4 (synthetic stand-in),synthetic,climate-change,100,2026-09-07
HS-01899,ID-SM-001,heat_days35,y2030,7.0,scored,false,days/yr,NEX-GDDP-CMIP6 vs ERA5-Land (synthetic stand-in),synthetic,ssp585,,2026-09-07
HS-01900,ID-SM-001,pm25,y2030,31.7,measured_not_scored,true,ug/m3,GHAP PM2.5 annual mean (synthetic stand-in),synthetic,,,2026-09-07
HS-01901,ID-SM-001,flood_riverine,y2050,1.24,scored,false,m,Aqueduct Floods v2 riverine (synthetic stand-in),synthetic,rcp8p5,100,2026-09-07
HS-01902,ID-SM-001,flood_coastal,y2050,0.81,scored,false,m,Aqueduct Floods v2 coastal-wtsub (synthetic stand-in),synthetic,rcp8p5,100,2026-09-07
HS-01903,ID-SM-001,wind,y2050,,absent,false,m/s,STORM v4 (synthetic stand-in),synthetic,climate-change,100,2026-09-07
HS-01904,ID-SM-001,heat_days35,y2050,24.0,scored,false,days/yr,NEX-GDDP-CMIP6 vs ERA5-Land (synthetic stand-in),synthetic,ssp585,,2026-09-07
HS-01905,ID-SM-001,pm25,y2050,31.7,measured_not_scored,true,ug/m3,GHAP PM2.5 annual mean (synthetic stand-in),synthetic,,,2026-09-07
HS-01906,ID-SM-002,flood_riverine,today,0.94,scored,false,m,Aqueduct Floods v2 riverine (synthetic stand-in),synthetic,rcp8p5,100,2026-09-07
HS-01907,ID-SM-002,flood_coastal,today,2.99,scored,false,m,Aqueduct Floods v2 coastal-wtsub (synthetic stand-in),synthetic,rcp8p5,100,2026-09-07
HS-01908,ID-SM-002,wind,today,,absent,false,m/s,STORM v4 (synthetic stand-in),synthetic,present-climate,100,2026-09-07
HS-01909,ID-SM-002,heat_days35,today,0.0,scored,false,days/yr,NEX-GDDP-CMIP6 vs ERA5-Land (synthetic stand-in),synthetic,ssp585,,2026-09-07
HS-01910,ID-SM-002,pm25,today,31.8,measured_not_scored,true,ug/m3,GHAP PM2.5 annual mean (synthetic stand-in),synthetic,,,2026-09-07
HS-01911,ID-SM-002,flood_riverine,y2030,1.05,scored,false,m,Aqueduct Floods v2 riverine (synthetic stand-in),synthetic,rcp8p5,100,2026-09-07
HS-01912,ID-SM-002,flood_coastal,y2030,3.42,scored,false,m,Aqueduct Floods v2 coastal-wtsub (synthetic stand-in),synthetic,rcp8p5,100,2026-09-07
HS-01913,ID-SM-002,wind,y2030,,absent,false,m/s,STORM v4 (synthetic stand-in),synthetic,climate-change,100,2026-09-07
HS-01914,ID-SM-002,heat_days35,y2030,7.0,scored,false,days/yr,NEX-GDDP-CMIP6 vs ERA5-Land (synthetic stand-in),synthetic,ssp585,,2026-09-07
HS-01915,ID-SM-002,pm25,y2030,31.8,measured_not_scored,true,ug/m3,GHAP PM2.5 annual mean (synthetic stand-in),synthetic,,,2026-09-07
HS-01916,ID-SM-002,flood_riverine,y2050,1.17,scored,false,m,Aqueduct Floods v2 riverine (synthetic stand-in),synthetic,rcp8p5,100,2026-09-07
HS-01917,ID-SM-002,flood_coastal,y2050,3.85,scored,false,m,Aqueduct Floods v2 coastal-wtsub (synthetic stand-in),synthetic,rcp8p5,100,2026-09-07
HS-01918,ID-SM-002,wind,y2050,,absent,false,m/s,STORM v4 (synthetic stand-in),synthetic,climate-change,100,2026-09-07
HS-01919,ID-SM-002,heat_days35,y2050,23.0,scored,false,days/yr,NEX-GDDP-CMIP6 vs ERA5-Land (synthetic stand-in),synthetic,ssp585,,2026-09-07
HS-01920,ID-SM-002,pm25,y2050,31.8,measured_not_scored,true,ug/m3,GHAP PM2.5 annual mean (synthetic stand-in),synthetic,,,2026-09-07
HS-01921,ID-SM-003,flood_riverine,today,1.16,scored,false,m,Aqueduct Floods v2 riverine (synthetic stand-in),synthetic,rcp8p5,100,2026-09-07
HS-01922,ID-SM-003,flood_coastal,today,2.46,scored,false,m,Aqueduct Floods v2 coastal-wtsub (synthetic stand-in),synthetic,rcp8p5,100,2026-09-07
HS-01923,ID-SM-003,wind,today,,absent,false,m/s,STORM v4 (synthetic stand-in),synthetic,present-climate,100,2026-09-07
HS-01924,ID-SM-003,heat_days35,today,0.0,scored,false,days/yr,NEX-GDDP-CMIP6 vs ERA5-Land (synthetic stand-in),synthetic,ssp585,,2026-09-07
HS-01925,ID-SM-003,pm25,today,31.6,measured_not_scored,true,ug/m3,GHAP PM2.5 annual mean (synthetic stand-in),synthetic,,,2026-09-07
HS-01926,ID-SM-003,flood_riverine,y2030,1.3,scored,false,m,Aqueduct Floods v2 riverine (synthetic stand-in),synthetic,rcp8p5,100,2026-09-07
HS-01927,ID-SM-003,flood_coastal,y2030,2.79,scored,false,m,Aqueduct Floods v2 coastal-wtsub (synthetic stand-in),synthetic,rcp8p5,100,2026-09-07
HS-01928,ID-SM-003,wind,y2030,,absent,false,m/s,STORM v4 (synthetic stand-in),synthetic,climate-change,100,2026-09-07
HS-01929,ID-SM-003,heat_days35,y2030,7.0,scored,false,days/yr,NEX-GDDP-CMIP6 vs ERA5-Land (synthetic stand-in),synthetic,ssp585,,2026-09-07
HS-01930,ID-SM-003,pm25,y2030,31.6,measured_not_scored,true,ug/m3,GHAP PM2.5 annual mean (synthetic stand-in),synthetic,,,2026-09-07
HS-01931,ID-SM-003,flood_riverine,y2050,1.44,scored,false,m,Aqueduct Floods v2 riverine (synthetic stand-in),synthetic,rcp8p5,100,2026-09-07
HS-01932,ID-SM-003,flood_coastal,y2050,3.11,scored,false,m,Aqueduct Floods v2 coastal-wtsub (synthetic stand-in),synthetic,rcp8p5,100,2026-09-07
HS-01933,ID-SM-003,wind,y2050,,absent,false,m/s,STORM v4 (synthetic stand-in),synthetic,climate-change,100,2026-09-07
HS-01934,ID-SM-003,heat_days35,y2050,22.0,scored,false,days/yr,NEX-GDDP-CMIP6 vs ERA5-Land (synthetic stand-in),synthetic,ssp585,,2026-09-07
HS-01935,ID-SM-003,pm25,y2050,31.6,measured_not_scored,true,ug/m3,GHAP PM2.5 annual mean (synthetic stand-in),synthetic,,,2026-09-07
HS-01936,ID-SM-004,flood_riverine,today,0.93,scored,false,m,Aqueduct Floods v2 riverine (synthetic stand-in),synthetic,rcp8p5,100,2026-09-07
HS-01937,ID-SM-004,flood_coastal,today,0.73,scored,false,m,Aqueduct Floods v2 coastal-wtsub (synthetic stand-in),synthetic,rcp8p5,100,2026-09-07
HS-01938,ID-SM-004,wind,today,,absent,false,m/s,STORM v4 (synthetic stand-in),synthetic,present-climate,100,2026-09-07
HS-01939,ID-SM-004,heat_days35,today,0.0,scored,false,days/yr,NEX-GDDP-CMIP6 vs ERA5-Land (synthetic stand-in),synthetic,ssp585,,2026-09-07
HS-01940,ID-SM-004,pm25,today,32.0,measured_not_scored,true,ug/m3,GHAP PM2.5 annual mean (synthetic stand-in),synthetic,,,2026-09-07
HS-01941,ID-SM-004,flood_riverine,y2030,1.04,scored,false,m,Aqueduct Floods v2 riverine (synthetic stand-in),synthetic,rcp8p5,100,2026-09-07
HS-01942,ID-SM-004,flood_coastal,y2030,0.92,scored,false,m,Aqueduct Floods v2 coastal-wtsub (synthetic stand-in),synthetic,rcp8p5,100,2026-09-07
HS-01943,ID-SM-004,wind,y2030,,absent,false,m/s,STORM v4 (synthetic stand-in),synthetic,climate-change,100,2026-09-07
HS-01944,ID-SM-004,heat_days35,y2030,6.0,scored,false,days/yr,NEX-GDDP-CMIP6 vs ERA5-Land (synthetic stand-in),synthetic,ssp585,,2026-09-07
HS-01945,ID-SM-004,pm25,y2030,32.0,measured_not_scored,true,ug/m3,GHAP PM2.5 annual mean (synthetic stand-in),synthetic,,,2026-09-07
HS-01946,ID-SM-004,flood_riverine,y2050,1.16,scored,false,m,Aqueduct Floods v2 riverine (synthetic stand-in),synthetic,rcp8p5,100,2026-09-07
HS-01947,ID-SM-004,flood_coastal,y2050,1.12,scored,false,m,Aqueduct Floods v2 coastal-wtsub (synthetic stand-in),synthetic,rcp8p5,100,2026-09-07
HS-01948,ID-SM-004,wind,y2050,,absent,false,m/s,STORM v4 (synthetic stand-in),synthetic,climate-change,100,2026-09-07
HS-01949,ID-SM-004,heat_days35,y2050,20.0,scored,false,days/yr,NEX-GDDP-CMIP6 vs ERA5-Land (synthetic stand-in),synthetic,ssp585,,2026-09-07
HS-01950,ID-SM-004,pm25,y2050,32.0,measured_not_scored,true,ug/m3,GHAP PM2.5 annual mean (synthetic stand-in),synthetic,,,2026-09-07
HS-01951,ID-SM-005,flood_riverine,today,0.85,scored,false,m,Aqueduct Floods v2 riverine (synthetic stand-in),synthetic,rcp8p5,100,2026-09-07
HS-01952,ID-SM-005,flood_coastal,today,0.23,scored,false,m,Aqueduct Floods v2 coastal-wtsub (synthetic stand-in),synthetic,rcp8p5,100,2026-09-07
HS-01953,ID-SM-005,wind,today,,absent,false,m/s,STORM v4 (synthetic stand-in),synthetic,present-climate,100,2026-09-07
HS-01954,ID-SM-005,heat_days35,today,0.0,scored,false,days/yr,NEX-GDDP-CMIP6 vs ERA5-Land (synthetic stand-in),synthetic,ssp585,,2026-09-07
HS-01955,ID-SM-005,pm25,today,31.7,measured_not_scored,true,ug/m3,GHAP PM2.5 annual mean (synthetic stand-in),synthetic,,,2026-09-07
HS-01956,ID-SM-005,flood_riverine,y2030,0.95,scored,false,m,Aqueduct Floods v2 riverine (synthetic stand-in),synthetic,rcp8p5,100,2026-09-07
HS-01957,ID-SM-005,flood_coastal,y2030,0.33,scored,false,m,Aqueduct Floods v2 coastal-wtsub (synthetic stand-in),synthetic,rcp8p5,100,2026-09-07
HS-01958,ID-SM-005,wind,y2030,,absent,false,m/s,STORM v4 (synthetic stand-in),synthetic,climate-change,100,2026-09-07
HS-01959,ID-SM-005,heat_days35,y2030,6.0,scored,false,days/yr,NEX-GDDP-CMIP6 vs ERA5-Land (synthetic stand-in),synthetic,ssp585,,2026-09-07
HS-01960,ID-SM-005,pm25,y2030,31.7,measured_not_scored,true,ug/m3,GHAP PM2.5 annual mean (synthetic stand-in),synthetic,,,2026-09-07
HS-01961,ID-SM-005,flood_riverine,y2050,1.06,scored,false,m,Aqueduct Floods v2 riverine (synthetic stand-in),synthetic,rcp8p5,100,2026-09-07
HS-01962,ID-SM-005,flood_coastal,y2050,0.44,scored,false,m,Aqueduct Floods v2 coastal-wtsub (synthetic stand-in),synthetic,rcp8p5,100,2026-09-07
HS-01963,ID-SM-005,wind,y2050,,absent,false,m/s,STORM v4 (synthetic stand-in),synthetic,climate-change,100,2026-09-07
HS-01964,ID-SM-005,heat_days35,y2050,20.0,scored,false,days/yr,NEX-GDDP-CMIP6 vs ERA5-Land (synthetic stand-in),synthetic,ssp585,,2026-09-07
HS-01965,ID-SM-005,pm25,y2050,31.7,measured_not_scored,true,ug/m3,GHAP PM2.5 annual mean (synthetic stand-in),synthetic,,,2026-09-07
HS-01966,ID-SM-006,flood_riverine,today,0.88,scored,false,m,Aqueduct Floods v2 riverine (synthetic stand-in),synthetic,rcp8p5,100,2026-09-07
HS-01967,ID-SM-006,flood_coastal,today,2.01,scored,false,m,Aqueduct Floods v2 coastal-wtsub (synthetic stand-in),synthetic,rcp8p5,100,2026-09-07
HS-01968,ID-SM-006,wind,today,,absent,false,m/s,STORM v4 (synthetic stand-in),synthetic,present-climate,100,2026-09-07
HS-01969,ID-SM-006,heat_days35,today,0.0,scored,false,days/yr,NEX-GDDP-CMIP6 vs ERA5-Land (synthetic stand-in),synthetic,ssp585,,2026-09-07
HS-01970,ID-SM-006,pm25,today,32.0,measured_not_scored,true,ug/m3,GHAP PM2.5 annual mean (synthetic stand-in),synthetic,,,2026-09-07
HS-01971,ID-SM-006,flood_riverine,y2030,0.99,scored,false,m,Aqueduct Floods v2 riverine (synthetic stand-in),synthetic,rcp8p5,100,2026-09-07
HS-01972,ID-SM-006,flood_coastal,y2030,2.32,scored,false,m,Aqueduct Floods v2 coastal-wtsub (synthetic stand-in),synthetic,rcp8p5,100,2026-09-07
HS-01973,ID-SM-006,wind,y2030,,absent,false,m/s,STORM v4 (synthetic stand-in),synthetic,climate-change,100,2026-09-07
HS-01974,ID-SM-006,heat_days35,y2030,5.0,scored,false,days/yr,NEX-GDDP-CMIP6 vs ERA5-Land (synthetic stand-in),synthetic,ssp585,,2026-09-07
HS-01975,ID-SM-006,pm25,y2030,32.0,measured_not_scored,true,ug/m3,GHAP PM2.5 annual mean (synthetic stand-in),synthetic,,,2026-09-07
HS-01976,ID-SM-006,flood_riverine,y2050,1.09,scored,false,m,Aqueduct Floods v2 riverine (synthetic stand-in),synthetic,rcp8p5,100,2026-09-07
HS-01977,ID-SM-006,flood_coastal,y2050,2.64,scored,false,m,Aqueduct Floods v2 coastal-wtsub (synthetic stand-in),synthetic,rcp8p5,100,2026-09-07
HS-01978,ID-SM-006,wind,y2050,,absent,false,m/s,STORM v4 (synthetic stand-in),synthetic,climate-change,100,2026-09-07
HS-01979,ID-SM-006,heat_days35,y2050,20.0,scored,false,days/yr,NEX-GDDP-CMIP6 vs ERA5-Land (synthetic stand-in),synthetic,ssp585,,2026-09-07
HS-01980,ID-SM-006,pm25,y2050,32.0,measured_not_scored,true,ug/m3,GHAP PM2.5 annual mean (synthetic stand-in),synthetic,,,2026-09-07
HS-01981,ID-SM-007,flood_riverine,today,0.72,scored,false,m,Aqueduct Floods v2 riverine (synthetic stand-in),synthetic,rcp8p5,100,2026-09-07
HS-01982,ID-SM-007,flood_coastal,today,0.34,scored,false,m,Aqueduct Floods v2 coastal-wtsub (synthetic stand-in),synthetic,rcp8p5,100,2026-09-07
HS-01983,ID-SM-007,wind,today,,absent,false,m/s,STORM v4 (synthetic stand-in),synthetic,present-climate,100,2026-09-07
HS-01984,ID-SM-007,heat_days35,today,0.0,scored,false,days/yr,NEX-GDDP-CMIP6 vs ERA5-Land (synthetic stand-in),synthetic,ssp585,,2026-09-07
HS-01985,ID-SM-007,pm25,today,32.1,measured_not_scored,true,ug/m3,GHAP PM2.5 annual mean (synthetic stand-in),synthetic,,,2026-09-07
HS-01986,ID-SM-007,flood_riverine,y2030,0.81,scored,false,m,Aqueduct Floods v2 riverine (synthetic stand-in),synthetic,rcp8p5,100,2026-09-07
HS-01987,ID-SM-007,flood_coastal,y2030,0.46,scored,false,m,Aqueduct Floods v2 coastal-wtsub (synthetic stand-in),synthetic,rcp8p5,100,2026-09-07
HS-01988,ID-SM-007,wind,y2030,,absent,false,m/s,STORM v4 (synthetic stand-in),synthetic,climate-change,100,2026-09-07
HS-01989,ID-SM-007,heat_days35,y2030,6.0,scored,false,days/yr,NEX-GDDP-CMIP6 vs ERA5-Land (synthetic stand-in),synthetic,ssp585,,2026-09-07
HS-01990,ID-SM-007,pm25,y2030,32.1,measured_not_scored,true,ug/m3,GHAP PM2.5 annual mean (synthetic stand-in),synthetic,,,2026-09-07
HS-01991,ID-SM-007,flood_riverine,y2050,0.9,scored,false,m,Aqueduct Floods v2 riverine (synthetic stand-in),synthetic,rcp8p5,100,2026-09-07
HS-01992,ID-SM-007,flood_coastal,y2050,0.59,scored,false,m,Aqueduct Floods v2 coastal-wtsub (synthetic stand-in),synthetic,rcp8p5,100,2026-09-07
HS-01993,ID-SM-007,wind,y2050,,absent,false,m/s,STORM v4 (synthetic stand-in),synthetic,climate-change,100,2026-09-07
HS-01994,ID-SM-007,heat_days35,y2050,20.0,scored,false,days/yr,NEX-GDDP-CMIP6 vs ERA5-Land (synthetic stand-in),synthetic,ssp585,,2026-09-07
HS-01995,ID-SM-007,pm25,y2050,32.1,measured_not_scored,true,ug/m3,GHAP PM2.5 annual mean (synthetic stand-in),synthetic,,,2026-09-07
HS-01996,ID-SB-001,flood_riverine,today,0.33,scored,false,m,Aqueduct Floods v2 riverine (synthetic stand-in),synthetic,rcp8p5,100,2026-09-07
HS-01997,ID-SB-001,flood_coastal,today,0.0,scored,false,m,Aqueduct Floods v2 coastal-wtsub (synthetic stand-in),synthetic,rcp8p5,100,2026-09-07
HS-01998,ID-SB-001,wind,today,,absent,false,m/s,STORM v4 (synthetic stand-in),synthetic,present-climate,100,2026-09-07
HS-01999,ID-SB-001,heat_days35,today,0.0,scored,false,days/yr,NEX-GDDP-CMIP6 vs ERA5-Land (synthetic stand-in),synthetic,ssp585,,2026-09-07
HS-02000,ID-SB-001,pm25,today,33.3,measured_not_scored,true,ug/m3,GHAP PM2.5 annual mean (synthetic stand-in),synthetic,,,2026-09-07
HS-02001,ID-SB-001,flood_riverine,y2030,0.37,scored,false,m,Aqueduct Floods v2 riverine (synthetic stand-in),synthetic,rcp8p5,100,2026-09-07
HS-02002,ID-SB-001,flood_coastal,y2030,0.0,scored,false,m,Aqueduct Floods v2 coastal-wtsub (synthetic stand-in),synthetic,rcp8p5,100,2026-09-07
HS-02003,ID-SB-001,wind,y2030,,absent,false,m/s,STORM v4 (synthetic stand-in),synthetic,climate-change,100,2026-09-07
HS-02004,ID-SB-001,heat_days35,y2030,7.0,scored,false,days/yr,NEX-GDDP-CMIP6 vs ERA5-Land (synthetic stand-in),synthetic,ssp585,,2026-09-07
HS-02005,ID-SB-001,pm25,y2030,33.3,measured_not_scored,true,ug/m3,GHAP PM2.5 annual mean (synthetic stand-in),synthetic,,,2026-09-07
HS-02006,ID-SB-001,flood_riverine,y2050,0.42,scored,false,m,Aqueduct Floods v2 riverine (synthetic stand-in),synthetic,rcp8p5,100,2026-09-07
HS-02007,ID-SB-001,flood_coastal,y2050,0.04,scored,false,m,Aqueduct Floods v2 coastal-wtsub (synthetic stand-in),synthetic,rcp8p5,100,2026-09-07
HS-02008,ID-SB-001,wind,y2050,,absent,false,m/s,STORM v4 (synthetic stand-in),synthetic,climate-change,100,2026-09-07
HS-02009,ID-SB-001,heat_days35,y2050,24.0,scored,false,days/yr,NEX-GDDP-CMIP6 vs ERA5-Land (synthetic stand-in),synthetic,ssp585,,2026-09-07
HS-02010,ID-SB-001,pm25,y2050,33.3,measured_not_scored,true,ug/m3,GHAP PM2.5 annual mean (synthetic stand-in),synthetic,,,2026-09-07
HS-02011,ID-SB-002,flood_riverine,today,0.99,scored,false,m,Aqueduct Floods v2 riverine (synthetic stand-in),synthetic,rcp8p5,100,2026-09-07
HS-02012,ID-SB-002,flood_coastal,today,0.37,scored,false,m,Aqueduct Floods v2 coastal-wtsub (synthetic stand-in),synthetic,rcp8p5,100,2026-09-07
HS-02013,ID-SB-002,wind,today,,absent,false,m/s,STORM v4 (synthetic stand-in),synthetic,present-climate,100,2026-09-07
HS-02014,ID-SB-002,heat_days35,today,0.0,scored,false,days/yr,NEX-GDDP-CMIP6 vs ERA5-Land (synthetic stand-in),synthetic,ssp585,,2026-09-07
HS-02015,ID-SB-002,pm25,today,33.4,measured_not_scored,true,ug/m3,GHAP PM2.5 annual mean (synthetic stand-in),synthetic,,,2026-09-07
HS-02016,ID-SB-002,flood_riverine,y2030,1.11,scored,false,m,Aqueduct Floods v2 riverine (synthetic stand-in),synthetic,rcp8p5,100,2026-09-07
HS-02017,ID-SB-002,flood_coastal,y2030,0.47,scored,false,m,Aqueduct Floods v2 coastal-wtsub (synthetic stand-in),synthetic,rcp8p5,100,2026-09-07
HS-02018,ID-SB-002,wind,y2030,,absent,false,m/s,STORM v4 (synthetic stand-in),synthetic,climate-change,100,2026-09-07
HS-02019,ID-SB-002,heat_days35,y2030,7.0,scored,false,days/yr,NEX-GDDP-CMIP6 vs ERA5-Land (synthetic stand-in),synthetic,ssp585,,2026-09-07
HS-02020,ID-SB-002,pm25,y2030,33.4,measured_not_scored,true,ug/m3,GHAP PM2.5 annual mean (synthetic stand-in),synthetic,,,2026-09-07
HS-02021,ID-SB-002,flood_riverine,y2050,1.23,scored,false,m,Aqueduct Floods v2 riverine (synthetic stand-in),synthetic,rcp8p5,100,2026-09-07
HS-02022,ID-SB-002,flood_coastal,y2050,0.57,scored,false,m,Aqueduct Floods v2 coastal-wtsub (synthetic stand-in),synthetic,rcp8p5,100,2026-09-07
HS-02023,ID-SB-002,wind,y2050,,absent,false,m/s,STORM v4 (synthetic stand-in),synthetic,climate-change,100,2026-09-07
HS-02024,ID-SB-002,heat_days35,y2050,24.0,scored,false,days/yr,NEX-GDDP-CMIP6 vs ERA5-Land (synthetic stand-in),synthetic,ssp585,,2026-09-07
HS-02025,ID-SB-002,pm25,y2050,33.4,measured_not_scored,true,ug/m3,GHAP PM2.5 annual mean (synthetic stand-in),synthetic,,,2026-09-07
HS-02026,ID-SB-003,flood_riverine,today,0.0,scored,false,m,Aqueduct Floods v2 riverine (synthetic stand-in),synthetic,rcp8p5,100,2026-09-07
HS-02027,ID-SB-003,flood_coastal,today,0.0,scored,false,m,Aqueduct Floods v2 coastal-wtsub (synthetic stand-in),synthetic,rcp8p5,100,2026-09-07
HS-02028,ID-SB-003,wind,today,,absent,false,m/s,STORM v4 (synthetic stand-in),synthetic,present-climate,100,2026-09-07
HS-02029,ID-SB-003,heat_days35,today,0.0,scored,false,days/yr,NEX-GDDP-CMIP6 vs ERA5-Land (synthetic stand-in),synthetic,ssp585,,2026-09-07
HS-02030,ID-SB-003,pm25,today,32.8,measured_not_scored,true,ug/m3,GHAP PM2.5 annual mean (synthetic stand-in),synthetic,,,2026-09-07
HS-02031,ID-SB-003,flood_riverine,y2030,0.0,scored,false,m,Aqueduct Floods v2 riverine (synthetic stand-in),synthetic,rcp8p5,100,2026-09-07
HS-02032,ID-SB-003,flood_coastal,y2030,0.0,scored,false,m,Aqueduct Floods v2 coastal-wtsub (synthetic stand-in),synthetic,rcp8p5,100,2026-09-07
HS-02033,ID-SB-003,wind,y2030,,absent,false,m/s,STORM v4 (synthetic stand-in),synthetic,climate-change,100,2026-09-07
HS-02034,ID-SB-003,heat_days35,y2030,6.0,scored,false,days/yr,NEX-GDDP-CMIP6 vs ERA5-Land (synthetic stand-in),synthetic,ssp585,,2026-09-07
HS-02035,ID-SB-003,pm25,y2030,32.8,measured_not_scored,true,ug/m3,GHAP PM2.5 annual mean (synthetic stand-in),synthetic,,,2026-09-07
HS-02036,ID-SB-003,flood_riverine,y2050,0.0,scored,false,m,Aqueduct Floods v2 riverine (synthetic stand-in),synthetic,rcp8p5,100,2026-09-07
HS-02037,ID-SB-003,flood_coastal,y2050,0.0,scored,false,m,Aqueduct Floods v2 coastal-wtsub (synthetic stand-in),synthetic,rcp8p5,100,2026-09-07
HS-02038,ID-SB-003,wind,y2050,,absent,false,m/s,STORM v4 (synthetic stand-in),synthetic,climate-change,100,2026-09-07
HS-02039,ID-SB-003,heat_days35,y2050,21.0,scored,false,days/yr,NEX-GDDP-CMIP6 vs ERA5-Land (synthetic stand-in),synthetic,ssp585,,2026-09-07
HS-02040,ID-SB-003,pm25,y2050,32.8,measured_not_scored,true,ug/m3,GHAP PM2.5 annual mean (synthetic stand-in),synthetic,,,2026-09-07
HS-02041,ID-SB-004,flood_riverine,today,0.07,scored,false,m,Aqueduct Floods v2 riverine (synthetic stand-in),synthetic,rcp8p5,100,2026-09-07
HS-02042,ID-SB-004,flood_coastal,today,0.0,scored,false,m,Aqueduct Floods v2 coastal-wtsub (synthetic stand-in),synthetic,rcp8p5,100,2026-09-07
HS-02043,ID-SB-004,wind,today,,absent,false,m/s,STORM v4 (synthetic stand-in),synthetic,present-climate,100,2026-09-07
HS-02044,ID-SB-004,heat_days35,today,0.0,scored,false,days/yr,NEX-GDDP-CMIP6 vs ERA5-Land (synthetic stand-in),synthetic,ssp585,,2026-09-07
HS-02045,ID-SB-004,pm25,today,32.8,measured_not_scored,true,ug/m3,GHAP PM2.5 annual mean (synthetic stand-in),synthetic,,,2026-09-07
HS-02046,ID-SB-004,flood_riverine,y2030,0.07,scored,false,m,Aqueduct Floods v2 riverine (synthetic stand-in),synthetic,rcp8p5,100,2026-09-07
HS-02047,ID-SB-004,flood_coastal,y2030,0.0,scored,false,m,Aqueduct Floods v2 coastal-wtsub (synthetic stand-in),synthetic,rcp8p5,100,2026-09-07
HS-02048,ID-SB-004,wind,y2030,,absent,false,m/s,STORM v4 (synthetic stand-in),synthetic,climate-change,100,2026-09-07
HS-02049,ID-SB-004,heat_days35,y2030,6.0,scored,false,days/yr,NEX-GDDP-CMIP6 vs ERA5-Land (synthetic stand-in),synthetic,ssp585,,2026-09-07
HS-02050,ID-SB-004,pm25,y2030,32.8,measured_not_scored,true,ug/m3,GHAP PM2.5 annual mean (synthetic stand-in),synthetic,,,2026-09-07
HS-02051,ID-SB-004,flood_riverine,y2050,0.08,scored,false,m,Aqueduct Floods v2 riverine (synthetic stand-in),synthetic,rcp8p5,100,2026-09-07
HS-02052,ID-SB-004,flood_coastal,y2050,0.0,scored,false,m,Aqueduct Floods v2 coastal-wtsub (synthetic stand-in),synthetic,rcp8p5,100,2026-09-07
HS-02053,ID-SB-004,wind,y2050,,absent,false,m/s,STORM v4 (synthetic stand-in),synthetic,climate-change,100,2026-09-07
HS-02054,ID-SB-004,heat_days35,y2050,21.0,scored,false,days/yr,NEX-GDDP-CMIP6 vs ERA5-Land (synthetic stand-in),synthetic,ssp585,,2026-09-07
HS-02055,ID-SB-004,pm25,y2050,32.8,measured_not_scored,true,ug/m3,GHAP PM2.5 annual mean (synthetic stand-in),synthetic,,,2026-09-07
HS-02056,ID-SB-005,flood_riverine,today,0.0,scored,false,m,Aqueduct Floods v2 riverine (synthetic stand-in),synthetic,rcp8p5,100,2026-09-07
HS-02057,ID-SB-005,flood_coastal,today,0.0,scored,false,m,Aqueduct Floods v2 coastal-wtsub (synthetic stand-in),synthetic,rcp8p5,100,2026-09-07
HS-02058,ID-SB-005,wind,today,,absent,false,m/s,STORM v4 (synthetic stand-in),synthetic,present-climate,100,2026-09-07
HS-02059,ID-SB-005,heat_days35,today,0.0,scored,false,days/yr,NEX-GDDP-CMIP6 vs ERA5-Land (synthetic stand-in),synthetic,ssp585,,2026-09-07
HS-02060,ID-SB-005,pm25,today,32.5,measured_not_scored,true,ug/m3,GHAP PM2.5 annual mean (synthetic stand-in),synthetic,,,2026-09-07
HS-02061,ID-SB-005,flood_riverine,y2030,0.0,scored,false,m,Aqueduct Floods v2 riverine (synthetic stand-in),synthetic,rcp8p5,100,2026-09-07
HS-02062,ID-SB-005,flood_coastal,y2030,0.0,scored,false,m,Aqueduct Floods v2 coastal-wtsub (synthetic stand-in),synthetic,rcp8p5,100,2026-09-07
HS-02063,ID-SB-005,wind,y2030,,absent,false,m/s,STORM v4 (synthetic stand-in),synthetic,climate-change,100,2026-09-07
HS-02064,ID-SB-005,heat_days35,y2030,6.0,scored,false,days/yr,NEX-GDDP-CMIP6 vs ERA5-Land (synthetic stand-in),synthetic,ssp585,,2026-09-07
HS-02065,ID-SB-005,pm25,y2030,32.5,measured_not_scored,true,ug/m3,GHAP PM2.5 annual mean (synthetic stand-in),synthetic,,,2026-09-07
HS-02066,ID-SB-005,flood_riverine,y2050,0.0,scored,false,m,Aqueduct Floods v2 riverine (synthetic stand-in),synthetic,rcp8p5,100,2026-09-07
HS-02067,ID-SB-005,flood_coastal,y2050,0.0,scored,false,m,Aqueduct Floods v2 coastal-wtsub (synthetic stand-in),synthetic,rcp8p5,100,2026-09-07
HS-02068,ID-SB-005,wind,y2050,,absent,false,m/s,STORM v4 (synthetic stand-in),synthetic,climate-change,100,2026-09-07
HS-02069,ID-SB-005,heat_days35,y2050,20.0,scored,false,days/yr,NEX-GDDP-CMIP6 vs ERA5-Land (synthetic stand-in),synthetic,ssp585,,2026-09-07
HS-02070,ID-SB-005,pm25,y2050,32.5,measured_not_scored,true,ug/m3,GHAP PM2.5 annual mean (synthetic stand-in),synthetic,,,2026-09-07
HS-02071,ID-SB-006,flood_riverine,today,0.0,scored,false,m,Aqueduct Floods v2 riverine (synthetic stand-in),synthetic,rcp8p5,100,2026-09-07
HS-02072,ID-SB-006,flood_coastal,today,0.0,scored,false,m,Aqueduct Floods v2 coastal-wtsub (synthetic stand-in),synthetic,rcp8p5,100,2026-09-07
HS-02073,ID-SB-006,wind,today,,absent,false,m/s,STORM v4 (synthetic stand-in),synthetic,present-climate,100,2026-09-07
HS-02074,ID-SB-006,heat_days35,today,0.0,scored,false,days/yr,NEX-GDDP-CMIP6 vs ERA5-Land (synthetic stand-in),synthetic,ssp585,,2026-09-07
HS-02075,ID-SB-006,pm25,today,33.3,measured_not_scored,true,ug/m3,GHAP PM2.5 annual mean (synthetic stand-in),synthetic,,,2026-09-07
HS-02076,ID-SB-006,flood_riverine,y2030,0.0,scored,false,m,Aqueduct Floods v2 riverine (synthetic stand-in),synthetic,rcp8p5,100,2026-09-07
HS-02077,ID-SB-006,flood_coastal,y2030,0.0,scored,false,m,Aqueduct Floods v2 coastal-wtsub (synthetic stand-in),synthetic,rcp8p5,100,2026-09-07
HS-02078,ID-SB-006,wind,y2030,,absent,false,m/s,STORM v4 (synthetic stand-in),synthetic,climate-change,100,2026-09-07
HS-02079,ID-SB-006,heat_days35,y2030,7.0,scored,false,days/yr,NEX-GDDP-CMIP6 vs ERA5-Land (synthetic stand-in),synthetic,ssp585,,2026-09-07
HS-02080,ID-SB-006,pm25,y2030,33.3,measured_not_scored,true,ug/m3,GHAP PM2.5 annual mean (synthetic stand-in),synthetic,,,2026-09-07
HS-02081,ID-SB-006,flood_riverine,y2050,0.0,scored,false,m,Aqueduct Floods v2 riverine (synthetic stand-in),synthetic,rcp8p5,100,2026-09-07
HS-02082,ID-SB-006,flood_coastal,y2050,0.0,scored,false,m,Aqueduct Floods v2 coastal-wtsub (synthetic stand-in),synthetic,rcp8p5,100,2026-09-07
HS-02083,ID-SB-006,wind,y2050,,absent,false,m/s,STORM v4 (synthetic stand-in),synthetic,climate-change,100,2026-09-07
HS-02084,ID-SB-006,heat_days35,y2050,24.0,scored,false,days/yr,NEX-GDDP-CMIP6 vs ERA5-Land (synthetic stand-in),synthetic,ssp585,,2026-09-07
HS-02085,ID-SB-006,pm25,y2050,33.3,measured_not_scored,true,ug/m3,GHAP PM2.5 annual mean (synthetic stand-in),synthetic,,,2026-09-07
HS-02086,ID-SB-007,flood_riverine,today,0.22,scored,false,m,Aqueduct Floods v2 riverine (synthetic stand-in),synthetic,rcp8p5,100,2026-09-07
HS-02087,ID-SB-007,flood_coastal,today,0.0,scored,false,m,Aqueduct Floods v2 coastal-wtsub (synthetic stand-in),synthetic,rcp8p5,100,2026-09-07
HS-02088,ID-SB-007,wind,today,,absent,false,m/s,STORM v4 (synthetic stand-in),synthetic,present-climate,100,2026-09-07
HS-02089,ID-SB-007,heat_days35,today,0.0,scored,false,days/yr,NEX-GDDP-CMIP6 vs ERA5-Land (synthetic stand-in),synthetic,ssp585,,2026-09-07
HS-02090,ID-SB-007,pm25,today,33.4,measured_not_scored,true,ug/m3,GHAP PM2.5 annual mean (synthetic stand-in),synthetic,,,2026-09-07
HS-02091,ID-SB-007,flood_riverine,y2030,0.24,scored,false,m,Aqueduct Floods v2 riverine (synthetic stand-in),synthetic,rcp8p5,100,2026-09-07
HS-02092,ID-SB-007,flood_coastal,y2030,0.0,scored,false,m,Aqueduct Floods v2 coastal-wtsub (synthetic stand-in),synthetic,rcp8p5,100,2026-09-07
HS-02093,ID-SB-007,wind,y2030,,absent,false,m/s,STORM v4 (synthetic stand-in),synthetic,climate-change,100,2026-09-07
HS-02094,ID-SB-007,heat_days35,y2030,6.0,scored,false,days/yr,NEX-GDDP-CMIP6 vs ERA5-Land (synthetic stand-in),synthetic,ssp585,,2026-09-07
HS-02095,ID-SB-007,pm25,y2030,33.4,measured_not_scored,true,ug/m3,GHAP PM2.5 annual mean (synthetic stand-in),synthetic,,,2026-09-07
HS-02096,ID-SB-007,flood_riverine,y2050,0.27,scored,false,m,Aqueduct Floods v2 riverine (synthetic stand-in),synthetic,rcp8p5,100,2026-09-07
HS-02097,ID-SB-007,flood_coastal,y2050,0.0,scored,false,m,Aqueduct Floods v2 coastal-wtsub (synthetic stand-in),synthetic,rcp8p5,100,2026-09-07
HS-02098,ID-SB-007,wind,y2050,,absent,false,m/s,STORM v4 (synthetic stand-in),synthetic,climate-change,100,2026-09-07
HS-02099,ID-SB-007,heat_days35,y2050,20.0,scored,false,days/yr,NEX-GDDP-CMIP6 vs ERA5-Land (synthetic stand-in),synthetic,ssp585,,2026-09-07
HS-02100,ID-SB-007,pm25,y2050,33.4,measured_not_scored,true,ug/m3,GHAP PM2.5 annual mean (synthetic stand-in),synthetic,,,2026-09-07
HS-02101,CN-PD-001,flood_riverine,today,0.59,scored,false,m,Aqueduct Floods v2 riverine (synthetic stand-in),synthetic,rcp8p5,100,2026-09-07
HS-02102,CN-PD-001,flood_coastal,today,0.0,scored,false,m,Aqueduct Floods v2 coastal-wtsub (synthetic stand-in),synthetic,rcp8p5,100,2026-09-07
HS-02103,CN-PD-001,wind,today,46.0,scored,false,m/s,STORM v4 (synthetic stand-in),synthetic,present-climate,100,2026-09-07
HS-02104,CN-PD-001,heat_days35,today,0.0,scored,false,days/yr,NEX-GDDP-CMIP6 vs ERA5-Land (synthetic stand-in),synthetic,ssp585,,2026-09-07
HS-02105,CN-PD-001,pm25,today,43.2,scored,true,ug/m3,GHAP PM2.5 annual mean (synthetic stand-in),synthetic,,,2026-09-07
HS-02106,CN-PD-001,flood_riverine,y2030,0.66,scored,false,m,Aqueduct Floods v2 riverine (synthetic stand-in),synthetic,rcp8p5,100,2026-09-07
HS-02107,CN-PD-001,flood_coastal,y2030,0.0,scored,false,m,Aqueduct Floods v2 coastal-wtsub (synthetic stand-in),synthetic,rcp8p5,100,2026-09-07
HS-02108,CN-PD-001,wind,y2030,46.9,scored,false,m/s,STORM v4 (synthetic stand-in),synthetic,climate-change,100,2026-09-07
HS-02109,CN-PD-001,heat_days35,y2030,13.0,scored,false,days/yr,NEX-GDDP-CMIP6 vs ERA5-Land (synthetic stand-in),synthetic,ssp585,,2026-09-07
HS-02110,CN-PD-001,pm25,y2030,43.2,scored,true,ug/m3,GHAP PM2.5 annual mean (synthetic stand-in),synthetic,,,2026-09-07
HS-02111,CN-PD-001,flood_riverine,y2050,0.74,scored,false,m,Aqueduct Floods v2 riverine (synthetic stand-in),synthetic,rcp8p5,100,2026-09-07
HS-02112,CN-PD-001,flood_coastal,y2050,0.0,scored,false,m,Aqueduct Floods v2 coastal-wtsub (synthetic stand-in),synthetic,rcp8p5,100,2026-09-07
HS-02113,CN-PD-001,wind,y2050,48.3,scored,false,m/s,STORM v4 (synthetic stand-in),synthetic,climate-change,100,2026-09-07
HS-02114,CN-PD-001,heat_days35,y2050,41.0,scored,false,days/yr,NEX-GDDP-CMIP6 vs ERA5-Land (synthetic stand-in),synthetic,ssp585,,2026-09-07
HS-02115,CN-PD-001,pm25,y2050,43.2,scored,true,ug/m3,GHAP PM2.5 annual mean (synthetic stand-in),synthetic,,,2026-09-07
HS-02116,CN-PD-002,flood_riverine,today,0.0,scored,false,m,Aqueduct Floods v2 riverine (synthetic stand-in),synthetic,rcp8p5,100,2026-09-07
HS-02117,CN-PD-002,flood_coastal,today,0.0,scored,false,m,Aqueduct Floods v2 coastal-wtsub (synthetic stand-in),synthetic,rcp8p5,100,2026-09-07
HS-02118,CN-PD-002,wind,today,47.3,scored,false,m/s,STORM v4 (synthetic stand-in),synthetic,present-climate,100,2026-09-07
HS-02119,CN-PD-002,heat_days35,today,0.0,scored,false,days/yr,NEX-GDDP-CMIP6 vs ERA5-Land (synthetic stand-in),synthetic,ssp585,,2026-09-07
HS-02120,CN-PD-002,pm25,today,42.6,scored,true,ug/m3,GHAP PM2.5 annual mean (synthetic stand-in),synthetic,,,2026-09-07
HS-02121,CN-PD-002,flood_riverine,y2030,0.0,scored,false,m,Aqueduct Floods v2 riverine (synthetic stand-in),synthetic,rcp8p5,100,2026-09-07
HS-02122,CN-PD-002,flood_coastal,y2030,0.0,scored,false,m,Aqueduct Floods v2 coastal-wtsub (synthetic stand-in),synthetic,rcp8p5,100,2026-09-07
HS-02123,CN-PD-002,wind,y2030,48.2,scored,false,m/s,STORM v4 (synthetic stand-in),synthetic,climate-change,100,2026-09-07
HS-02124,CN-PD-002,heat_days35,y2030,11.0,scored,false,days/yr,NEX-GDDP-CMIP6 vs ERA5-Land (synthetic stand-in),synthetic,ssp585,,2026-09-07
HS-02125,CN-PD-002,pm25,y2030,42.6,scored,true,ug/m3,GHAP PM2.5 annual mean (synthetic stand-in),synthetic,,,2026-09-07
HS-02126,CN-PD-002,flood_riverine,y2050,0.0,scored,false,m,Aqueduct Floods v2 riverine (synthetic stand-in),synthetic,rcp8p5,100,2026-09-07
HS-02127,CN-PD-002,flood_coastal,y2050,0.0,scored,false,m,Aqueduct Floods v2 coastal-wtsub (synthetic stand-in),synthetic,rcp8p5,100,2026-09-07
HS-02128,CN-PD-002,wind,y2050,49.6,scored,false,m/s,STORM v4 (synthetic stand-in),synthetic,climate-change,100,2026-09-07
HS-02129,CN-PD-002,heat_days35,y2050,38.0,scored,false,days/yr,NEX-GDDP-CMIP6 vs ERA5-Land (synthetic stand-in),synthetic,ssp585,,2026-09-07
HS-02130,CN-PD-002,pm25,y2050,42.6,scored,true,ug/m3,GHAP PM2.5 annual mean (synthetic stand-in),synthetic,,,2026-09-07
HS-02131,CN-PD-003,flood_riverine,today,0.0,scored,false,m,Aqueduct Floods v2 riverine (synthetic stand-in),synthetic,rcp8p5,100,2026-09-07
HS-02132,CN-PD-003,flood_coastal,today,0.0,scored,false,m,Aqueduct Floods v2 coastal-wtsub (synthetic stand-in),synthetic,rcp8p5,100,2026-09-07
HS-02133,CN-PD-003,wind,today,46.2,scored,false,m/s,STORM v4 (synthetic stand-in),synthetic,present-climate,100,2026-09-07
HS-02134,CN-PD-003,heat_days35,today,0.0,scored,false,days/yr,NEX-GDDP-CMIP6 vs ERA5-Land (synthetic stand-in),synthetic,ssp585,,2026-09-07
HS-02135,CN-PD-003,pm25,today,42.6,scored,true,ug/m3,GHAP PM2.5 annual mean (synthetic stand-in),synthetic,,,2026-09-07
HS-02136,CN-PD-003,flood_riverine,y2030,0.0,scored,false,m,Aqueduct Floods v2 riverine (synthetic stand-in),synthetic,rcp8p5,100,2026-09-07
HS-02137,CN-PD-003,flood_coastal,y2030,0.0,scored,false,m,Aqueduct Floods v2 coastal-wtsub (synthetic stand-in),synthetic,rcp8p5,100,2026-09-07
HS-02138,CN-PD-003,wind,y2030,47.1,scored,false,m/s,STORM v4 (synthetic stand-in),synthetic,climate-change,100,2026-09-07
HS-02139,CN-PD-003,heat_days35,y2030,14.0,scored,false,days/yr,NEX-GDDP-CMIP6 vs ERA5-Land (synthetic stand-in),synthetic,ssp585,,2026-09-07
HS-02140,CN-PD-003,pm25,y2030,42.6,scored,true,ug/m3,GHAP PM2.5 annual mean (synthetic stand-in),synthetic,,,2026-09-07
HS-02141,CN-PD-003,flood_riverine,y2050,0.0,scored,false,m,Aqueduct Floods v2 riverine (synthetic stand-in),synthetic,rcp8p5,100,2026-09-07
HS-02142,CN-PD-003,flood_coastal,y2050,0.0,scored,false,m,Aqueduct Floods v2 coastal-wtsub (synthetic stand-in),synthetic,rcp8p5,100,2026-09-07
HS-02143,CN-PD-003,wind,y2050,48.5,scored,false,m/s,STORM v4 (synthetic stand-in),synthetic,climate-change,100,2026-09-07
HS-02144,CN-PD-003,heat_days35,y2050,43.0,scored,false,days/yr,NEX-GDDP-CMIP6 vs ERA5-Land (synthetic stand-in),synthetic,ssp585,,2026-09-07
HS-02145,CN-PD-003,pm25,y2050,42.6,scored,true,ug/m3,GHAP PM2.5 annual mean (synthetic stand-in),synthetic,,,2026-09-07
HS-02146,CN-PD-004,flood_riverine,today,0.0,scored,false,m,Aqueduct Floods v2 riverine (synthetic stand-in),synthetic,rcp8p5,100,2026-09-07
HS-02147,CN-PD-004,flood_coastal,today,0.0,scored,false,m,Aqueduct Floods v2 coastal-wtsub (synthetic stand-in),synthetic,rcp8p5,100,2026-09-07
HS-02148,CN-PD-004,wind,today,47.2,scored,false,m/s,STORM v4 (synthetic stand-in),synthetic,present-climate,100,2026-09-07
HS-02149,CN-PD-004,heat_days35,today,0.0,scored,false,days/yr,NEX-GDDP-CMIP6 vs ERA5-Land (synthetic stand-in),synthetic,ssp585,,2026-09-07
HS-02150,CN-PD-004,pm25,today,43.3,scored,true,ug/m3,GHAP PM2.5 annual mean (synthetic stand-in),synthetic,,,2026-09-07
HS-02151,CN-PD-004,flood_riverine,y2030,0.0,scored,false,m,Aqueduct Floods v2 riverine (synthetic stand-in),synthetic,rcp8p5,100,2026-09-07
HS-02152,CN-PD-004,flood_coastal,y2030,0.0,scored,false,m,Aqueduct Floods v2 coastal-wtsub (synthetic stand-in),synthetic,rcp8p5,100,2026-09-07
HS-02153,CN-PD-004,wind,y2030,48.2,scored,false,m/s,STORM v4 (synthetic stand-in),synthetic,climate-change,100,2026-09-07
HS-02154,CN-PD-004,heat_days35,y2030,11.0,scored,false,days/yr,NEX-GDDP-CMIP6 vs ERA5-Land (synthetic stand-in),synthetic,ssp585,,2026-09-07
HS-02155,CN-PD-004,pm25,y2030,43.3,scored,true,ug/m3,GHAP PM2.5 annual mean (synthetic stand-in),synthetic,,,2026-09-07
HS-02156,CN-PD-004,flood_riverine,y2050,0.0,scored,false,m,Aqueduct Floods v2 riverine (synthetic stand-in),synthetic,rcp8p5,100,2026-09-07
HS-02157,CN-PD-004,flood_coastal,y2050,0.0,scored,false,m,Aqueduct Floods v2 coastal-wtsub (synthetic stand-in),synthetic,rcp8p5,100,2026-09-07
HS-02158,CN-PD-004,wind,y2050,49.6,scored,false,m/s,STORM v4 (synthetic stand-in),synthetic,climate-change,100,2026-09-07
HS-02159,CN-PD-004,heat_days35,y2050,38.0,scored,false,days/yr,NEX-GDDP-CMIP6 vs ERA5-Land (synthetic stand-in),synthetic,ssp585,,2026-09-07
HS-02160,CN-PD-004,pm25,y2050,43.3,scored,true,ug/m3,GHAP PM2.5 annual mean (synthetic stand-in),synthetic,,,2026-09-07
HS-02161,CN-PD-005,flood_riverine,today,0.54,scored,false,m,Aqueduct Floods v2 riverine (synthetic stand-in),synthetic,rcp8p5,100,2026-09-07
HS-02162,CN-PD-005,flood_coastal,today,0.0,scored,false,m,Aqueduct Floods v2 coastal-wtsub (synthetic stand-in),synthetic,rcp8p5,100,2026-09-07
HS-02163,CN-PD-005,wind,today,45.6,scored,false,m/s,STORM v4 (synthetic stand-in),synthetic,present-climate,100,2026-09-07
HS-02164,CN-PD-005,heat_days35,today,0.0,scored,false,days/yr,NEX-GDDP-CMIP6 vs ERA5-Land (synthetic stand-in),synthetic,ssp585,,2026-09-07
HS-02165,CN-PD-005,pm25,today,42.7,scored,true,ug/m3,GHAP PM2.5 annual mean (synthetic stand-in),synthetic,,,2026-09-07
HS-02166,CN-PD-005,flood_riverine,y2030,0.61,scored,false,m,Aqueduct Floods v2 riverine (synthetic stand-in),synthetic,rcp8p5,100,2026-09-07
HS-02167,CN-PD-005,flood_coastal,y2030,0.0,scored,false,m,Aqueduct Floods v2 coastal-wtsub (synthetic stand-in),synthetic,rcp8p5,100,2026-09-07
HS-02168,CN-PD-005,wind,y2030,46.5,scored,false,m/s,STORM v4 (synthetic stand-in),synthetic,climate-change,100,2026-09-07
HS-02169,CN-PD-005,heat_days35,y2030,11.0,scored,false,days/yr,NEX-GDDP-CMIP6 vs ERA5-Land (synthetic stand-in),synthetic,ssp585,,2026-09-07
HS-02170,CN-PD-005,pm25,y2030,42.7,scored,true,ug/m3,GHAP PM2.5 annual mean (synthetic stand-in),synthetic,,,2026-09-07
HS-02171,CN-PD-005,flood_riverine,y2050,0.68,scored,false,m,Aqueduct Floods v2 riverine (synthetic stand-in),synthetic,rcp8p5,100,2026-09-07
HS-02172,CN-PD-005,flood_coastal,y2050,0.0,scored,false,m,Aqueduct Floods v2 coastal-wtsub (synthetic stand-in),synthetic,rcp8p5,100,2026-09-07
HS-02173,CN-PD-005,wind,y2050,47.8,scored,false,m/s,STORM v4 (synthetic stand-in),synthetic,climate-change,100,2026-09-07
HS-02174,CN-PD-005,heat_days35,y2050,38.0,scored,false,days/yr,NEX-GDDP-CMIP6 vs ERA5-Land (synthetic stand-in),synthetic,ssp585,,2026-09-07
HS-02175,CN-PD-005,pm25,y2050,42.7,scored,true,ug/m3,GHAP PM2.5 annual mean (synthetic stand-in),synthetic,,,2026-09-07
HS-02176,CN-PD-006,flood_riverine,today,0.3,scored,false,m,Aqueduct Floods v2 riverine (synthetic stand-in),synthetic,rcp8p5,100,2026-09-07
HS-02177,CN-PD-006,flood_coastal,today,0.0,scored,false,m,Aqueduct Floods v2 coastal-wtsub (synthetic stand-in),synthetic,rcp8p5,100,2026-09-07
HS-02178,CN-PD-006,wind,today,45.8,scored,false,m/s,STORM v4 (synthetic stand-in),synthetic,present-climate,100,2026-09-07
HS-02179,CN-PD-006,heat_days35,today,0.0,scored,false,days/yr,NEX-GDDP-CMIP6 vs ERA5-Land (synthetic stand-in),synthetic,ssp585,,2026-09-07
HS-02180,CN-PD-006,pm25,today,43.1,scored,true,ug/m3,GHAP PM2.5 annual mean (synthetic stand-in),synthetic,,,2026-09-07
HS-02181,CN-PD-006,flood_riverine,y2030,0.33,scored,false,m,Aqueduct Floods v2 riverine (synthetic stand-in),synthetic,rcp8p5,100,2026-09-07
HS-02182,CN-PD-006,flood_coastal,y2030,0.0,scored,false,m,Aqueduct Floods v2 coastal-wtsub (synthetic stand-in),synthetic,rcp8p5,100,2026-09-07
HS-02183,CN-PD-006,wind,y2030,46.7,scored,false,m/s,STORM v4 (synthetic stand-in),synthetic,climate-change,100,2026-09-07
HS-02184,CN-PD-006,heat_days35,y2030,14.0,scored,false,days/yr,NEX-GDDP-CMIP6 vs ERA5-Land (synthetic stand-in),synthetic,ssp585,,2026-09-07
HS-02185,CN-PD-006,pm25,y2030,43.1,scored,true,ug/m3,GHAP PM2.5 annual mean (synthetic stand-in),synthetic,,,2026-09-07
HS-02186,CN-PD-006,flood_riverine,y2050,0.37,scored,false,m,Aqueduct Floods v2 riverine (synthetic stand-in),synthetic,rcp8p5,100,2026-09-07
HS-02187,CN-PD-006,flood_coastal,y2050,0.0,scored,false,m,Aqueduct Floods v2 coastal-wtsub (synthetic stand-in),synthetic,rcp8p5,100,2026-09-07
HS-02188,CN-PD-006,wind,y2050,48.1,scored,false,m/s,STORM v4 (synthetic stand-in),synthetic,climate-change,100,2026-09-07
HS-02189,CN-PD-006,heat_days35,y2050,45.0,scored,false,days/yr,NEX-GDDP-CMIP6 vs ERA5-Land (synthetic stand-in),synthetic,ssp585,,2026-09-07
HS-02190,CN-PD-006,pm25,y2050,43.1,scored,true,ug/m3,GHAP PM2.5 annual mean (synthetic stand-in),synthetic,,,2026-09-07
HS-02191,CN-PD-007,flood_riverine,today,0.61,scored,false,m,Aqueduct Floods v2 riverine (synthetic stand-in),synthetic,rcp8p5,100,2026-09-07
HS-02192,CN-PD-007,flood_coastal,today,0.0,scored,false,m,Aqueduct Floods v2 coastal-wtsub (synthetic stand-in),synthetic,rcp8p5,100,2026-09-07
HS-02193,CN-PD-007,wind,today,46.8,scored,false,m/s,STORM v4 (synthetic stand-in),synthetic,present-climate,100,2026-09-07
HS-02194,CN-PD-007,heat_days35,today,0.0,scored,false,days/yr,NEX-GDDP-CMIP6 vs ERA5-Land (synthetic stand-in),synthetic,ssp585,,2026-09-07
HS-02195,CN-PD-007,pm25,today,41.1,scored,true,ug/m3,GHAP PM2.5 annual mean (synthetic stand-in),synthetic,,,2026-09-07
HS-02196,CN-PD-007,flood_riverine,y2030,0.69,scored,false,m,Aqueduct Floods v2 riverine (synthetic stand-in),synthetic,rcp8p5,100,2026-09-07
HS-02197,CN-PD-007,flood_coastal,y2030,0.0,scored,false,m,Aqueduct Floods v2 coastal-wtsub (synthetic stand-in),synthetic,rcp8p5,100,2026-09-07
HS-02198,CN-PD-007,wind,y2030,47.7,scored,false,m/s,STORM v4 (synthetic stand-in),synthetic,climate-change,100,2026-09-07
HS-02199,CN-PD-007,heat_days35,y2030,13.0,scored,false,days/yr,NEX-GDDP-CMIP6 vs ERA5-Land (synthetic stand-in),synthetic,ssp585,,2026-09-07
HS-02200,CN-PD-007,pm25,y2030,41.1,scored,true,ug/m3,GHAP PM2.5 annual mean (synthetic stand-in),synthetic,,,2026-09-07
HS-02201,CN-PD-007,flood_riverine,y2050,0.76,scored,false,m,Aqueduct Floods v2 riverine (synthetic stand-in),synthetic,rcp8p5,100,2026-09-07
HS-02202,CN-PD-007,flood_coastal,y2050,0.0,scored,false,m,Aqueduct Floods v2 coastal-wtsub (synthetic stand-in),synthetic,rcp8p5,100,2026-09-07
HS-02203,CN-PD-007,wind,y2050,49.1,scored,false,m/s,STORM v4 (synthetic stand-in),synthetic,climate-change,100,2026-09-07
HS-02204,CN-PD-007,heat_days35,y2050,44.0,scored,false,days/yr,NEX-GDDP-CMIP6 vs ERA5-Land (synthetic stand-in),synthetic,ssp585,,2026-09-07
HS-02205,CN-PD-007,pm25,y2050,41.1,scored,true,ug/m3,GHAP PM2.5 annual mean (synthetic stand-in),synthetic,,,2026-09-07
HS-02206,CN-PD-008,flood_riverine,today,0.33,scored,false,m,Aqueduct Floods v2 riverine (synthetic stand-in),synthetic,rcp8p5,100,2026-09-07
HS-02207,CN-PD-008,flood_coastal,today,0.0,scored,false,m,Aqueduct Floods v2 coastal-wtsub (synthetic stand-in),synthetic,rcp8p5,100,2026-09-07
HS-02208,CN-PD-008,wind,today,47.0,scored,false,m/s,STORM v4 (synthetic stand-in),synthetic,present-climate,100,2026-09-07
HS-02209,CN-PD-008,heat_days35,today,0.0,scored,false,days/yr,NEX-GDDP-CMIP6 vs ERA5-Land (synthetic stand-in),synthetic,ssp585,,2026-09-07
HS-02210,CN-PD-008,pm25,today,42.6,scored,true,ug/m3,GHAP PM2.5 annual mean (synthetic stand-in),synthetic,,,2026-09-07
HS-02211,CN-PD-008,flood_riverine,y2030,0.37,scored,false,m,Aqueduct Floods v2 riverine (synthetic stand-in),synthetic,rcp8p5,100,2026-09-07
HS-02212,CN-PD-008,flood_coastal,y2030,0.0,scored,false,m,Aqueduct Floods v2 coastal-wtsub (synthetic stand-in),synthetic,rcp8p5,100,2026-09-07
HS-02213,CN-PD-008,wind,y2030,48.0,scored,false,m/s,STORM v4 (synthetic stand-in),synthetic,climate-change,100,2026-09-07
HS-02214,CN-PD-008,heat_days35,y2030,13.0,scored,false,days/yr,NEX-GDDP-CMIP6 vs ERA5-Land (synthetic stand-in),synthetic,ssp585,,2026-09-07
HS-02215,CN-PD-008,pm25,y2030,42.6,scored,true,ug/m3,GHAP PM2.5 annual mean (synthetic stand-in),synthetic,,,2026-09-07
HS-02216,CN-PD-008,flood_riverine,y2050,0.41,scored,false,m,Aqueduct Floods v2 riverine (synthetic stand-in),synthetic,rcp8p5,100,2026-09-07
HS-02217,CN-PD-008,flood_coastal,y2050,0.0,scored,false,m,Aqueduct Floods v2 coastal-wtsub (synthetic stand-in),synthetic,rcp8p5,100,2026-09-07
HS-02218,CN-PD-008,wind,y2050,49.4,scored,false,m/s,STORM v4 (synthetic stand-in),synthetic,climate-change,100,2026-09-07
HS-02219,CN-PD-008,heat_days35,y2050,43.0,scored,false,days/yr,NEX-GDDP-CMIP6 vs ERA5-Land (synthetic stand-in),synthetic,ssp585,,2026-09-07
HS-02220,CN-PD-008,pm25,y2050,42.6,scored,true,ug/m3,GHAP PM2.5 annual mean (synthetic stand-in),synthetic,,,2026-09-07
HS-02221,CN-PD-009,flood_riverine,today,0.51,scored,false,m,Aqueduct Floods v2 riverine (synthetic stand-in),synthetic,rcp8p5,100,2026-09-07
HS-02222,CN-PD-009,flood_coastal,today,0.0,scored,false,m,Aqueduct Floods v2 coastal-wtsub (synthetic stand-in),synthetic,rcp8p5,100,2026-09-07
HS-02223,CN-PD-009,wind,today,47.6,scored,false,m/s,STORM v4 (synthetic stand-in),synthetic,present-climate,100,2026-09-07
HS-02224,CN-PD-009,heat_days35,today,0.0,scored,false,days/yr,NEX-GDDP-CMIP6 vs ERA5-Land (synthetic stand-in),synthetic,ssp585,,2026-09-07
HS-02225,CN-PD-009,pm25,today,42.4,scored,true,ug/m3,GHAP PM2.5 annual mean (synthetic stand-in),synthetic,,,2026-09-07
HS-02226,CN-PD-009,flood_riverine,y2030,0.58,scored,false,m,Aqueduct Floods v2 riverine (synthetic stand-in),synthetic,rcp8p5,100,2026-09-07
HS-02227,CN-PD-009,flood_coastal,y2030,0.0,scored,false,m,Aqueduct Floods v2 coastal-wtsub (synthetic stand-in),synthetic,rcp8p5,100,2026-09-07
HS-02228,CN-PD-009,wind,y2030,48.6,scored,false,m/s,STORM v4 (synthetic stand-in),synthetic,climate-change,100,2026-09-07
HS-02229,CN-PD-009,heat_days35,y2030,14.0,scored,false,days/yr,NEX-GDDP-CMIP6 vs ERA5-Land (synthetic stand-in),synthetic,ssp585,,2026-09-07
HS-02230,CN-PD-009,pm25,y2030,42.4,scored,true,ug/m3,GHAP PM2.5 annual mean (synthetic stand-in),synthetic,,,2026-09-07
HS-02231,CN-PD-009,flood_riverine,y2050,0.64,scored,false,m,Aqueduct Floods v2 riverine (synthetic stand-in),synthetic,rcp8p5,100,2026-09-07
HS-02232,CN-PD-009,flood_coastal,y2050,0.0,scored,false,m,Aqueduct Floods v2 coastal-wtsub (synthetic stand-in),synthetic,rcp8p5,100,2026-09-07
HS-02233,CN-PD-009,wind,y2050,50.0,scored,false,m/s,STORM v4 (synthetic stand-in),synthetic,climate-change,100,2026-09-07
HS-02234,CN-PD-009,heat_days35,y2050,44.0,scored,false,days/yr,NEX-GDDP-CMIP6 vs ERA5-Land (synthetic stand-in),synthetic,ssp585,,2026-09-07
HS-02235,CN-PD-009,pm25,y2050,42.4,scored,true,ug/m3,GHAP PM2.5 annual mean (synthetic stand-in),synthetic,,,2026-09-07
HS-02236,CN-PD-010,flood_riverine,today,0.79,scored,false,m,Aqueduct Floods v2 riverine (synthetic stand-in),synthetic,rcp8p5,100,2026-09-07
HS-02237,CN-PD-010,flood_coastal,today,0.0,scored,false,m,Aqueduct Floods v2 coastal-wtsub (synthetic stand-in),synthetic,rcp8p5,100,2026-09-07
HS-02238,CN-PD-010,wind,today,46.2,scored,false,m/s,STORM v4 (synthetic stand-in),synthetic,present-climate,100,2026-09-07
HS-02239,CN-PD-010,heat_days35,today,0.0,scored,false,days/yr,NEX-GDDP-CMIP6 vs ERA5-Land (synthetic stand-in),synthetic,ssp585,,2026-09-07
HS-02240,CN-PD-010,pm25,today,43.0,scored,true,ug/m3,GHAP PM2.5 annual mean (synthetic stand-in),synthetic,,,2026-09-07
HS-02241,CN-PD-010,flood_riverine,y2030,0.89,scored,false,m,Aqueduct Floods v2 riverine (synthetic stand-in),synthetic,rcp8p5,100,2026-09-07
HS-02242,CN-PD-010,flood_coastal,y2030,0.0,scored,false,m,Aqueduct Floods v2 coastal-wtsub (synthetic stand-in),synthetic,rcp8p5,100,2026-09-07
HS-02243,CN-PD-010,wind,y2030,47.1,scored,false,m/s,STORM v4 (synthetic stand-in),synthetic,climate-change,100,2026-09-07
HS-02244,CN-PD-010,heat_days35,y2030,10.0,scored,false,days/yr,NEX-GDDP-CMIP6 vs ERA5-Land (synthetic stand-in),synthetic,ssp585,,2026-09-07
HS-02245,CN-PD-010,pm25,y2030,43.0,scored,true,ug/m3,GHAP PM2.5 annual mean (synthetic stand-in),synthetic,,,2026-09-07
HS-02246,CN-PD-010,flood_riverine,y2050,0.99,scored,false,m,Aqueduct Floods v2 riverine (synthetic stand-in),synthetic,rcp8p5,100,2026-09-07
HS-02247,CN-PD-010,flood_coastal,y2050,0.0,scored,false,m,Aqueduct Floods v2 coastal-wtsub (synthetic stand-in),synthetic,rcp8p5,100,2026-09-07
HS-02248,CN-PD-010,wind,y2050,48.5,scored,false,m/s,STORM v4 (synthetic stand-in),synthetic,climate-change,100,2026-09-07
HS-02249,CN-PD-010,heat_days35,y2050,36.0,scored,false,days/yr,NEX-GDDP-CMIP6 vs ERA5-Land (synthetic stand-in),synthetic,ssp585,,2026-09-07
HS-02250,CN-PD-010,pm25,y2050,43.0,scored,true,ug/m3,GHAP PM2.5 annual mean (synthetic stand-in),synthetic,,,2026-09-07
HS-02251,CN-NS-001,flood_riverine,today,1.03,scored,false,m,Aqueduct Floods v2 riverine (synthetic stand-in),synthetic,rcp8p5,100,2026-09-07
HS-02252,CN-NS-001,flood_coastal,today,0.21,scored,false,m,Aqueduct Floods v2 coastal-wtsub (synthetic stand-in),synthetic,rcp8p5,100,2026-09-07
HS-02253,CN-NS-001,wind,today,55.2,scored,false,m/s,STORM v4 (synthetic stand-in),synthetic,present-climate,100,2026-09-07
HS-02254,CN-NS-001,heat_days35,today,0.0,scored,false,days/yr,NEX-GDDP-CMIP6 vs ERA5-Land (synthetic stand-in),synthetic,ssp585,,2026-09-07
HS-02255,CN-NS-001,pm25,today,36.9,scored,true,ug/m3,GHAP PM2.5 annual mean (synthetic stand-in),synthetic,,,2026-09-07
HS-02256,CN-NS-001,flood_riverine,y2030,1.16,scored,false,m,Aqueduct Floods v2 riverine (synthetic stand-in),synthetic,rcp8p5,100,2026-09-07
HS-02257,CN-NS-001,flood_coastal,y2030,0.27,scored,false,m,Aqueduct Floods v2 coastal-wtsub (synthetic stand-in),synthetic,rcp8p5,100,2026-09-07
HS-02258,CN-NS-001,wind,y2030,56.3,scored,false,m/s,STORM v4 (synthetic stand-in),synthetic,climate-change,100,2026-09-07
HS-02259,CN-NS-001,heat_days35,y2030,18.0,scored,false,days/yr,NEX-GDDP-CMIP6 vs ERA5-Land (synthetic stand-in),synthetic,ssp585,,2026-09-07
HS-02260,CN-NS-001,pm25,y2030,36.9,scored,true,ug/m3,GHAP PM2.5 annual mean (synthetic stand-in),synthetic,,,2026-09-07
HS-02261,CN-NS-001,flood_riverine,y2050,1.29,scored,false,m,Aqueduct Floods v2 riverine (synthetic stand-in),synthetic,rcp8p5,100,2026-09-07
HS-02262,CN-NS-001,flood_coastal,y2050,0.33,scored,false,m,Aqueduct Floods v2 coastal-wtsub (synthetic stand-in),synthetic,rcp8p5,100,2026-09-07
HS-02263,CN-NS-001,wind,y2050,58.0,scored,false,m/s,STORM v4 (synthetic stand-in),synthetic,climate-change,100,2026-09-07
HS-02264,CN-NS-001,heat_days35,y2050,57.0,scored,false,days/yr,NEX-GDDP-CMIP6 vs ERA5-Land (synthetic stand-in),synthetic,ssp585,,2026-09-07
HS-02265,CN-NS-001,pm25,y2050,36.9,scored,true,ug/m3,GHAP PM2.5 annual mean (synthetic stand-in),synthetic,,,2026-09-07
HS-02266,CN-NS-002,flood_riverine,today,0.76,scored,false,m,Aqueduct Floods v2 riverine (synthetic stand-in),synthetic,rcp8p5,100,2026-09-07
HS-02267,CN-NS-002,flood_coastal,today,0.03,scored,false,m,Aqueduct Floods v2 coastal-wtsub (synthetic stand-in),synthetic,rcp8p5,100,2026-09-07
HS-02268,CN-NS-002,wind,today,56.8,scored,false,m/s,STORM v4 (synthetic stand-in),synthetic,present-climate,100,2026-09-07
HS-02269,CN-NS-002,heat_days35,today,0.0,scored,false,days/yr,NEX-GDDP-CMIP6 vs ERA5-Land (synthetic stand-in),synthetic,ssp585,,2026-09-07
HS-02270,CN-NS-002,pm25,today,38.2,scored,true,ug/m3,GHAP PM2.5 annual mean (synthetic stand-in),synthetic,,,2026-09-07
HS-02271,CN-NS-002,flood_riverine,y2030,0.86,scored,false,m,Aqueduct Floods v2 riverine (synthetic stand-in),synthetic,rcp8p5,100,2026-09-07
HS-02272,CN-NS-002,flood_coastal,y2030,0.05,scored,false,m,Aqueduct Floods v2 coastal-wtsub (synthetic stand-in),synthetic,rcp8p5,100,2026-09-07
HS-02273,CN-NS-002,wind,y2030,57.9,scored,false,m/s,STORM v4 (synthetic stand-in),synthetic,climate-change,100,2026-09-07
HS-02274,CN-NS-002,heat_days35,y2030,19.0,scored,false,days/yr,NEX-GDDP-CMIP6 vs ERA5-Land (synthetic stand-in),synthetic,ssp585,,2026-09-07
HS-02275,CN-NS-002,pm25,y2030,38.2,scored,true,ug/m3,GHAP PM2.5 annual mean (synthetic stand-in),synthetic,,,2026-09-07
HS-02276,CN-NS-002,flood_riverine,y2050,0.95,scored,false,m,Aqueduct Floods v2 riverine (synthetic stand-in),synthetic,rcp8p5,100,2026-09-07
HS-02277,CN-NS-002,flood_coastal,y2050,0.08,scored,false,m,Aqueduct Floods v2 coastal-wtsub (synthetic stand-in),synthetic,rcp8p5,100,2026-09-07
HS-02278,CN-NS-002,wind,y2050,59.6,scored,false,m/s,STORM v4 (synthetic stand-in),synthetic,climate-change,100,2026-09-07
HS-02279,CN-NS-002,heat_days35,y2050,60.0,scored,false,days/yr,NEX-GDDP-CMIP6 vs ERA5-Land (synthetic stand-in),synthetic,ssp585,,2026-09-07
HS-02280,CN-NS-002,pm25,y2050,38.2,scored,true,ug/m3,GHAP PM2.5 annual mean (synthetic stand-in),synthetic,,,2026-09-07
HS-02281,CN-NS-003,flood_riverine,today,0.52,scored,false,m,Aqueduct Floods v2 riverine (synthetic stand-in),synthetic,rcp8p5,100,2026-09-07
HS-02282,CN-NS-003,flood_coastal,today,0.0,scored,false,m,Aqueduct Floods v2 coastal-wtsub (synthetic stand-in),synthetic,rcp8p5,100,2026-09-07
HS-02283,CN-NS-003,wind,today,57.7,scored,false,m/s,STORM v4 (synthetic stand-in),synthetic,present-climate,100,2026-09-07
HS-02284,CN-NS-003,heat_days35,today,0.0,scored,false,days/yr,NEX-GDDP-CMIP6 vs ERA5-Land (synthetic stand-in),synthetic,ssp585,,2026-09-07
HS-02285,CN-NS-003,pm25,today,36.9,scored,true,ug/m3,GHAP PM2.5 annual mean (synthetic stand-in),synthetic,,,2026-09-07
HS-02286,CN-NS-003,flood_riverine,y2030,0.59,scored,false,m,Aqueduct Floods v2 riverine (synthetic stand-in),synthetic,rcp8p5,100,2026-09-07
HS-02287,CN-NS-003,flood_coastal,y2030,0.0,scored,false,m,Aqueduct Floods v2 coastal-wtsub (synthetic stand-in),synthetic,rcp8p5,100,2026-09-07
HS-02288,CN-NS-003,wind,y2030,58.9,scored,false,m/s,STORM v4 (synthetic stand-in),synthetic,climate-change,100,2026-09-07
HS-02289,CN-NS-003,heat_days35,y2030,15.0,scored,false,days/yr,NEX-GDDP-CMIP6 vs ERA5-Land (synthetic stand-in),synthetic,ssp585,,2026-09-07
HS-02290,CN-NS-003,pm25,y2030,36.9,scored,true,ug/m3,GHAP PM2.5 annual mean (synthetic stand-in),synthetic,,,2026-09-07
HS-02291,CN-NS-003,flood_riverine,y2050,0.66,scored,false,m,Aqueduct Floods v2 riverine (synthetic stand-in),synthetic,rcp8p5,100,2026-09-07
HS-02292,CN-NS-003,flood_coastal,y2050,0.0,scored,false,m,Aqueduct Floods v2 coastal-wtsub (synthetic stand-in),synthetic,rcp8p5,100,2026-09-07
HS-02293,CN-NS-003,wind,y2050,60.6,scored,false,m/s,STORM v4 (synthetic stand-in),synthetic,climate-change,100,2026-09-07
HS-02294,CN-NS-003,heat_days35,y2050,53.0,scored,false,days/yr,NEX-GDDP-CMIP6 vs ERA5-Land (synthetic stand-in),synthetic,ssp585,,2026-09-07
HS-02295,CN-NS-003,pm25,y2050,36.9,scored,true,ug/m3,GHAP PM2.5 annual mean (synthetic stand-in),synthetic,,,2026-09-07
HS-02296,CN-NS-004,flood_riverine,today,0.68,scored,false,m,Aqueduct Floods v2 riverine (synthetic stand-in),synthetic,rcp8p5,100,2026-09-07
HS-02297,CN-NS-004,flood_coastal,today,0.04,scored,false,m,Aqueduct Floods v2 coastal-wtsub (synthetic stand-in),synthetic,rcp8p5,100,2026-09-07
HS-02298,CN-NS-004,wind,today,58.2,scored,false,m/s,STORM v4 (synthetic stand-in),synthetic,present-climate,100,2026-09-07
HS-02299,CN-NS-004,heat_days35,today,0.0,scored,false,days/yr,NEX-GDDP-CMIP6 vs ERA5-Land (synthetic stand-in),synthetic,ssp585,,2026-09-07
HS-02300,CN-NS-004,pm25,today,37.7,scored,true,ug/m3,GHAP PM2.5 annual mean (synthetic stand-in),synthetic,,,2026-09-07
HS-02301,CN-NS-004,flood_riverine,y2030,0.77,scored,false,m,Aqueduct Floods v2 riverine (synthetic stand-in),synthetic,rcp8p5,100,2026-09-07
HS-02302,CN-NS-004,flood_coastal,y2030,0.07,scored,false,m,Aqueduct Floods v2 coastal-wtsub (synthetic stand-in),synthetic,rcp8p5,100,2026-09-07
HS-02303,CN-NS-004,wind,y2030,59.3,scored,false,m/s,STORM v4 (synthetic stand-in),synthetic,climate-change,100,2026-09-07
HS-02304,CN-NS-004,heat_days35,y2030,15.0,scored,false,days/yr,NEX-GDDP-CMIP6 vs ERA5-Land (synthetic stand-in),synthetic,ssp585,,2026-09-07
HS-02305,CN-NS-004,pm25,y2030,37.7,scored,true,ug/m3,GHAP PM2.5 annual mean (synthetic stand-in),synthetic,,,2026-09-07
HS-02306,CN-NS-004,flood_riverine,y2050,0.85,scored,false,m,Aqueduct Floods v2 riverine (synthetic stand-in),synthetic,rcp8p5,100,2026-09-07
HS-02307,CN-NS-004,flood_coastal,y2050,0.1,scored,false,m,Aqueduct Floods v2 coastal-wtsub (synthetic stand-in),synthetic,rcp8p5,100,2026-09-07
HS-02308,CN-NS-004,wind,y2050,61.1,scored,false,m/s,STORM v4 (synthetic stand-in),synthetic,climate-change,100,2026-09-07
HS-02309,CN-NS-004,heat_days35,y2050,48.0,scored,false,days/yr,NEX-GDDP-CMIP6 vs ERA5-Land (synthetic stand-in),synthetic,ssp585,,2026-09-07
HS-02310,CN-NS-004,pm25,y2050,37.7,scored,true,ug/m3,GHAP PM2.5 annual mean (synthetic stand-in),synthetic,,,2026-09-07
HS-02311,CN-NS-005,flood_riverine,today,0.8,scored,false,m,Aqueduct Floods v2 riverine (synthetic stand-in),synthetic,rcp8p5,100,2026-09-07
HS-02312,CN-NS-005,flood_coastal,today,0.0,scored,false,m,Aqueduct Floods v2 coastal-wtsub (synthetic stand-in),synthetic,rcp8p5,100,2026-09-07
HS-02313,CN-NS-005,wind,today,58.0,scored,false,m/s,STORM v4 (synthetic stand-in),synthetic,present-climate,100,2026-09-07
HS-02314,CN-NS-005,heat_days35,today,0.0,scored,false,days/yr,NEX-GDDP-CMIP6 vs ERA5-Land (synthetic stand-in),synthetic,ssp585,,2026-09-07
HS-02315,CN-NS-005,pm25,today,37.8,scored,true,ug/m3,GHAP PM2.5 annual mean (synthetic stand-in),synthetic,,,2026-09-07
HS-02316,CN-NS-005,flood_riverine,y2030,0.9,scored,false,m,Aqueduct Floods v2 riverine (synthetic stand-in),synthetic,rcp8p5,100,2026-09-07
HS-02317,CN-NS-005,flood_coastal,y2030,0.02,scored,false,m,Aqueduct Floods v2 coastal-wtsub (synthetic stand-in),synthetic,rcp8p5,100,2026-09-07
HS-02318,CN-NS-005,wind,y2030,59.1,scored,false,m/s,STORM v4 (synthetic stand-in),synthetic,climate-change,100,2026-09-07
HS-02319,CN-NS-005,heat_days35,y2030,16.0,scored,false,days/yr,NEX-GDDP-CMIP6 vs ERA5-Land (synthetic stand-in),synthetic,ssp585,,2026-09-07
HS-02320,CN-NS-005,pm25,y2030,37.8,scored,true,ug/m3,GHAP PM2.5 annual mean (synthetic stand-in),synthetic,,,2026-09-07
HS-02321,CN-NS-005,flood_riverine,y2050,1.0,scored,false,m,Aqueduct Floods v2 riverine (synthetic stand-in),synthetic,rcp8p5,100,2026-09-07
HS-02322,CN-NS-005,flood_coastal,y2050,0.03,scored,false,m,Aqueduct Floods v2 coastal-wtsub (synthetic stand-in),synthetic,rcp8p5,100,2026-09-07
HS-02323,CN-NS-005,wind,y2050,60.8,scored,false,m/s,STORM v4 (synthetic stand-in),synthetic,climate-change,100,2026-09-07
HS-02324,CN-NS-005,heat_days35,y2050,58.0,scored,false,days/yr,NEX-GDDP-CMIP6 vs ERA5-Land (synthetic stand-in),synthetic,ssp585,,2026-09-07
HS-02325,CN-NS-005,pm25,y2050,37.8,scored,true,ug/m3,GHAP PM2.5 annual mean (synthetic stand-in),synthetic,,,2026-09-07
HS-02326,CN-NS-006,flood_riverine,today,0.63,scored,false,m,Aqueduct Floods v2 riverine (synthetic stand-in),synthetic,rcp8p5,100,2026-09-07
HS-02327,CN-NS-006,flood_coastal,today,0.06,scored,false,m,Aqueduct Floods v2 coastal-wtsub (synthetic stand-in),synthetic,rcp8p5,100,2026-09-07
HS-02328,CN-NS-006,wind,today,55.5,scored,false,m/s,STORM v4 (synthetic stand-in),synthetic,present-climate,100,2026-09-07
HS-02329,CN-NS-006,heat_days35,today,0.0,scored,false,days/yr,NEX-GDDP-CMIP6 vs ERA5-Land (synthetic stand-in),synthetic,ssp585,,2026-09-07
HS-02330,CN-NS-006,pm25,today,36.8,scored,true,ug/m3,GHAP PM2.5 annual mean (synthetic stand-in),synthetic,,,2026-09-07
HS-02331,CN-NS-006,flood_riverine,y2030,0.71,scored,false,m,Aqueduct Floods v2 riverine (synthetic stand-in),synthetic,rcp8p5,100,2026-09-07
HS-02332,CN-NS-006,flood_coastal,y2030,0.09,scored,false,m,Aqueduct Floods v2 coastal-wtsub (synthetic stand-in),synthetic,rcp8p5,100,2026-09-07
HS-02333,CN-NS-006,wind,y2030,56.6,scored,false,m/s,STORM v4 (synthetic stand-in),synthetic,climate-change,100,2026-09-07
HS-02334,CN-NS-006,heat_days35,y2030,16.0,scored,false,days/yr,NEX-GDDP-CMIP6 vs ERA5-Land (synthetic stand-in),synthetic,ssp585,,2026-09-07
HS-02335,CN-NS-006,pm25,y2030,36.8,scored,true,ug/m3,GHAP PM2.5 annual mean (synthetic stand-in),synthetic,,,2026-09-07
HS-02336,CN-NS-006,flood_riverine,y2050,0.79,scored,false,m,Aqueduct Floods v2 riverine (synthetic stand-in),synthetic,rcp8p5,100,2026-09-07
HS-02337,CN-NS-006,flood_coastal,y2050,0.13,scored,false,m,Aqueduct Floods v2 coastal-wtsub (synthetic stand-in),synthetic,rcp8p5,100,2026-09-07
HS-02338,CN-NS-006,wind,y2050,58.3,scored,false,m/s,STORM v4 (synthetic stand-in),synthetic,climate-change,100,2026-09-07
HS-02339,CN-NS-006,heat_days35,y2050,50.0,scored,false,days/yr,NEX-GDDP-CMIP6 vs ERA5-Land (synthetic stand-in),synthetic,ssp585,,2026-09-07
HS-02340,CN-NS-006,pm25,y2050,36.8,scored,true,ug/m3,GHAP PM2.5 annual mean (synthetic stand-in),synthetic,,,2026-09-07
HS-02341,CN-NS-007,flood_riverine,today,0.46,scored,false,m,Aqueduct Floods v2 riverine (synthetic stand-in),synthetic,rcp8p5,100,2026-09-07
HS-02342,CN-NS-007,flood_coastal,today,0.0,scored,false,m,Aqueduct Floods v2 coastal-wtsub (synthetic stand-in),synthetic,rcp8p5,100,2026-09-07
HS-02343,CN-NS-007,wind,today,58.1,scored,false,m/s,STORM v4 (synthetic stand-in),synthetic,present-climate,100,2026-09-07
HS-02344,CN-NS-007,heat_days35,today,0.0,scored,false,days/yr,NEX-GDDP-CMIP6 vs ERA5-Land (synthetic stand-in),synthetic,ssp585,,2026-09-07
HS-02345,CN-NS-007,pm25,today,38.2,scored,true,ug/m3,GHAP PM2.5 annual mean (synthetic stand-in),synthetic,,,2026-09-07
HS-02346,CN-NS-007,flood_riverine,y2030,0.51,scored,false,m,Aqueduct Floods v2 riverine (synthetic stand-in),synthetic,rcp8p5,100,2026-09-07
HS-02347,CN-NS-007,flood_coastal,y2030,0.0,scored,false,m,Aqueduct Floods v2 coastal-wtsub (synthetic stand-in),synthetic,rcp8p5,100,2026-09-07
HS-02348,CN-NS-007,wind,y2030,59.3,scored,false,m/s,STORM v4 (synthetic stand-in),synthetic,climate-change,100,2026-09-07
HS-02349,CN-NS-007,heat_days35,y2030,17.0,scored,false,days/yr,NEX-GDDP-CMIP6 vs ERA5-Land (synthetic stand-in),synthetic,ssp585,,2026-09-07
HS-02350,CN-NS-007,pm25,y2030,38.2,scored,true,ug/m3,GHAP PM2.5 annual mean (synthetic stand-in),synthetic,,,2026-09-07
HS-02351,CN-NS-007,flood_riverine,y2050,0.57,scored,false,m,Aqueduct Floods v2 riverine (synthetic stand-in),synthetic,rcp8p5,100,2026-09-07
HS-02352,CN-NS-007,flood_coastal,y2050,0.0,scored,false,m,Aqueduct Floods v2 coastal-wtsub (synthetic stand-in),synthetic,rcp8p5,100,2026-09-07
HS-02353,CN-NS-007,wind,y2050,61.0,scored,false,m/s,STORM v4 (synthetic stand-in),synthetic,climate-change,100,2026-09-07
HS-02354,CN-NS-007,heat_days35,y2050,54.0,scored,false,days/yr,NEX-GDDP-CMIP6 vs ERA5-Land (synthetic stand-in),synthetic,ssp585,,2026-09-07
HS-02355,CN-NS-007,pm25,y2050,38.2,scored,true,ug/m3,GHAP PM2.5 annual mean (synthetic stand-in),synthetic,,,2026-09-07
HS-02356,CN-NS-008,flood_riverine,today,1.17,scored,false,m,Aqueduct Floods v2 riverine (synthetic stand-in),synthetic,rcp8p5,100,2026-09-07
HS-02357,CN-NS-008,flood_coastal,today,0.15,scored,false,m,Aqueduct Floods v2 coastal-wtsub (synthetic stand-in),synthetic,rcp8p5,100,2026-09-07
HS-02358,CN-NS-008,wind,today,57.4,scored,false,m/s,STORM v4 (synthetic stand-in),synthetic,present-climate,100,2026-09-07
HS-02359,CN-NS-008,heat_days35,today,0.0,scored,false,days/yr,NEX-GDDP-CMIP6 vs ERA5-Land (synthetic stand-in),synthetic,ssp585,,2026-09-07
HS-02360,CN-NS-008,pm25,today,37.4,scored,true,ug/m3,GHAP PM2.5 annual mean (synthetic stand-in),synthetic,,,2026-09-07
HS-02361,CN-NS-008,flood_riverine,y2030,1.32,scored,false,m,Aqueduct Floods v2 riverine (synthetic stand-in),synthetic,rcp8p5,100,2026-09-07
HS-02362,CN-NS-008,flood_coastal,y2030,0.19,scored,false,m,Aqueduct Floods v2 coastal-wtsub (synthetic stand-in),synthetic,rcp8p5,100,2026-09-07
HS-02363,CN-NS-008,wind,y2030,58.6,scored,false,m/s,STORM v4 (synthetic stand-in),synthetic,climate-change,100,2026-09-07
HS-02364,CN-NS-008,heat_days35,y2030,17.0,scored,false,days/yr,NEX-GDDP-CMIP6 vs ERA5-Land (synthetic stand-in),synthetic,ssp585,,2026-09-07
HS-02365,CN-NS-008,pm25,y2030,37.4,scored,true,ug/m3,GHAP PM2.5 annual mean (synthetic stand-in),synthetic,,,2026-09-07
HS-02366,CN-NS-008,flood_riverine,y2050,1.46,scored,false,m,Aqueduct Floods v2 riverine (synthetic stand-in),synthetic,rcp8p5,100,2026-09-07
HS-02367,CN-NS-008,flood_coastal,y2050,0.23,scored,false,m,Aqueduct Floods v2 coastal-wtsub (synthetic stand-in),synthetic,rcp8p5,100,2026-09-07
HS-02368,CN-NS-008,wind,y2050,60.3,scored,false,m/s,STORM v4 (synthetic stand-in),synthetic,climate-change,100,2026-09-07
HS-02369,CN-NS-008,heat_days35,y2050,59.0,scored,false,days/yr,NEX-GDDP-CMIP6 vs ERA5-Land (synthetic stand-in),synthetic,ssp585,,2026-09-07
HS-02370,CN-NS-008,pm25,y2050,37.4,scored,true,ug/m3,GHAP PM2.5 annual mean (synthetic stand-in),synthetic,,,2026-09-07
HS-02371,CN-QH-001,flood_riverine,today,0.03,scored,false,m,Aqueduct Floods v2 riverine (synthetic stand-in),synthetic,rcp8p5,100,2026-09-07
HS-02372,CN-QH-001,flood_coastal,today,0.0,scored,false,m,Aqueduct Floods v2 coastal-wtsub (synthetic stand-in),synthetic,rcp8p5,100,2026-09-07
HS-02373,CN-QH-001,wind,today,58.4,scored,false,m/s,STORM v4 (synthetic stand-in),synthetic,present-climate,100,2026-09-07
HS-02374,CN-QH-001,heat_days35,today,0.0,scored,false,days/yr,NEX-GDDP-CMIP6 vs ERA5-Land (synthetic stand-in),synthetic,ssp585,,2026-09-07
HS-02375,CN-QH-001,pm25,today,36.6,scored,true,ug/m3,GHAP PM2.5 annual mean (synthetic stand-in),synthetic,,,2026-09-07
HS-02376,CN-QH-001,flood_riverine,y2030,0.03,scored,false,m,Aqueduct Floods v2 riverine (synthetic stand-in),synthetic,rcp8p5,100,2026-09-07
HS-02377,CN-QH-001,flood_coastal,y2030,0.0,scored,false,m,Aqueduct Floods v2 coastal-wtsub (synthetic stand-in),synthetic,rcp8p5,100,2026-09-07
HS-02378,CN-QH-001,wind,y2030,59.6,scored,false,m/s,STORM v4 (synthetic stand-in),synthetic,climate-change,100,2026-09-07
HS-02379,CN-QH-001,heat_days35,y2030,15.0,scored,false,days/yr,NEX-GDDP-CMIP6 vs ERA5-Land (synthetic stand-in),synthetic,ssp585,,2026-09-07
HS-02380,CN-QH-001,pm25,y2030,36.6,scored,true,ug/m3,GHAP PM2.5 annual mean (synthetic stand-in),synthetic,,,2026-09-07
HS-02381,CN-QH-001,flood_riverine,y2050,0.03,scored,false,m,Aqueduct Floods v2 riverine (synthetic stand-in),synthetic,rcp8p5,100,2026-09-07
HS-02382,CN-QH-001,flood_coastal,y2050,0.0,scored,false,m,Aqueduct Floods v2 coastal-wtsub (synthetic stand-in),synthetic,rcp8p5,100,2026-09-07
HS-02383,CN-QH-001,wind,y2050,61.3,scored,false,m/s,STORM v4 (synthetic stand-in),synthetic,climate-change,100,2026-09-07
HS-02384,CN-QH-001,heat_days35,y2050,49.0,scored,false,days/yr,NEX-GDDP-CMIP6 vs ERA5-Land (synthetic stand-in),synthetic,ssp585,,2026-09-07
HS-02385,CN-QH-001,pm25,y2050,36.6,scored,true,ug/m3,GHAP PM2.5 annual mean (synthetic stand-in),synthetic,,,2026-09-07
HS-02386,CN-QH-002,flood_riverine,today,0.0,scored,false,m,Aqueduct Floods v2 riverine (synthetic stand-in),synthetic,rcp8p5,100,2026-09-07
HS-02387,CN-QH-002,flood_coastal,today,0.0,scored,false,m,Aqueduct Floods v2 coastal-wtsub (synthetic stand-in),synthetic,rcp8p5,100,2026-09-07
HS-02388,CN-QH-002,wind,today,56.6,scored,false,m/s,STORM v4 (synthetic stand-in),synthetic,present-climate,100,2026-09-07
HS-02389,CN-QH-002,heat_days35,today,0.0,scored,false,days/yr,NEX-GDDP-CMIP6 vs ERA5-Land (synthetic stand-in),synthetic,ssp585,,2026-09-07
HS-02390,CN-QH-002,pm25,today,37.1,scored,true,ug/m3,GHAP PM2.5 annual mean (synthetic stand-in),synthetic,,,2026-09-07
HS-02391,CN-QH-002,flood_riverine,y2030,0.0,scored,false,m,Aqueduct Floods v2 riverine (synthetic stand-in),synthetic,rcp8p5,100,2026-09-07
HS-02392,CN-QH-002,flood_coastal,y2030,0.0,scored,false,m,Aqueduct Floods v2 coastal-wtsub (synthetic stand-in),synthetic,rcp8p5,100,2026-09-07
HS-02393,CN-QH-002,wind,y2030,57.7,scored,false,m/s,STORM v4 (synthetic stand-in),synthetic,climate-change,100,2026-09-07
HS-02394,CN-QH-002,heat_days35,y2030,17.0,scored,false,days/yr,NEX-GDDP-CMIP6 vs ERA5-Land (synthetic stand-in),synthetic,ssp585,,2026-09-07
HS-02395,CN-QH-002,pm25,y2030,37.1,scored,true,ug/m3,GHAP PM2.5 annual mean (synthetic stand-in),synthetic,,,2026-09-07
HS-02396,CN-QH-002,flood_riverine,y2050,0.0,scored,false,m,Aqueduct Floods v2 riverine (synthetic stand-in),synthetic,rcp8p5,100,2026-09-07
HS-02397,CN-QH-002,flood_coastal,y2050,0.0,scored,false,m,Aqueduct Floods v2 coastal-wtsub (synthetic stand-in),synthetic,rcp8p5,100,2026-09-07
HS-02398,CN-QH-002,wind,y2050,59.4,scored,false,m/s,STORM v4 (synthetic stand-in),synthetic,climate-change,100,2026-09-07
HS-02399,CN-QH-002,heat_days35,y2050,58.0,scored,false,days/yr,NEX-GDDP-CMIP6 vs ERA5-Land (synthetic stand-in),synthetic,ssp585,,2026-09-07
HS-02400,CN-QH-002,pm25,y2050,37.1,scored,true,ug/m3,GHAP PM2.5 annual mean (synthetic stand-in),synthetic,,,2026-09-07
HS-02401,CN-QH-003,flood_riverine,today,0.0,scored,false,m,Aqueduct Floods v2 riverine (synthetic stand-in),synthetic,rcp8p5,100,2026-09-07
HS-02402,CN-QH-003,flood_coastal,today,0.0,scored,false,m,Aqueduct Floods v2 coastal-wtsub (synthetic stand-in),synthetic,rcp8p5,100,2026-09-07
HS-02403,CN-QH-003,wind,today,56.4,scored,false,m/s,STORM v4 (synthetic stand-in),synthetic,present-climate,100,2026-09-07
HS-02404,CN-QH-003,heat_days35,today,0.0,scored,false,days/yr,NEX-GDDP-CMIP6 vs ERA5-Land (synthetic stand-in),synthetic,ssp585,,2026-09-07
HS-02405,CN-QH-003,pm25,today,36.7,scored,true,ug/m3,GHAP PM2.5 annual mean (synthetic stand-in),synthetic,,,2026-09-07
HS-02406,CN-QH-003,flood_riverine,y2030,0.0,scored,false,m,Aqueduct Floods v2 riverine (synthetic stand-in),synthetic,rcp8p5,100,2026-09-07
HS-02407,CN-QH-003,flood_coastal,y2030,0.0,scored,false,m,Aqueduct Floods v2 coastal-wtsub (synthetic stand-in),synthetic,rcp8p5,100,2026-09-07
HS-02408,CN-QH-003,wind,y2030,57.6,scored,false,m/s,STORM v4 (synthetic stand-in),synthetic,climate-change,100,2026-09-07
HS-02409,CN-QH-003,heat_days35,y2030,15.0,scored,false,days/yr,NEX-GDDP-CMIP6 vs ERA5-Land (synthetic stand-in),synthetic,ssp585,,2026-09-07
HS-02410,CN-QH-003,pm25,y2030,36.7,scored,true,ug/m3,GHAP PM2.5 annual mean (synthetic stand-in),synthetic,,,2026-09-07
HS-02411,CN-QH-003,flood_riverine,y2050,0.0,scored,false,m,Aqueduct Floods v2 riverine (synthetic stand-in),synthetic,rcp8p5,100,2026-09-07
HS-02412,CN-QH-003,flood_coastal,y2050,0.0,scored,false,m,Aqueduct Floods v2 coastal-wtsub (synthetic stand-in),synthetic,rcp8p5,100,2026-09-07
HS-02413,CN-QH-003,wind,y2050,59.2,scored,false,m/s,STORM v4 (synthetic stand-in),synthetic,climate-change,100,2026-09-07
HS-02414,CN-QH-003,heat_days35,y2050,51.0,scored,false,days/yr,NEX-GDDP-CMIP6 vs ERA5-Land (synthetic stand-in),synthetic,ssp585,,2026-09-07
HS-02415,CN-QH-003,pm25,y2050,36.7,scored,true,ug/m3,GHAP PM2.5 annual mean (synthetic stand-in),synthetic,,,2026-09-07
HS-02416,CN-QH-004,flood_riverine,today,0.0,scored,false,m,Aqueduct Floods v2 riverine (synthetic stand-in),synthetic,rcp8p5,100,2026-09-07
HS-02417,CN-QH-004,flood_coastal,today,0.0,scored,false,m,Aqueduct Floods v2 coastal-wtsub (synthetic stand-in),synthetic,rcp8p5,100,2026-09-07
HS-02418,CN-QH-004,wind,today,57.1,scored,false,m/s,STORM v4 (synthetic stand-in),synthetic,present-climate,100,2026-09-07
HS-02419,CN-QH-004,heat_days35,today,0.0,scored,false,days/yr,NEX-GDDP-CMIP6 vs ERA5-Land (synthetic stand-in),synthetic,ssp585,,2026-09-07
HS-02420,CN-QH-004,pm25,today,36.0,scored,true,ug/m3,GHAP PM2.5 annual mean (synthetic stand-in),synthetic,,,2026-09-07
HS-02421,CN-QH-004,flood_riverine,y2030,0.0,scored,false,m,Aqueduct Floods v2 riverine (synthetic stand-in),synthetic,rcp8p5,100,2026-09-07
HS-02422,CN-QH-004,flood_coastal,y2030,0.0,scored,false,m,Aqueduct Floods v2 coastal-wtsub (synthetic stand-in),synthetic,rcp8p5,100,2026-09-07
HS-02423,CN-QH-004,wind,y2030,58.2,scored,false,m/s,STORM v4 (synthetic stand-in),synthetic,climate-change,100,2026-09-07
HS-02424,CN-QH-004,heat_days35,y2030,15.0,scored,false,days/yr,NEX-GDDP-CMIP6 vs ERA5-Land (synthetic stand-in),synthetic,ssp585,,2026-09-07
HS-02425,CN-QH-004,pm25,y2030,36.0,scored,true,ug/m3,GHAP PM2.5 annual mean (synthetic stand-in),synthetic,,,2026-09-07
HS-02426,CN-QH-004,flood_riverine,y2050,0.0,scored,false,m,Aqueduct Floods v2 riverine (synthetic stand-in),synthetic,rcp8p5,100,2026-09-07
HS-02427,CN-QH-004,flood_coastal,y2050,0.0,scored,false,m,Aqueduct Floods v2 coastal-wtsub (synthetic stand-in),synthetic,rcp8p5,100,2026-09-07
HS-02428,CN-QH-004,wind,y2050,59.9,scored,false,m/s,STORM v4 (synthetic stand-in),synthetic,climate-change,100,2026-09-07
HS-02429,CN-QH-004,heat_days35,y2050,51.0,scored,false,days/yr,NEX-GDDP-CMIP6 vs ERA5-Land (synthetic stand-in),synthetic,ssp585,,2026-09-07
HS-02430,CN-QH-004,pm25,y2050,36.0,scored,true,ug/m3,GHAP PM2.5 annual mean (synthetic stand-in),synthetic,,,2026-09-07
HS-02431,CN-QH-005,flood_riverine,today,0.0,scored,false,m,Aqueduct Floods v2 riverine (synthetic stand-in),synthetic,rcp8p5,100,2026-09-07
HS-02432,CN-QH-005,flood_coastal,today,0.0,scored,false,m,Aqueduct Floods v2 coastal-wtsub (synthetic stand-in),synthetic,rcp8p5,100,2026-09-07
HS-02433,CN-QH-005,wind,today,54.6,scored,false,m/s,STORM v4 (synthetic stand-in),synthetic,present-climate,100,2026-09-07
HS-02434,CN-QH-005,heat_days35,today,0.0,scored,false,days/yr,NEX-GDDP-CMIP6 vs ERA5-Land (synthetic stand-in),synthetic,ssp585,,2026-09-07
HS-02435,CN-QH-005,pm25,today,37.1,scored,true,ug/m3,GHAP PM2.5 annual mean (synthetic stand-in),synthetic,,,2026-09-07
HS-02436,CN-QH-005,flood_riverine,y2030,0.0,scored,false,m,Aqueduct Floods v2 riverine (synthetic stand-in),synthetic,rcp8p5,100,2026-09-07
HS-02437,CN-QH-005,flood_coastal,y2030,0.0,scored,false,m,Aqueduct Floods v2 coastal-wtsub (synthetic stand-in),synthetic,rcp8p5,100,2026-09-07
HS-02438,CN-QH-005,wind,y2030,55.7,scored,false,m/s,STORM v4 (synthetic stand-in),synthetic,climate-change,100,2026-09-07
HS-02439,CN-QH-005,heat_days35,y2030,14.0,scored,false,days/yr,NEX-GDDP-CMIP6 vs ERA5-Land (synthetic stand-in),synthetic,ssp585,,2026-09-07
HS-02440,CN-QH-005,pm25,y2030,37.1,scored,true,ug/m3,GHAP PM2.5 annual mean (synthetic stand-in),synthetic,,,2026-09-07
HS-02441,CN-QH-005,flood_riverine,y2050,0.0,scored,false,m,Aqueduct Floods v2 riverine (synthetic stand-in),synthetic,rcp8p5,100,2026-09-07
HS-02442,CN-QH-005,flood_coastal,y2050,0.0,scored,false,m,Aqueduct Floods v2 coastal-wtsub (synthetic stand-in),synthetic,rcp8p5,100,2026-09-07
HS-02443,CN-QH-005,wind,y2050,57.4,scored,false,m/s,STORM v4 (synthetic stand-in),synthetic,climate-change,100,2026-09-07
HS-02444,CN-QH-005,heat_days35,y2050,48.0,scored,false,days/yr,NEX-GDDP-CMIP6 vs ERA5-Land (synthetic stand-in),synthetic,ssp585,,2026-09-07
HS-02445,CN-QH-005,pm25,y2050,37.1,scored,true,ug/m3,GHAP PM2.5 annual mean (synthetic stand-in),synthetic,,,2026-09-07
HS-02446,CN-QH-006,flood_riverine,today,0.0,scored,false,m,Aqueduct Floods v2 riverine (synthetic stand-in),synthetic,rcp8p5,100,2026-09-07
HS-02447,CN-QH-006,flood_coastal,today,0.0,scored,false,m,Aqueduct Floods v2 coastal-wtsub (synthetic stand-in),synthetic,rcp8p5,100,2026-09-07
HS-02448,CN-QH-006,wind,today,56.8,scored,false,m/s,STORM v4 (synthetic stand-in),synthetic,present-climate,100,2026-09-07
HS-02449,CN-QH-006,heat_days35,today,0.0,scored,false,days/yr,NEX-GDDP-CMIP6 vs ERA5-Land (synthetic stand-in),synthetic,ssp585,,2026-09-07
HS-02450,CN-QH-006,pm25,today,35.6,scored,true,ug/m3,GHAP PM2.5 annual mean (synthetic stand-in),synthetic,,,2026-09-07
HS-02451,CN-QH-006,flood_riverine,y2030,0.0,scored,false,m,Aqueduct Floods v2 riverine (synthetic stand-in),synthetic,rcp8p5,100,2026-09-07
HS-02452,CN-QH-006,flood_coastal,y2030,0.0,scored,false,m,Aqueduct Floods v2 coastal-wtsub (synthetic stand-in),synthetic,rcp8p5,100,2026-09-07
HS-02453,CN-QH-006,wind,y2030,58.0,scored,false,m/s,STORM v4 (synthetic stand-in),synthetic,climate-change,100,2026-09-07
HS-02454,CN-QH-006,heat_days35,y2030,15.0,scored,false,days/yr,NEX-GDDP-CMIP6 vs ERA5-Land (synthetic stand-in),synthetic,ssp585,,2026-09-07
HS-02455,CN-QH-006,pm25,y2030,35.6,scored,true,ug/m3,GHAP PM2.5 annual mean (synthetic stand-in),synthetic,,,2026-09-07
HS-02456,CN-QH-006,flood_riverine,y2050,0.0,scored,false,m,Aqueduct Floods v2 riverine (synthetic stand-in),synthetic,rcp8p5,100,2026-09-07
HS-02457,CN-QH-006,flood_coastal,y2050,0.0,scored,false,m,Aqueduct Floods v2 coastal-wtsub (synthetic stand-in),synthetic,rcp8p5,100,2026-09-07
HS-02458,CN-QH-006,wind,y2050,59.7,scored,false,m/s,STORM v4 (synthetic stand-in),synthetic,climate-change,100,2026-09-07
HS-02459,CN-QH-006,heat_days35,y2050,54.0,scored,false,days/yr,NEX-GDDP-CMIP6 vs ERA5-Land (synthetic stand-in),synthetic,ssp585,,2026-09-07
HS-02460,CN-QH-006,pm25,y2050,35.6,scored,true,ug/m3,GHAP PM2.5 annual mean (synthetic stand-in),synthetic,,,2026-09-07
HS-02461,CN-QH-007,flood_riverine,today,0.0,scored,false,m,Aqueduct Floods v2 riverine (synthetic stand-in),synthetic,rcp8p5,100,2026-09-07
HS-02462,CN-QH-007,flood_coastal,today,0.0,scored,false,m,Aqueduct Floods v2 coastal-wtsub (synthetic stand-in),synthetic,rcp8p5,100,2026-09-07
HS-02463,CN-QH-007,wind,today,56.6,scored,false,m/s,STORM v4 (synthetic stand-in),synthetic,present-climate,100,2026-09-07
HS-02464,CN-QH-007,heat_days35,today,0.0,scored,false,days/yr,NEX-GDDP-CMIP6 vs ERA5-Land (synthetic stand-in),synthetic,ssp585,,2026-09-07
HS-02465,CN-QH-007,pm25,today,36.1,scored,true,ug/m3,GHAP PM2.5 annual mean (synthetic stand-in),synthetic,,,2026-09-07
HS-02466,CN-QH-007,flood_riverine,y2030,0.0,scored,false,m,Aqueduct Floods v2 riverine (synthetic stand-in),synthetic,rcp8p5,100,2026-09-07
HS-02467,CN-QH-007,flood_coastal,y2030,0.0,scored,false,m,Aqueduct Floods v2 coastal-wtsub (synthetic stand-in),synthetic,rcp8p5,100,2026-09-07
HS-02468,CN-QH-007,wind,y2030,57.8,scored,false,m/s,STORM v4 (synthetic stand-in),synthetic,climate-change,100,2026-09-07
HS-02469,CN-QH-007,heat_days35,y2030,14.0,scored,false,days/yr,NEX-GDDP-CMIP6 vs ERA5-Land (synthetic stand-in),synthetic,ssp585,,2026-09-07
HS-02470,CN-QH-007,pm25,y2030,36.1,scored,true,ug/m3,GHAP PM2.5 annual mean (synthetic stand-in),synthetic,,,2026-09-07
HS-02471,CN-QH-007,flood_riverine,y2050,0.0,scored,false,m,Aqueduct Floods v2 riverine (synthetic stand-in),synthetic,rcp8p5,100,2026-09-07
HS-02472,CN-QH-007,flood_coastal,y2050,0.0,scored,false,m,Aqueduct Floods v2 coastal-wtsub (synthetic stand-in),synthetic,rcp8p5,100,2026-09-07
HS-02473,CN-QH-007,wind,y2050,59.5,scored,false,m/s,STORM v4 (synthetic stand-in),synthetic,climate-change,100,2026-09-07
HS-02474,CN-QH-007,heat_days35,y2050,50.0,scored,false,days/yr,NEX-GDDP-CMIP6 vs ERA5-Land (synthetic stand-in),synthetic,ssp585,,2026-09-07
HS-02475,CN-QH-007,pm25,y2050,36.1,scored,true,ug/m3,GHAP PM2.5 annual mean (synthetic stand-in),synthetic,,,2026-09-07
HS-02476,CN-XM-001,flood_riverine,today,0.0,scored,false,m,Aqueduct Floods v2 riverine (synthetic stand-in),synthetic,rcp8p5,100,2026-09-07
HS-02477,CN-XM-001,flood_coastal,today,0.0,scored,false,m,Aqueduct Floods v2 coastal-wtsub (synthetic stand-in),synthetic,rcp8p5,100,2026-09-07
HS-02478,CN-XM-001,wind,today,53.1,scored,false,m/s,STORM v4 (synthetic stand-in),synthetic,present-climate,100,2026-09-07
HS-02479,CN-XM-001,heat_days35,today,0.0,scored,false,days/yr,NEX-GDDP-CMIP6 vs ERA5-Land (synthetic stand-in),synthetic,ssp585,,2026-09-07
HS-02480,CN-XM-001,pm25,today,32.8,scored,true,ug/m3,GHAP PM2.5 annual mean (synthetic stand-in),synthetic,,,2026-09-07
HS-02481,CN-XM-001,flood_riverine,y2030,0.0,scored,false,m,Aqueduct Floods v2 riverine (synthetic stand-in),synthetic,rcp8p5,100,2026-09-07
HS-02482,CN-XM-001,flood_coastal,y2030,0.0,scored,false,m,Aqueduct Floods v2 coastal-wtsub (synthetic stand-in),synthetic,rcp8p5,100,2026-09-07
HS-02483,CN-XM-001,wind,y2030,54.2,scored,false,m/s,STORM v4 (synthetic stand-in),synthetic,climate-change,100,2026-09-07
HS-02484,CN-XM-001,heat_days35,y2030,15.0,scored,false,days/yr,NEX-GDDP-CMIP6 vs ERA5-Land (synthetic stand-in),synthetic,ssp585,,2026-09-07
HS-02485,CN-XM-001,pm25,y2030,32.8,scored,true,ug/m3,GHAP PM2.5 annual mean (synthetic stand-in),synthetic,,,2026-09-07
HS-02486,CN-XM-001,flood_riverine,y2050,0.0,scored,false,m,Aqueduct Floods v2 riverine (synthetic stand-in),synthetic,rcp8p5,100,2026-09-07
HS-02487,CN-XM-001,flood_coastal,y2050,0.0,scored,false,m,Aqueduct Floods v2 coastal-wtsub (synthetic stand-in),synthetic,rcp8p5,100,2026-09-07
HS-02488,CN-XM-001,wind,y2050,55.8,scored,false,m/s,STORM v4 (synthetic stand-in),synthetic,climate-change,100,2026-09-07
HS-02489,CN-XM-001,heat_days35,y2050,48.0,scored,false,days/yr,NEX-GDDP-CMIP6 vs ERA5-Land (synthetic stand-in),synthetic,ssp585,,2026-09-07
HS-02490,CN-XM-001,pm25,y2050,32.8,scored,true,ug/m3,GHAP PM2.5 annual mean (synthetic stand-in),synthetic,,,2026-09-07
HS-02491,CN-XM-002,flood_riverine,today,0.09,scored,false,m,Aqueduct Floods v2 riverine (synthetic stand-in),synthetic,rcp8p5,100,2026-09-07
HS-02492,CN-XM-002,flood_coastal,today,0.0,scored,false,m,Aqueduct Floods v2 coastal-wtsub (synthetic stand-in),synthetic,rcp8p5,100,2026-09-07
HS-02493,CN-XM-002,wind,today,54.1,scored,false,m/s,STORM v4 (synthetic stand-in),synthetic,present-climate,100,2026-09-07
HS-02494,CN-XM-002,heat_days35,today,0.0,scored,false,days/yr,NEX-GDDP-CMIP6 vs ERA5-Land (synthetic stand-in),synthetic,ssp585,,2026-09-07
HS-02495,CN-XM-002,pm25,today,31.5,scored,true,ug/m3,GHAP PM2.5 annual mean (synthetic stand-in),synthetic,,,2026-09-07
HS-02496,CN-XM-002,flood_riverine,y2030,0.1,scored,false,m,Aqueduct Floods v2 riverine (synthetic stand-in),synthetic,rcp8p5,100,2026-09-07
HS-02497,CN-XM-002,flood_coastal,y2030,0.0,scored,false,m,Aqueduct Floods v2 coastal-wtsub (synthetic stand-in),synthetic,rcp8p5,100,2026-09-07
HS-02498,CN-XM-002,wind,y2030,55.2,scored,false,m/s,STORM v4 (synthetic stand-in),synthetic,climate-change,100,2026-09-07
HS-02499,CN-XM-002,heat_days35,y2030,15.0,scored,false,days/yr,NEX-GDDP-CMIP6 vs ERA5-Land (synthetic stand-in),synthetic,ssp585,,2026-09-07
HS-02500,CN-XM-002,pm25,y2030,31.5,scored,true,ug/m3,GHAP PM2.5 annual mean (synthetic stand-in),synthetic,,,2026-09-07
HS-02501,CN-XM-002,flood_riverine,y2050,0.11,scored,false,m,Aqueduct Floods v2 riverine (synthetic stand-in),synthetic,rcp8p5,100,2026-09-07
HS-02502,CN-XM-002,flood_coastal,y2050,0.02,scored,false,m,Aqueduct Floods v2 coastal-wtsub (synthetic stand-in),synthetic,rcp8p5,100,2026-09-07
HS-02503,CN-XM-002,wind,y2050,56.8,scored,false,m/s,STORM v4 (synthetic stand-in),synthetic,climate-change,100,2026-09-07
HS-02504,CN-XM-002,heat_days35,y2050,49.0,scored,false,days/yr,NEX-GDDP-CMIP6 vs ERA5-Land (synthetic stand-in),synthetic,ssp585,,2026-09-07
HS-02505,CN-XM-002,pm25,y2050,31.5,scored,true,ug/m3,GHAP PM2.5 annual mean (synthetic stand-in),synthetic,,,2026-09-07
HS-02506,CN-XM-003,flood_riverine,today,0.0,scored,false,m,Aqueduct Floods v2 riverine (synthetic stand-in),synthetic,rcp8p5,100,2026-09-07
HS-02507,CN-XM-003,flood_coastal,today,0.0,scored,false,m,Aqueduct Floods v2 coastal-wtsub (synthetic stand-in),synthetic,rcp8p5,100,2026-09-07
HS-02508,CN-XM-003,wind,today,57.3,scored,false,m/s,STORM v4 (synthetic stand-in),synthetic,present-climate,100,2026-09-07
HS-02509,CN-XM-003,heat_days35,today,0.0,scored,false,days/yr,NEX-GDDP-CMIP6 vs ERA5-Land (synthetic stand-in),synthetic,ssp585,,2026-09-07
HS-02510,CN-XM-003,pm25,today,32.6,scored,true,ug/m3,GHAP PM2.5 annual mean (synthetic stand-in),synthetic,,,2026-09-07
HS-02511,CN-XM-003,flood_riverine,y2030,0.0,scored,false,m,Aqueduct Floods v2 riverine (synthetic stand-in),synthetic,rcp8p5,100,2026-09-07
HS-02512,CN-XM-003,flood_coastal,y2030,0.0,scored,false,m,Aqueduct Floods v2 coastal-wtsub (synthetic stand-in),synthetic,rcp8p5,100,2026-09-07
HS-02513,CN-XM-003,wind,y2030,58.4,scored,false,m/s,STORM v4 (synthetic stand-in),synthetic,climate-change,100,2026-09-07
HS-02514,CN-XM-003,heat_days35,y2030,17.0,scored,false,days/yr,NEX-GDDP-CMIP6 vs ERA5-Land (synthetic stand-in),synthetic,ssp585,,2026-09-07
HS-02515,CN-XM-003,pm25,y2030,32.6,scored,true,ug/m3,GHAP PM2.5 annual mean (synthetic stand-in),synthetic,,,2026-09-07
HS-02516,CN-XM-003,flood_riverine,y2050,0.0,scored,false,m,Aqueduct Floods v2 riverine (synthetic stand-in),synthetic,rcp8p5,100,2026-09-07
HS-02517,CN-XM-003,flood_coastal,y2050,0.0,scored,false,m,Aqueduct Floods v2 coastal-wtsub (synthetic stand-in),synthetic,rcp8p5,100,2026-09-07
HS-02518,CN-XM-003,wind,y2050,60.2,scored,false,m/s,STORM v4 (synthetic stand-in),synthetic,climate-change,100,2026-09-07
HS-02519,CN-XM-003,heat_days35,y2050,56.0,scored,false,days/yr,NEX-GDDP-CMIP6 vs ERA5-Land (synthetic stand-in),synthetic,ssp585,,2026-09-07
HS-02520,CN-XM-003,pm25,y2050,32.6,scored,true,ug/m3,GHAP PM2.5 annual mean (synthetic stand-in),synthetic,,,2026-09-07
HS-02521,CN-XM-004,flood_riverine,today,0.0,scored,false,m,Aqueduct Floods v2 riverine (synthetic stand-in),synthetic,rcp8p5,100,2026-09-07
HS-02522,CN-XM-004,flood_coastal,today,0.0,scored,false,m,Aqueduct Floods v2 coastal-wtsub (synthetic stand-in),synthetic,rcp8p5,100,2026-09-07
HS-02523,CN-XM-004,wind,today,53.5,scored,false,m/s,STORM v4 (synthetic stand-in),synthetic,present-climate,100,2026-09-07
HS-02524,CN-XM-004,heat_days35,today,0.0,scored,false,days/yr,NEX-GDDP-CMIP6 vs ERA5-Land (synthetic stand-in),synthetic,ssp585,,2026-09-07
HS-02525,CN-XM-004,pm25,today,32.7,scored,true,ug/m3,GHAP PM2.5 annual mean (synthetic stand-in),synthetic,,,2026-09-07
HS-02526,CN-XM-004,flood_riverine,y2030,0.0,scored,false,m,Aqueduct Floods v2 riverine (synthetic stand-in),synthetic,rcp8p5,100,2026-09-07
HS-02527,CN-XM-004,flood_coastal,y2030,0.0,scored,false,m,Aqueduct Floods v2 coastal-wtsub (synthetic stand-in),synthetic,rcp8p5,100,2026-09-07
HS-02528,CN-XM-004,wind,y2030,54.6,scored,false,m/s,STORM v4 (synthetic stand-in),synthetic,climate-change,100,2026-09-07
HS-02529,CN-XM-004,heat_days35,y2030,16.0,scored,false,days/yr,NEX-GDDP-CMIP6 vs ERA5-Land (synthetic stand-in),synthetic,ssp585,,2026-09-07
HS-02530,CN-XM-004,pm25,y2030,32.7,scored,true,ug/m3,GHAP PM2.5 annual mean (synthetic stand-in),synthetic,,,2026-09-07
HS-02531,CN-XM-004,flood_riverine,y2050,0.0,scored,false,m,Aqueduct Floods v2 riverine (synthetic stand-in),synthetic,rcp8p5,100,2026-09-07
HS-02532,CN-XM-004,flood_coastal,y2050,0.0,scored,false,m,Aqueduct Floods v2 coastal-wtsub (synthetic stand-in),synthetic,rcp8p5,100,2026-09-07
HS-02533,CN-XM-004,wind,y2050,56.2,scored,false,m/s,STORM v4 (synthetic stand-in),synthetic,climate-change,100,2026-09-07
HS-02534,CN-XM-004,heat_days35,y2050,51.0,scored,false,days/yr,NEX-GDDP-CMIP6 vs ERA5-Land (synthetic stand-in),synthetic,ssp585,,2026-09-07
HS-02535,CN-XM-004,pm25,y2050,32.7,scored,true,ug/m3,GHAP PM2.5 annual mean (synthetic stand-in),synthetic,,,2026-09-07
HS-02536,CN-XM-005,flood_riverine,today,0.0,scored,false,m,Aqueduct Floods v2 riverine (synthetic stand-in),synthetic,rcp8p5,100,2026-09-07
HS-02537,CN-XM-005,flood_coastal,today,0.0,scored,false,m,Aqueduct Floods v2 coastal-wtsub (synthetic stand-in),synthetic,rcp8p5,100,2026-09-07
HS-02538,CN-XM-005,wind,today,55.0,scored,false,m/s,STORM v4 (synthetic stand-in),synthetic,present-climate,100,2026-09-07
HS-02539,CN-XM-005,heat_days35,today,0.0,scored,false,days/yr,NEX-GDDP-CMIP6 vs ERA5-Land (synthetic stand-in),synthetic,ssp585,,2026-09-07
HS-02540,CN-XM-005,pm25,today,31.3,scored,true,ug/m3,GHAP PM2.5 annual mean (synthetic stand-in),synthetic,,,2026-09-07
HS-02541,CN-XM-005,flood_riverine,y2030,0.0,scored,false,m,Aqueduct Floods v2 riverine (synthetic stand-in),synthetic,rcp8p5,100,2026-09-07
HS-02542,CN-XM-005,flood_coastal,y2030,0.0,scored,false,m,Aqueduct Floods v2 coastal-wtsub (synthetic stand-in),synthetic,rcp8p5,100,2026-09-07
HS-02543,CN-XM-005,wind,y2030,56.1,scored,false,m/s,STORM v4 (synthetic stand-in),synthetic,climate-change,100,2026-09-07
HS-02544,CN-XM-005,heat_days35,y2030,14.0,scored,false,days/yr,NEX-GDDP-CMIP6 vs ERA5-Land (synthetic stand-in),synthetic,ssp585,,2026-09-07
HS-02545,CN-XM-005,pm25,y2030,31.3,scored,true,ug/m3,GHAP PM2.5 annual mean (synthetic stand-in),synthetic,,,2026-09-07
HS-02546,CN-XM-005,flood_riverine,y2050,0.0,scored,false,m,Aqueduct Floods v2 riverine (synthetic stand-in),synthetic,rcp8p5,100,2026-09-07
HS-02547,CN-XM-005,flood_coastal,y2050,0.0,scored,false,m,Aqueduct Floods v2 coastal-wtsub (synthetic stand-in),synthetic,rcp8p5,100,2026-09-07
HS-02548,CN-XM-005,wind,y2050,57.8,scored,false,m/s,STORM v4 (synthetic stand-in),synthetic,climate-change,100,2026-09-07
HS-02549,CN-XM-005,heat_days35,y2050,49.0,scored,false,days/yr,NEX-GDDP-CMIP6 vs ERA5-Land (synthetic stand-in),synthetic,ssp585,,2026-09-07
HS-02550,CN-XM-005,pm25,y2050,31.3,scored,true,ug/m3,GHAP PM2.5 annual mean (synthetic stand-in),synthetic,,,2026-09-07
HS-02551,CN-NB-001,flood_riverine,today,0.0,scored,false,m,Aqueduct Floods v2 riverine (synthetic stand-in),synthetic,rcp8p5,100,2026-09-07
HS-02552,CN-NB-001,flood_coastal,today,0.0,scored,false,m,Aqueduct Floods v2 coastal-wtsub (synthetic stand-in),synthetic,rcp8p5,100,2026-09-07
HS-02553,CN-NB-001,wind,today,47.0,scored,false,m/s,STORM v4 (synthetic stand-in),synthetic,present-climate,100,2026-09-07
HS-02554,CN-NB-001,heat_days35,today,0.0,scored,false,days/yr,NEX-GDDP-CMIP6 vs ERA5-Land (synthetic stand-in),synthetic,ssp585,,2026-09-07
HS-02555,CN-NB-001,pm25,today,38.9,scored,true,ug/m3,GHAP PM2.5 annual mean (synthetic stand-in),synthetic,,,2026-09-07
HS-02556,CN-NB-001,flood_riverine,y2030,0.0,scored,false,m,Aqueduct Floods v2 riverine (synthetic stand-in),synthetic,rcp8p5,100,2026-09-07
HS-02557,CN-NB-001,flood_coastal,y2030,0.0,scored,false,m,Aqueduct Floods v2 coastal-wtsub (synthetic stand-in),synthetic,rcp8p5,100,2026-09-07
HS-02558,CN-NB-001,wind,y2030,47.9,scored,false,m/s,STORM v4 (synthetic stand-in),synthetic,climate-change,100,2026-09-07
HS-02559,CN-NB-001,heat_days35,y2030,13.0,scored,false,days/yr,NEX-GDDP-CMIP6 vs ERA5-Land (synthetic stand-in),synthetic,ssp585,,2026-09-07
HS-02560,CN-NB-001,pm25,y2030,38.9,scored,true,ug/m3,GHAP PM2.5 annual mean (synthetic stand-in),synthetic,,,2026-09-07
HS-02561,CN-NB-001,flood_riverine,y2050,0.0,scored,false,m,Aqueduct Floods v2 riverine (synthetic stand-in),synthetic,rcp8p5,100,2026-09-07
HS-02562,CN-NB-001,flood_coastal,y2050,0.0,scored,false,m,Aqueduct Floods v2 coastal-wtsub (synthetic stand-in),synthetic,rcp8p5,100,2026-09-07
HS-02563,CN-NB-001,wind,y2050,49.3,scored,false,m/s,STORM v4 (synthetic stand-in),synthetic,climate-change,100,2026-09-07
HS-02564,CN-NB-001,heat_days35,y2050,48.0,scored,false,days/yr,NEX-GDDP-CMIP6 vs ERA5-Land (synthetic stand-in),synthetic,ssp585,,2026-09-07
HS-02565,CN-NB-001,pm25,y2050,38.9,scored,true,ug/m3,GHAP PM2.5 annual mean (synthetic stand-in),synthetic,,,2026-09-07
HS-02566,CN-NB-002,flood_riverine,today,0.96,scored,false,m,Aqueduct Floods v2 riverine (synthetic stand-in),synthetic,rcp8p5,100,2026-09-07
HS-02567,CN-NB-002,flood_coastal,today,0.02,scored,false,m,Aqueduct Floods v2 coastal-wtsub (synthetic stand-in),synthetic,rcp8p5,100,2026-09-07
HS-02568,CN-NB-002,wind,today,46.5,scored,false,m/s,STORM v4 (synthetic stand-in),synthetic,present-climate,100,2026-09-07
HS-02569,CN-NB-002,heat_days35,today,0.0,scored,false,days/yr,NEX-GDDP-CMIP6 vs ERA5-Land (synthetic stand-in),synthetic,ssp585,,2026-09-07
HS-02570,CN-NB-002,pm25,today,38.6,scored,true,ug/m3,GHAP PM2.5 annual mean (synthetic stand-in),synthetic,,,2026-09-07
HS-02571,CN-NB-002,flood_riverine,y2030,1.08,scored,false,m,Aqueduct Floods v2 riverine (synthetic stand-in),synthetic,rcp8p5,100,2026-09-07
HS-02572,CN-NB-002,flood_coastal,y2030,0.03,scored,false,m,Aqueduct Floods v2 coastal-wtsub (synthetic stand-in),synthetic,rcp8p5,100,2026-09-07
HS-02573,CN-NB-002,wind,y2030,47.4,scored,false,m/s,STORM v4 (synthetic stand-in),synthetic,climate-change,100,2026-09-07
HS-02574,CN-NB-002,heat_days35,y2030,13.0,scored,false,days/yr,NEX-GDDP-CMIP6 vs ERA5-Land (synthetic stand-in),synthetic,ssp585,,2026-09-07
HS-02575,CN-NB-002,pm25,y2030,38.6,scored,true,ug/m3,GHAP PM2.5 annual mean (synthetic stand-in),synthetic,,,2026-09-07
HS-02576,CN-NB-002,flood_riverine,y2050,1.2,scored,false,m,Aqueduct Floods v2 riverine (synthetic stand-in),synthetic,rcp8p5,100,2026-09-07
HS-02577,CN-NB-002,flood_coastal,y2050,0.04,scored,false,m,Aqueduct Floods v2 coastal-wtsub (synthetic stand-in),synthetic,rcp8p5,100,2026-09-07
HS-02578,CN-NB-002,wind,y2050,48.8,scored,false,m/s,STORM v4 (synthetic stand-in),synthetic,climate-change,100,2026-09-07
HS-02579,CN-NB-002,heat_days35,y2050,47.0,scored,false,days/yr,NEX-GDDP-CMIP6 vs ERA5-Land (synthetic stand-in),synthetic,ssp585,,2026-09-07
HS-02580,CN-NB-002,pm25,y2050,38.6,scored,true,ug/m3,GHAP PM2.5 annual mean (synthetic stand-in),synthetic,,,2026-09-07
HS-02581,CN-NB-003,flood_riverine,today,0.0,scored,false,m,Aqueduct Floods v2 riverine (synthetic stand-in),synthetic,rcp8p5,100,2026-09-07
HS-02582,CN-NB-003,flood_coastal,today,0.0,scored,false,m,Aqueduct Floods v2 coastal-wtsub (synthetic stand-in),synthetic,rcp8p5,100,2026-09-07
HS-02583,CN-NB-003,wind,today,48.5,scored,false,m/s,STORM v4 (synthetic stand-in),synthetic,present-climate,100,2026-09-07
HS-02584,CN-NB-003,heat_days35,today,0.0,scored,false,days/yr,NEX-GDDP-CMIP6 vs ERA5-Land (synthetic stand-in),synthetic,ssp585,,2026-09-07
HS-02585,CN-NB-003,pm25,today,38.8,scored,true,ug/m3,GHAP PM2.5 annual mean (synthetic stand-in),synthetic,,,2026-09-07
HS-02586,CN-NB-003,flood_riverine,y2030,0.0,scored,false,m,Aqueduct Floods v2 riverine (synthetic stand-in),synthetic,rcp8p5,100,2026-09-07
HS-02587,CN-NB-003,flood_coastal,y2030,0.0,scored,false,m,Aqueduct Floods v2 coastal-wtsub (synthetic stand-in),synthetic,rcp8p5,100,2026-09-07
HS-02588,CN-NB-003,wind,y2030,49.5,scored,false,m/s,STORM v4 (synthetic stand-in),synthetic,climate-change,100,2026-09-07
HS-02589,CN-NB-003,heat_days35,y2030,11.0,scored,false,days/yr,NEX-GDDP-CMIP6 vs ERA5-Land (synthetic stand-in),synthetic,ssp585,,2026-09-07
HS-02590,CN-NB-003,pm25,y2030,38.8,scored,true,ug/m3,GHAP PM2.5 annual mean (synthetic stand-in),synthetic,,,2026-09-07
HS-02591,CN-NB-003,flood_riverine,y2050,0.0,scored,false,m,Aqueduct Floods v2 riverine (synthetic stand-in),synthetic,rcp8p5,100,2026-09-07
HS-02592,CN-NB-003,flood_coastal,y2050,0.0,scored,false,m,Aqueduct Floods v2 coastal-wtsub (synthetic stand-in),synthetic,rcp8p5,100,2026-09-07
HS-02593,CN-NB-003,wind,y2050,50.9,scored,false,m/s,STORM v4 (synthetic stand-in),synthetic,climate-change,100,2026-09-07
HS-02594,CN-NB-003,heat_days35,y2050,40.0,scored,false,days/yr,NEX-GDDP-CMIP6 vs ERA5-Land (synthetic stand-in),synthetic,ssp585,,2026-09-07
HS-02595,CN-NB-003,pm25,y2050,38.8,scored,true,ug/m3,GHAP PM2.5 annual mean (synthetic stand-in),synthetic,,,2026-09-07
HS-02596,CN-NB-004,flood_riverine,today,1.07,scored,false,m,Aqueduct Floods v2 riverine (synthetic stand-in),synthetic,rcp8p5,100,2026-09-07
HS-02597,CN-NB-004,flood_coastal,today,0.0,scored,false,m,Aqueduct Floods v2 coastal-wtsub (synthetic stand-in),synthetic,rcp8p5,100,2026-09-07
HS-02598,CN-NB-004,wind,today,47.8,scored,false,m/s,STORM v4 (synthetic stand-in),synthetic,present-climate,100,2026-09-07
HS-02599,CN-NB-004,heat_days35,today,0.0,scored,false,days/yr,NEX-GDDP-CMIP6 vs ERA5-Land (synthetic stand-in),synthetic,ssp585,,2026-09-07
HS-02600,CN-NB-004,pm25,today,38.2,scored,true,ug/m3,GHAP PM2.5 annual mean (synthetic stand-in),synthetic,,,2026-09-07
HS-02601,CN-NB-004,flood_riverine,y2030,1.2,scored,false,m,Aqueduct Floods v2 riverine (synthetic stand-in),synthetic,rcp8p5,100,2026-09-07
HS-02602,CN-NB-004,flood_coastal,y2030,0.0,scored,false,m,Aqueduct Floods v2 coastal-wtsub (synthetic stand-in),synthetic,rcp8p5,100,2026-09-07
HS-02603,CN-NB-004,wind,y2030,48.7,scored,false,m/s,STORM v4 (synthetic stand-in),synthetic,climate-change,100,2026-09-07
HS-02604,CN-NB-004,heat_days35,y2030,11.0,scored,false,days/yr,NEX-GDDP-CMIP6 vs ERA5-Land (synthetic stand-in),synthetic,ssp585,,2026-09-07
HS-02605,CN-NB-004,pm25,y2030,38.2,scored,true,ug/m3,GHAP PM2.5 annual mean (synthetic stand-in),synthetic,,,2026-09-07
HS-02606,CN-NB-004,flood_riverine,y2050,1.34,scored,false,m,Aqueduct Floods v2 riverine (synthetic stand-in),synthetic,rcp8p5,100,2026-09-07
HS-02607,CN-NB-004,flood_coastal,y2050,0.02,scored,false,m,Aqueduct Floods v2 coastal-wtsub (synthetic stand-in),synthetic,rcp8p5,100,2026-09-07
HS-02608,CN-NB-004,wind,y2050,50.2,scored,false,m/s,STORM v4 (synthetic stand-in),synthetic,climate-change,100,2026-09-07
HS-02609,CN-NB-004,heat_days35,y2050,39.0,scored,false,days/yr,NEX-GDDP-CMIP6 vs ERA5-Land (synthetic stand-in),synthetic,ssp585,,2026-09-07
HS-02610,CN-NB-004,pm25,y2050,38.2,scored,true,ug/m3,GHAP PM2.5 annual mean (synthetic stand-in),synthetic,,,2026-09-07
HS-02611,CN-NB-005,flood_riverine,today,0.72,scored,false,m,Aqueduct Floods v2 riverine (synthetic stand-in),synthetic,rcp8p5,100,2026-09-07
HS-02612,CN-NB-005,flood_coastal,today,0.0,scored,false,m,Aqueduct Floods v2 coastal-wtsub (synthetic stand-in),synthetic,rcp8p5,100,2026-09-07
HS-02613,CN-NB-005,wind,today,47.1,scored,false,m/s,STORM v4 (synthetic stand-in),synthetic,present-climate,100,2026-09-07
HS-02614,CN-NB-005,heat_days35,today,0.0,scored,false,days/yr,NEX-GDDP-CMIP6 vs ERA5-Land (synthetic stand-in),synthetic,ssp585,,2026-09-07
HS-02615,CN-NB-005,pm25,today,37.4,scored,true,ug/m3,GHAP PM2.5 annual mean (synthetic stand-in),synthetic,,,2026-09-07
HS-02616,CN-NB-005,flood_riverine,y2030,0.81,scored,false,m,Aqueduct Floods v2 riverine (synthetic stand-in),synthetic,rcp8p5,100,2026-09-07
HS-02617,CN-NB-005,flood_coastal,y2030,0.0,scored,false,m,Aqueduct Floods v2 coastal-wtsub (synthetic stand-in),synthetic,rcp8p5,100,2026-09-07
HS-02618,CN-NB-005,wind,y2030,48.1,scored,false,m/s,STORM v4 (synthetic stand-in),synthetic,climate-change,100,2026-09-07
HS-02619,CN-NB-005,heat_days35,y2030,14.0,scored,false,days/yr,NEX-GDDP-CMIP6 vs ERA5-Land (synthetic stand-in),synthetic,ssp585,,2026-09-07
HS-02620,CN-NB-005,pm25,y2030,37.4,scored,true,ug/m3,GHAP PM2.5 annual mean (synthetic stand-in),synthetic,,,2026-09-07
HS-02621,CN-NB-005,flood_riverine,y2050,0.9,scored,false,m,Aqueduct Floods v2 riverine (synthetic stand-in),synthetic,rcp8p5,100,2026-09-07
HS-02622,CN-NB-005,flood_coastal,y2050,0.0,scored,false,m,Aqueduct Floods v2 coastal-wtsub (synthetic stand-in),synthetic,rcp8p5,100,2026-09-07
HS-02623,CN-NB-005,wind,y2050,49.5,scored,false,m/s,STORM v4 (synthetic stand-in),synthetic,climate-change,100,2026-09-07
HS-02624,CN-NB-005,heat_days35,y2050,46.0,scored,false,days/yr,NEX-GDDP-CMIP6 vs ERA5-Land (synthetic stand-in),synthetic,ssp585,,2026-09-07
HS-02625,CN-NB-005,pm25,y2050,37.4,scored,true,ug/m3,GHAP PM2.5 annual mean (synthetic stand-in),synthetic,,,2026-09-07
HS-02626,HK-TK-001,flood_riverine,today,0.29,scored,false,m,Aqueduct Floods v2 riverine (synthetic stand-in),synthetic,rcp8p5,100,2026-09-07
HS-02627,HK-TK-001,flood_coastal,today,0.06,scored,false,m,Aqueduct Floods v2 coastal-wtsub (synthetic stand-in),synthetic,rcp8p5,100,2026-09-07
HS-02628,HK-TK-001,wind,today,59.0,scored,false,m/s,STORM v4 (synthetic stand-in),synthetic,present-climate,100,2026-09-07
HS-02629,HK-TK-001,heat_days35,today,0.0,scored,false,days/yr,NEX-GDDP-CMIP6 vs ERA5-Land (synthetic stand-in),synthetic,ssp585,,2026-09-07
HS-02630,HK-TK-001,pm25,today,37.4,scored,true,ug/m3,GHAP PM2.5 annual mean (synthetic stand-in),synthetic,,,2026-09-07
HS-02631,HK-TK-001,flood_riverine,y2030,0.32,scored,false,m,Aqueduct Floods v2 riverine (synthetic stand-in),synthetic,rcp8p5,100,2026-09-07
HS-02632,HK-TK-001,flood_coastal,y2030,0.21,scored,false,m,Aqueduct Floods v2 coastal-wtsub (synthetic stand-in),synthetic,rcp8p5,100,2026-09-07
HS-02633,HK-TK-001,wind,y2030,60.2,scored,false,m/s,STORM v4 (synthetic stand-in),synthetic,climate-change,100,2026-09-07
HS-02634,HK-TK-001,heat_days35,y2030,15.0,scored,false,days/yr,NEX-GDDP-CMIP6 vs ERA5-Land (synthetic stand-in),synthetic,ssp585,,2026-09-07
HS-02635,HK-TK-001,pm25,y2030,37.4,scored,true,ug/m3,GHAP PM2.5 annual mean (synthetic stand-in),synthetic,,,2026-09-07
HS-02636,HK-TK-001,flood_riverine,y2050,0.36,scored,false,m,Aqueduct Floods v2 riverine (synthetic stand-in),synthetic,rcp8p5,100,2026-09-07
HS-02637,HK-TK-001,flood_coastal,y2050,0.41,scored,false,m,Aqueduct Floods v2 coastal-wtsub (synthetic stand-in),synthetic,rcp8p5,100,2026-09-07
HS-02638,HK-TK-001,wind,y2050,62.0,scored,false,m/s,STORM v4 (synthetic stand-in),synthetic,climate-change,100,2026-09-07
HS-02639,HK-TK-001,heat_days35,y2050,49.0,scored,false,days/yr,NEX-GDDP-CMIP6 vs ERA5-Land (synthetic stand-in),synthetic,ssp585,,2026-09-07
HS-02640,HK-TK-001,pm25,y2050,37.4,scored,true,ug/m3,GHAP PM2.5 annual mean (synthetic stand-in),synthetic,,,2026-09-07
HS-02641,HK-TK-002,flood_riverine,today,0.0,scored,false,m,Aqueduct Floods v2 riverine (synthetic stand-in),synthetic,rcp8p5,100,2026-09-07
HS-02642,HK-TK-002,flood_coastal,today,0.0,scored,false,m,Aqueduct Floods v2 coastal-wtsub (synthetic stand-in),synthetic,rcp8p5,100,2026-09-07
HS-02643,HK-TK-002,wind,today,56.6,scored,false,m/s,STORM v4 (synthetic stand-in),synthetic,present-climate,100,2026-09-07
HS-02644,HK-TK-002,heat_days35,today,0.0,scored,false,days/yr,NEX-GDDP-CMIP6 vs ERA5-Land (synthetic stand-in),synthetic,ssp585,,2026-09-07
HS-02645,HK-TK-002,pm25,today,37.4,scored,true,ug/m3,GHAP PM2.5 annual mean (synthetic stand-in),synthetic,,,2026-09-07
HS-02646,HK-TK-002,flood_riverine,y2030,0.0,scored,false,m,Aqueduct Floods v2 riverine (synthetic stand-in),synthetic,rcp8p5,100,2026-09-07
HS-02647,HK-TK-002,flood_coastal,y2030,0.0,scored,false,m,Aqueduct Floods v2 coastal-wtsub (synthetic stand-in),synthetic,rcp8p5,100,2026-09-07
HS-02648,HK-TK-002,wind,y2030,57.8,scored,false,m/s,STORM v4 (synthetic stand-in),synthetic,climate-change,100,2026-09-07
HS-02649,HK-TK-002,heat_days35,y2030,15.0,scored,false,days/yr,NEX-GDDP-CMIP6 vs ERA5-Land (synthetic stand-in),synthetic,ssp585,,2026-09-07
HS-02650,HK-TK-002,pm25,y2030,37.4,scored,true,ug/m3,GHAP PM2.5 annual mean (synthetic stand-in),synthetic,,,2026-09-07
HS-02651,HK-TK-002,flood_riverine,y2050,0.0,scored,false,m,Aqueduct Floods v2 riverine (synthetic stand-in),synthetic,rcp8p5,100,2026-09-07
HS-02652,HK-TK-002,flood_coastal,y2050,0.0,scored,false,m,Aqueduct Floods v2 coastal-wtsub (synthetic stand-in),synthetic,rcp8p5,100,2026-09-07
HS-02653,HK-TK-002,wind,y2050,59.5,scored,false,m/s,STORM v4 (synthetic stand-in),synthetic,climate-change,100,2026-09-07
HS-02654,HK-TK-002,heat_days35,y2050,48.0,scored,false,days/yr,NEX-GDDP-CMIP6 vs ERA5-Land (synthetic stand-in),synthetic,ssp585,,2026-09-07
HS-02655,HK-TK-002,pm25,y2050,37.4,scored,true,ug/m3,GHAP PM2.5 annual mean (synthetic stand-in),synthetic,,,2026-09-07
HS-02656,HK-TK-003,flood_riverine,today,0.0,scored,false,m,Aqueduct Floods v2 riverine (synthetic stand-in),synthetic,rcp8p5,100,2026-09-07
HS-02657,HK-TK-003,flood_coastal,today,0.0,scored,false,m,Aqueduct Floods v2 coastal-wtsub (synthetic stand-in),synthetic,rcp8p5,100,2026-09-07
HS-02658,HK-TK-003,wind,today,55.7,scored,false,m/s,STORM v4 (synthetic stand-in),synthetic,present-climate,100,2026-09-07
HS-02659,HK-TK-003,heat_days35,today,0.0,scored,false,days/yr,NEX-GDDP-CMIP6 vs ERA5-Land (synthetic stand-in),synthetic,ssp585,,2026-09-07
HS-02660,HK-TK-003,pm25,today,36.0,scored,true,ug/m3,GHAP PM2.5 annual mean (synthetic stand-in),synthetic,,,2026-09-07
HS-02661,HK-TK-003,flood_riverine,y2030,0.0,scored,false,m,Aqueduct Floods v2 riverine (synthetic stand-in),synthetic,rcp8p5,100,2026-09-07
HS-02662,HK-TK-003,flood_coastal,y2030,0.0,scored,false,m,Aqueduct Floods v2 coastal-wtsub (synthetic stand-in),synthetic,rcp8p5,100,2026-09-07
HS-02663,HK-TK-003,wind,y2030,56.8,scored,false,m/s,STORM v4 (synthetic stand-in),synthetic,climate-change,100,2026-09-07
HS-02664,HK-TK-003,heat_days35,y2030,15.0,scored,false,days/yr,NEX-GDDP-CMIP6 vs ERA5-Land (synthetic stand-in),synthetic,ssp585,,2026-09-07
HS-02665,HK-TK-003,pm25,y2030,36.0,scored,true,ug/m3,GHAP PM2.5 annual mean (synthetic stand-in),synthetic,,,2026-09-07
HS-02666,HK-TK-003,flood_riverine,y2050,0.0,scored,false,m,Aqueduct Floods v2 riverine (synthetic stand-in),synthetic,rcp8p5,100,2026-09-07
HS-02667,HK-TK-003,flood_coastal,y2050,0.0,scored,false,m,Aqueduct Floods v2 coastal-wtsub (synthetic stand-in),synthetic,rcp8p5,100,2026-09-07
HS-02668,HK-TK-003,wind,y2050,58.5,scored,false,m/s,STORM v4 (synthetic stand-in),synthetic,climate-change,100,2026-09-07
HS-02669,HK-TK-003,heat_days35,y2050,48.0,scored,false,days/yr,NEX-GDDP-CMIP6 vs ERA5-Land (synthetic stand-in),synthetic,ssp585,,2026-09-07
HS-02670,HK-TK-003,pm25,y2050,36.0,scored,true,ug/m3,GHAP PM2.5 annual mean (synthetic stand-in),synthetic,,,2026-09-07
HS-02671,HK-TK-004,flood_riverine,today,0.0,scored,false,m,Aqueduct Floods v2 riverine (synthetic stand-in),synthetic,rcp8p5,100,2026-09-07
HS-02672,HK-TK-004,flood_coastal,today,0.0,scored,false,m,Aqueduct Floods v2 coastal-wtsub (synthetic stand-in),synthetic,rcp8p5,100,2026-09-07
HS-02673,HK-TK-004,wind,today,57.1,scored,false,m/s,STORM v4 (synthetic stand-in),synthetic,present-climate,100,2026-09-07
HS-02674,HK-TK-004,heat_days35,today,0.0,scored,false,days/yr,NEX-GDDP-CMIP6 vs ERA5-Land (synthetic stand-in),synthetic,ssp585,,2026-09-07
HS-02675,HK-TK-004,pm25,today,35.9,scored,true,ug/m3,GHAP PM2.5 annual mean (synthetic stand-in),synthetic,,,2026-09-07
HS-02676,HK-TK-004,flood_riverine,y2030,0.0,scored,false,m,Aqueduct Floods v2 riverine (synthetic stand-in),synthetic,rcp8p5,100,2026-09-07
HS-02677,HK-TK-004,flood_coastal,y2030,0.0,scored,false,m,Aqueduct Floods v2 coastal-wtsub (synthetic stand-in),synthetic,rcp8p5,100,2026-09-07
HS-02678,HK-TK-004,wind,y2030,58.3,scored,false,m/s,STORM v4 (synthetic stand-in),synthetic,climate-change,100,2026-09-07
HS-02679,HK-TK-004,heat_days35,y2030,14.0,scored,false,days/yr,NEX-GDDP-CMIP6 vs ERA5-Land (synthetic stand-in),synthetic,ssp585,,2026-09-07
HS-02680,HK-TK-004,pm25,y2030,35.9,scored,true,ug/m3,GHAP PM2.5 annual mean (synthetic stand-in),synthetic,,,2026-09-07
HS-02681,HK-TK-004,flood_riverine,y2050,0.0,scored,false,m,Aqueduct Floods v2 riverine (synthetic stand-in),synthetic,rcp8p5,100,2026-09-07
HS-02682,HK-TK-004,flood_coastal,y2050,0.0,scored,false,m,Aqueduct Floods v2 coastal-wtsub (synthetic stand-in),synthetic,rcp8p5,100,2026-09-07
HS-02683,HK-TK-004,wind,y2050,60.0,scored,false,m/s,STORM v4 (synthetic stand-in),synthetic,climate-change,100,2026-09-07
HS-02684,HK-TK-004,heat_days35,y2050,49.0,scored,false,days/yr,NEX-GDDP-CMIP6 vs ERA5-Land (synthetic stand-in),synthetic,ssp585,,2026-09-07
HS-02685,HK-TK-004,pm25,y2050,35.9,scored,true,ug/m3,GHAP PM2.5 annual mean (synthetic stand-in),synthetic,,,2026-09-07
HS-02686,HK-TK-005,flood_riverine,today,0.0,scored,false,m,Aqueduct Floods v2 riverine (synthetic stand-in),synthetic,rcp8p5,100,2026-09-07
HS-02687,HK-TK-005,flood_coastal,today,0.0,scored,false,m,Aqueduct Floods v2 coastal-wtsub (synthetic stand-in),synthetic,rcp8p5,100,2026-09-07
HS-02688,HK-TK-005,wind,today,55.9,scored,false,m/s,STORM v4 (synthetic stand-in),synthetic,present-climate,100,2026-09-07
HS-02689,HK-TK-005,heat_days35,today,0.0,scored,false,days/yr,NEX-GDDP-CMIP6 vs ERA5-Land (synthetic stand-in),synthetic,ssp585,,2026-09-07
HS-02690,HK-TK-005,pm25,today,37.9,scored,true,ug/m3,GHAP PM2.5 annual mean (synthetic stand-in),synthetic,,,2026-09-07
HS-02691,HK-TK-005,flood_riverine,y2030,0.0,scored,false,m,Aqueduct Floods v2 riverine (synthetic stand-in),synthetic,rcp8p5,100,2026-09-07
HS-02692,HK-TK-005,flood_coastal,y2030,0.0,scored,false,m,Aqueduct Floods v2 coastal-wtsub (synthetic stand-in),synthetic,rcp8p5,100,2026-09-07
HS-02693,HK-TK-005,wind,y2030,57.1,scored,false,m/s,STORM v4 (synthetic stand-in),synthetic,climate-change,100,2026-09-07
HS-02694,HK-TK-005,heat_days35,y2030,16.0,scored,false,days/yr,NEX-GDDP-CMIP6 vs ERA5-Land (synthetic stand-in),synthetic,ssp585,,2026-09-07
HS-02695,HK-TK-005,pm25,y2030,37.9,scored,true,ug/m3,GHAP PM2.5 annual mean (synthetic stand-in),synthetic,,,2026-09-07
HS-02696,HK-TK-005,flood_riverine,y2050,0.0,scored,false,m,Aqueduct Floods v2 riverine (synthetic stand-in),synthetic,rcp8p5,100,2026-09-07
HS-02697,HK-TK-005,flood_coastal,y2050,0.0,scored,false,m,Aqueduct Floods v2 coastal-wtsub (synthetic stand-in),synthetic,rcp8p5,100,2026-09-07
HS-02698,HK-TK-005,wind,y2050,58.7,scored,false,m/s,STORM v4 (synthetic stand-in),synthetic,climate-change,100,2026-09-07
HS-02699,HK-TK-005,heat_days35,y2050,57.0,scored,false,days/yr,NEX-GDDP-CMIP6 vs ERA5-Land (synthetic stand-in),synthetic,ssp585,,2026-09-07
HS-02700,HK-TK-005,pm25,y2050,37.9,scored,true,ug/m3,GHAP PM2.5 annual mean (synthetic stand-in),synthetic,,,2026-09-07
HS-02701,HK-TK-006,flood_riverine,today,0.0,scored,false,m,Aqueduct Floods v2 riverine (synthetic stand-in),synthetic,rcp8p5,100,2026-09-07
HS-02702,HK-TK-006,flood_coastal,today,0.0,scored,false,m,Aqueduct Floods v2 coastal-wtsub (synthetic stand-in),synthetic,rcp8p5,100,2026-09-07
HS-02703,HK-TK-006,wind,today,58.4,scored,false,m/s,STORM v4 (synthetic stand-in),synthetic,present-climate,100,2026-09-07
HS-02704,HK-TK-006,heat_days35,today,0.0,scored,false,days/yr,NEX-GDDP-CMIP6 vs ERA5-Land (synthetic stand-in),synthetic,ssp585,,2026-09-07
HS-02705,HK-TK-006,pm25,today,37.2,scored,true,ug/m3,GHAP PM2.5 annual mean (synthetic stand-in),synthetic,,,2026-09-07
HS-02706,HK-TK-006,flood_riverine,y2030,0.0,scored,false,m,Aqueduct Floods v2 riverine (synthetic stand-in),synthetic,rcp8p5,100,2026-09-07
HS-02707,HK-TK-006,flood_coastal,y2030,0.0,scored,false,m,Aqueduct Floods v2 coastal-wtsub (synthetic stand-in),synthetic,rcp8p5,100,2026-09-07
HS-02708,HK-TK-006,wind,y2030,59.6,scored,false,m/s,STORM v4 (synthetic stand-in),synthetic,climate-change,100,2026-09-07
HS-02709,HK-TK-006,heat_days35,y2030,16.0,scored,false,days/yr,NEX-GDDP-CMIP6 vs ERA5-Land (synthetic stand-in),synthetic,ssp585,,2026-09-07
HS-02710,HK-TK-006,pm25,y2030,37.2,scored,true,ug/m3,GHAP PM2.5 annual mean (synthetic stand-in),synthetic,,,2026-09-07
HS-02711,HK-TK-006,flood_riverine,y2050,0.0,scored,false,m,Aqueduct Floods v2 riverine (synthetic stand-in),synthetic,rcp8p5,100,2026-09-07
HS-02712,HK-TK-006,flood_coastal,y2050,0.0,scored,false,m,Aqueduct Floods v2 coastal-wtsub (synthetic stand-in),synthetic,rcp8p5,100,2026-09-07
HS-02713,HK-TK-006,wind,y2050,61.3,scored,false,m/s,STORM v4 (synthetic stand-in),synthetic,climate-change,100,2026-09-07
HS-02714,HK-TK-006,heat_days35,y2050,57.0,scored,false,days/yr,NEX-GDDP-CMIP6 vs ERA5-Land (synthetic stand-in),synthetic,ssp585,,2026-09-07
HS-02715,HK-TK-006,pm25,y2050,37.2,scored,true,ug/m3,GHAP PM2.5 annual mean (synthetic stand-in),synthetic,,,2026-09-07
HS-02716,HK-HF-001,flood_riverine,today,0.0,scored,false,m,Aqueduct Floods v2 riverine (synthetic stand-in),synthetic,rcp8p5,100,2026-09-07
HS-02717,HK-HF-001,flood_coastal,today,0.0,scored,false,m,Aqueduct Floods v2 coastal-wtsub (synthetic stand-in),synthetic,rcp8p5,100,2026-09-07
HS-02718,HK-HF-001,wind,today,55.9,scored,false,m/s,STORM v4 (synthetic stand-in),synthetic,present-climate,100,2026-09-07
HS-02719,HK-HF-001,heat_days35,today,0.0,scored,false,days/yr,NEX-GDDP-CMIP6 vs ERA5-Land (synthetic stand-in),synthetic,ssp585,,2026-09-07
HS-02720,HK-HF-001,pm25,today,37.5,scored,true,ug/m3,GHAP PM2.5 annual mean (synthetic stand-in),synthetic,,,2026-09-07
HS-02721,HK-HF-001,flood_riverine,y2030,0.0,scored,false,m,Aqueduct Floods v2 riverine (synthetic stand-in),synthetic,rcp8p5,100,2026-09-07
HS-02722,HK-HF-001,flood_coastal,y2030,0.0,scored,false,m,Aqueduct Floods v2 coastal-wtsub (synthetic stand-in),synthetic,rcp8p5,100,2026-09-07
HS-02723,HK-HF-001,wind,y2030,57.1,scored,false,m/s,STORM v4 (synthetic stand-in),synthetic,climate-change,100,2026-09-07
HS-02724,HK-HF-001,heat_days35,y2030,15.0,scored,false,days/yr,NEX-GDDP-CMIP6 vs ERA5-Land (synthetic stand-in),synthetic,ssp585,,2026-09-07
HS-02725,HK-HF-001,pm25,y2030,37.5,scored,true,ug/m3,GHAP PM2.5 annual mean (synthetic stand-in),synthetic,,,2026-09-07
HS-02726,HK-HF-001,flood_riverine,y2050,0.0,scored,false,m,Aqueduct Floods v2 riverine (synthetic stand-in),synthetic,rcp8p5,100,2026-09-07
HS-02727,HK-HF-001,flood_coastal,y2050,0.0,scored,false,m,Aqueduct Floods v2 coastal-wtsub (synthetic stand-in),synthetic,rcp8p5,100,2026-09-07
HS-02728,HK-HF-001,wind,y2050,58.7,scored,false,m/s,STORM v4 (synthetic stand-in),synthetic,climate-change,100,2026-09-07
HS-02729,HK-HF-001,heat_days35,y2050,53.0,scored,false,days/yr,NEX-GDDP-CMIP6 vs ERA5-Land (synthetic stand-in),synthetic,ssp585,,2026-09-07
HS-02730,HK-HF-001,pm25,y2050,37.5,scored,true,ug/m3,GHAP PM2.5 annual mean (synthetic stand-in),synthetic,,,2026-09-07
HS-02731,HK-HF-002,flood_riverine,today,0.28,scored,false,m,Aqueduct Floods v2 riverine (synthetic stand-in),synthetic,rcp8p5,100,2026-09-07
HS-02732,HK-HF-002,flood_coastal,today,0.04,scored,false,m,Aqueduct Floods v2 coastal-wtsub (synthetic stand-in),synthetic,rcp8p5,100,2026-09-07
HS-02733,HK-HF-002,wind,today,57.3,scored,false,m/s,STORM v4 (synthetic stand-in),synthetic,present-climate,100,2026-09-07
HS-02734,HK-HF-002,heat_days35,today,0.0,scored,false,days/yr,NEX-GDDP-CMIP6 vs ERA5-Land (synthetic stand-in),synthetic,ssp585,,2026-09-07
HS-02735,HK-HF-002,pm25,today,37.0,scored,true,ug/m3,GHAP PM2.5 annual mean (synthetic stand-in),synthetic,,,2026-09-07
HS-02736,HK-HF-002,flood_riverine,y2030,0.32,scored,false,m,Aqueduct Floods v2 riverine (synthetic stand-in),synthetic,rcp8p5,100,2026-09-07
HS-02737,HK-HF-002,flood_coastal,y2030,0.17,scored,false,m,Aqueduct Floods v2 coastal-wtsub (synthetic stand-in),synthetic,rcp8p5,100,2026-09-07
HS-02738,HK-HF-002,wind,y2030,58.5,scored,false,m/s,STORM v4 (synthetic stand-in),synthetic,climate-change,100,2026-09-07
HS-02739,HK-HF-002,heat_days35,y2030,16.0,scored,false,days/yr,NEX-GDDP-CMIP6 vs ERA5-Land (synthetic stand-in),synthetic,ssp585,,2026-09-07
HS-02740,HK-HF-002,pm25,y2030,37.0,scored,true,ug/m3,GHAP PM2.5 annual mean (synthetic stand-in),synthetic,,,2026-09-07
HS-02741,HK-HF-002,flood_riverine,y2050,0.35,scored,false,m,Aqueduct Floods v2 riverine (synthetic stand-in),synthetic,rcp8p5,100,2026-09-07
HS-02742,HK-HF-002,flood_coastal,y2050,0.35,scored,false,m,Aqueduct Floods v2 coastal-wtsub (synthetic stand-in),synthetic,rcp8p5,100,2026-09-07
HS-02743,HK-HF-002,wind,y2050,60.2,scored,false,m/s,STORM v4 (synthetic stand-in),synthetic,climate-change,100,2026-09-07
HS-02744,HK-HF-002,heat_days35,y2050,56.0,scored,false,days/yr,NEX-GDDP-CMIP6 vs ERA5-Land (synthetic stand-in),synthetic,ssp585,,2026-09-07
HS-02745,HK-HF-002,pm25,y2050,37.0,scored,true,ug/m3,GHAP PM2.5 annual mean (synthetic stand-in),synthetic,,,2026-09-07
HS-02746,HK-HF-003,flood_riverine,today,0.26,scored,false,m,Aqueduct Floods v2 riverine (synthetic stand-in),synthetic,rcp8p5,100,2026-09-07
HS-02747,HK-HF-003,flood_coastal,today,0.0,scored,false,m,Aqueduct Floods v2 coastal-wtsub (synthetic stand-in),synthetic,rcp8p5,100,2026-09-07
HS-02748,HK-HF-003,wind,today,56.3,scored,false,m/s,STORM v4 (synthetic stand-in),synthetic,present-climate,100,2026-09-07
HS-02749,HK-HF-003,heat_days35,today,0.0,scored,false,days/yr,NEX-GDDP-CMIP6 vs ERA5-Land (synthetic stand-in),synthetic,ssp585,,2026-09-07
HS-02750,HK-HF-003,pm25,today,36.2,scored,true,ug/m3,GHAP PM2.5 annual mean (synthetic stand-in),synthetic,,,2026-09-07
HS-02751,HK-HF-003,flood_riverine,y2030,0.3,scored,false,m,Aqueduct Floods v2 riverine (synthetic stand-in),synthetic,rcp8p5,100,2026-09-07
HS-02752,HK-HF-003,flood_coastal,y2030,0.07,scored,false,m,Aqueduct Floods v2 coastal-wtsub (synthetic stand-in),synthetic,rcp8p5,100,2026-09-07
HS-02753,HK-HF-003,wind,y2030,57.4,scored,false,m/s,STORM v4 (synthetic stand-in),synthetic,climate-change,100,2026-09-07
HS-02754,HK-HF-003,heat_days35,y2030,15.0,scored,false,days/yr,NEX-GDDP-CMIP6 vs ERA5-Land (synthetic stand-in),synthetic,ssp585,,2026-09-07
HS-02755,HK-HF-003,pm25,y2030,36.2,scored,true,ug/m3,GHAP PM2.5 annual mean (synthetic stand-in),synthetic,,,2026-09-07
HS-02756,HK-HF-003,flood_riverine,y2050,0.33,scored,false,m,Aqueduct Floods v2 riverine (synthetic stand-in),synthetic,rcp8p5,100,2026-09-07
HS-02757,HK-HF-003,flood_coastal,y2050,0.21,scored,false,m,Aqueduct Floods v2 coastal-wtsub (synthetic stand-in),synthetic,rcp8p5,100,2026-09-07
HS-02758,HK-HF-003,wind,y2050,59.1,scored,false,m/s,STORM v4 (synthetic stand-in),synthetic,climate-change,100,2026-09-07
HS-02759,HK-HF-003,heat_days35,y2050,49.0,scored,false,days/yr,NEX-GDDP-CMIP6 vs ERA5-Land (synthetic stand-in),synthetic,ssp585,,2026-09-07
HS-02760,HK-HF-003,pm25,y2050,36.2,scored,true,ug/m3,GHAP PM2.5 annual mean (synthetic stand-in),synthetic,,,2026-09-07
HS-02761,HK-HF-004,flood_riverine,today,0.21,scored,false,m,Aqueduct Floods v2 riverine (synthetic stand-in),synthetic,rcp8p5,100,2026-09-07
HS-02762,HK-HF-004,flood_coastal,today,0.0,scored,false,m,Aqueduct Floods v2 coastal-wtsub (synthetic stand-in),synthetic,rcp8p5,100,2026-09-07
HS-02763,HK-HF-004,wind,today,58.9,scored,false,m/s,STORM v4 (synthetic stand-in),synthetic,present-climate,100,2026-09-07
HS-02764,HK-HF-004,heat_days35,today,0.0,scored,false,days/yr,NEX-GDDP-CMIP6 vs ERA5-Land (synthetic stand-in),synthetic,ssp585,,2026-09-07
HS-02765,HK-HF-004,pm25,today,37.3,scored,true,ug/m3,GHAP PM2.5 annual mean (synthetic stand-in),synthetic,,,2026-09-07
HS-02766,HK-HF-004,flood_riverine,y2030,0.24,scored,false,m,Aqueduct Floods v2 riverine (synthetic stand-in),synthetic,rcp8p5,100,2026-09-07
HS-02767,HK-HF-004,flood_coastal,y2030,0.06,scored,false,m,Aqueduct Floods v2 coastal-wtsub (synthetic stand-in),synthetic,rcp8p5,100,2026-09-07
HS-02768,HK-HF-004,wind,y2030,60.0,scored,false,m/s,STORM v4 (synthetic stand-in),synthetic,climate-change,100,2026-09-07
HS-02769,HK-HF-004,heat_days35,y2030,14.0,scored,false,days/yr,NEX-GDDP-CMIP6 vs ERA5-Land (synthetic stand-in),synthetic,ssp585,,2026-09-07
HS-02770,HK-HF-004,pm25,y2030,37.3,scored,true,ug/m3,GHAP PM2.5 annual mean (synthetic stand-in),synthetic,,,2026-09-07
HS-02771,HK-HF-004,flood_riverine,y2050,0.26,scored,false,m,Aqueduct Floods v2 riverine (synthetic stand-in),synthetic,rcp8p5,100,2026-09-07
HS-02772,HK-HF-004,flood_coastal,y2050,0.19,scored,false,m,Aqueduct Floods v2 coastal-wtsub (synthetic stand-in),synthetic,rcp8p5,100,2026-09-07
HS-02773,HK-HF-004,wind,y2050,61.8,scored,false,m/s,STORM v4 (synthetic stand-in),synthetic,climate-change,100,2026-09-07
HS-02774,HK-HF-004,heat_days35,y2050,52.0,scored,false,days/yr,NEX-GDDP-CMIP6 vs ERA5-Land (synthetic stand-in),synthetic,ssp585,,2026-09-07
HS-02775,HK-HF-004,pm25,y2050,37.3,scored,true,ug/m3,GHAP PM2.5 annual mean (synthetic stand-in),synthetic,,,2026-09-07
HS-02776,HK-HF-005,flood_riverine,today,0.19,scored,false,m,Aqueduct Floods v2 riverine (synthetic stand-in),synthetic,rcp8p5,100,2026-09-07
HS-02777,HK-HF-005,flood_coastal,today,0.0,scored,false,m,Aqueduct Floods v2 coastal-wtsub (synthetic stand-in),synthetic,rcp8p5,100,2026-09-07
HS-02778,HK-HF-005,wind,today,58.3,scored,false,m/s,STORM v4 (synthetic stand-in),synthetic,present-climate,100,2026-09-07
HS-02779,HK-HF-005,heat_days35,today,0.0,scored,false,days/yr,NEX-GDDP-CMIP6 vs ERA5-Land (synthetic stand-in),synthetic,ssp585,,2026-09-07
HS-02780,HK-HF-005,pm25,today,37.3,scored,true,ug/m3,GHAP PM2.5 annual mean (synthetic stand-in),synthetic,,,2026-09-07
HS-02781,HK-HF-005,flood_riverine,y2030,0.21,scored,false,m,Aqueduct Floods v2 riverine (synthetic stand-in),synthetic,rcp8p5,100,2026-09-07
HS-02782,HK-HF-005,flood_coastal,y2030,0.02,scored,false,m,Aqueduct Floods v2 coastal-wtsub (synthetic stand-in),synthetic,rcp8p5,100,2026-09-07
HS-02783,HK-HF-005,wind,y2030,59.5,scored,false,m/s,STORM v4 (synthetic stand-in),synthetic,climate-change,100,2026-09-07
HS-02784,HK-HF-005,heat_days35,y2030,16.0,scored,false,days/yr,NEX-GDDP-CMIP6 vs ERA5-Land (synthetic stand-in),synthetic,ssp585,,2026-09-07
HS-02785,HK-HF-005,pm25,y2030,37.3,scored,true,ug/m3,GHAP PM2.5 annual mean (synthetic stand-in),synthetic,,,2026-09-07
HS-02786,HK-HF-005,flood_riverine,y2050,0.23,scored,false,m,Aqueduct Floods v2 riverine (synthetic stand-in),synthetic,rcp8p5,100,2026-09-07
HS-02787,HK-HF-005,flood_coastal,y2050,0.13,scored,false,m,Aqueduct Floods v2 coastal-wtsub (synthetic stand-in),synthetic,rcp8p5,100,2026-09-07
HS-02788,HK-HF-005,wind,y2050,61.2,scored,false,m/s,STORM v4 (synthetic stand-in),synthetic,climate-change,100,2026-09-07
HS-02789,HK-HF-005,heat_days35,y2050,51.0,scored,false,days/yr,NEX-GDDP-CMIP6 vs ERA5-Land (synthetic stand-in),synthetic,ssp585,,2026-09-07
HS-02790,HK-HF-005,pm25,y2050,37.3,scored,true,ug/m3,GHAP PM2.5 annual mean (synthetic stand-in),synthetic,,,2026-09-07
HS-02791,HK-KT-001,flood_riverine,today,0.0,scored,false,m,Aqueduct Floods v2 riverine (synthetic stand-in),synthetic,rcp8p5,100,2026-09-07
HS-02792,HK-KT-001,flood_coastal,today,0.0,scored,false,m,Aqueduct Floods v2 coastal-wtsub (synthetic stand-in),synthetic,rcp8p5,100,2026-09-07
HS-02793,HK-KT-001,wind,today,57.7,scored,false,m/s,STORM v4 (synthetic stand-in),synthetic,present-climate,100,2026-09-07
HS-02794,HK-KT-001,heat_days35,today,0.0,scored,false,days/yr,NEX-GDDP-CMIP6 vs ERA5-Land (synthetic stand-in),synthetic,ssp585,,2026-09-07
HS-02795,HK-KT-001,pm25,today,38.3,scored,true,ug/m3,GHAP PM2.5 annual mean (synthetic stand-in),synthetic,,,2026-09-07
HS-02796,HK-KT-001,flood_riverine,y2030,0.0,scored,false,m,Aqueduct Floods v2 riverine (synthetic stand-in),synthetic,rcp8p5,100,2026-09-07
HS-02797,HK-KT-001,flood_coastal,y2030,0.0,scored,false,m,Aqueduct Floods v2 coastal-wtsub (synthetic stand-in),synthetic,rcp8p5,100,2026-09-07
HS-02798,HK-KT-001,wind,y2030,58.8,scored,false,m/s,STORM v4 (synthetic stand-in),synthetic,climate-change,100,2026-09-07
HS-02799,HK-KT-001,heat_days35,y2030,18.0,scored,false,days/yr,NEX-GDDP-CMIP6 vs ERA5-Land (synthetic stand-in),synthetic,ssp585,,2026-09-07
HS-02800,HK-KT-001,pm25,y2030,38.3,scored,true,ug/m3,GHAP PM2.5 annual mean (synthetic stand-in),synthetic,,,2026-09-07
HS-02801,HK-KT-001,flood_riverine,y2050,0.0,scored,false,m,Aqueduct Floods v2 riverine (synthetic stand-in),synthetic,rcp8p5,100,2026-09-07
HS-02802,HK-KT-001,flood_coastal,y2050,0.0,scored,false,m,Aqueduct Floods v2 coastal-wtsub (synthetic stand-in),synthetic,rcp8p5,100,2026-09-07
HS-02803,HK-KT-001,wind,y2050,60.5,scored,false,m/s,STORM v4 (synthetic stand-in),synthetic,climate-change,100,2026-09-07
HS-02804,HK-KT-001,heat_days35,y2050,58.0,scored,false,days/yr,NEX-GDDP-CMIP6 vs ERA5-Land (synthetic stand-in),synthetic,ssp585,,2026-09-07
HS-02805,HK-KT-001,pm25,y2050,38.3,scored,true,ug/m3,GHAP PM2.5 annual mean (synthetic stand-in),synthetic,,,2026-09-07
HS-02806,HK-KT-002,flood_riverine,today,0.0,scored,false,m,Aqueduct Floods v2 riverine (synthetic stand-in),synthetic,rcp8p5,100,2026-09-07
HS-02807,HK-KT-002,flood_coastal,today,0.0,scored,false,m,Aqueduct Floods v2 coastal-wtsub (synthetic stand-in),synthetic,rcp8p5,100,2026-09-07
HS-02808,HK-KT-002,wind,today,55.0,scored,false,m/s,STORM v4 (synthetic stand-in),synthetic,present-climate,100,2026-09-07
HS-02809,HK-KT-002,heat_days35,today,0.0,scored,false,days/yr,NEX-GDDP-CMIP6 vs ERA5-Land (synthetic stand-in),synthetic,ssp585,,2026-09-07
HS-02810,HK-KT-002,pm25,today,37.7,scored,true,ug/m3,GHAP PM2.5 annual mean (synthetic stand-in),synthetic,,,2026-09-07
HS-02811,HK-KT-002,flood_riverine,y2030,0.0,scored,false,m,Aqueduct Floods v2 riverine (synthetic stand-in),synthetic,rcp8p5,100,2026-09-07
HS-02812,HK-KT-002,flood_coastal,y2030,0.0,scored,false,m,Aqueduct Floods v2 coastal-wtsub (synthetic stand-in),synthetic,rcp8p5,100,2026-09-07
HS-02813,HK-KT-002,wind,y2030,56.1,scored,false,m/s,STORM v4 (synthetic stand-in),synthetic,climate-change,100,2026-09-07
HS-02814,HK-KT-002,heat_days35,y2030,18.0,scored,false,days/yr,NEX-GDDP-CMIP6 vs ERA5-Land (synthetic stand-in),synthetic,ssp585,,2026-09-07
HS-02815,HK-KT-002,pm25,y2030,37.7,scored,true,ug/m3,GHAP PM2.5 annual mean (synthetic stand-in),synthetic,,,2026-09-07
HS-02816,HK-KT-002,flood_riverine,y2050,0.0,scored,false,m,Aqueduct Floods v2 riverine (synthetic stand-in),synthetic,rcp8p5,100,2026-09-07
HS-02817,HK-KT-002,flood_coastal,y2050,0.0,scored,false,m,Aqueduct Floods v2 coastal-wtsub (synthetic stand-in),synthetic,rcp8p5,100,2026-09-07
HS-02818,HK-KT-002,wind,y2050,57.7,scored,false,m/s,STORM v4 (synthetic stand-in),synthetic,climate-change,100,2026-09-07
HS-02819,HK-KT-002,heat_days35,y2050,57.0,scored,false,days/yr,NEX-GDDP-CMIP6 vs ERA5-Land (synthetic stand-in),synthetic,ssp585,,2026-09-07
HS-02820,HK-KT-002,pm25,y2050,37.7,scored,true,ug/m3,GHAP PM2.5 annual mean (synthetic stand-in),synthetic,,,2026-09-07
HS-02821,HK-KT-003,flood_riverine,today,0.0,scored,false,m,Aqueduct Floods v2 riverine (synthetic stand-in),synthetic,rcp8p5,100,2026-09-07
HS-02822,HK-KT-003,flood_coastal,today,0.0,scored,false,m,Aqueduct Floods v2 coastal-wtsub (synthetic stand-in),synthetic,rcp8p5,100,2026-09-07
HS-02823,HK-KT-003,wind,today,54.9,scored,false,m/s,STORM v4 (synthetic stand-in),synthetic,present-climate,100,2026-09-07
HS-02824,HK-KT-003,heat_days35,today,0.0,scored,false,days/yr,NEX-GDDP-CMIP6 vs ERA5-Land (synthetic stand-in),synthetic,ssp585,,2026-09-07
HS-02825,HK-KT-003,pm25,today,38.1,scored,true,ug/m3,GHAP PM2.5 annual mean (synthetic stand-in),synthetic,,,2026-09-07
HS-02826,HK-KT-003,flood_riverine,y2030,0.0,scored,false,m,Aqueduct Floods v2 riverine (synthetic stand-in),synthetic,rcp8p5,100,2026-09-07
HS-02827,HK-KT-003,flood_coastal,y2030,0.0,scored,false,m,Aqueduct Floods v2 coastal-wtsub (synthetic stand-in),synthetic,rcp8p5,100,2026-09-07
HS-02828,HK-KT-003,wind,y2030,56.0,scored,false,m/s,STORM v4 (synthetic stand-in),synthetic,climate-change,100,2026-09-07
HS-02829,HK-KT-003,heat_days35,y2030,14.0,scored,false,days/yr,NEX-GDDP-CMIP6 vs ERA5-Land (synthetic stand-in),synthetic,ssp585,,2026-09-07
HS-02830,HK-KT-003,pm25,y2030,38.1,scored,true,ug/m3,GHAP PM2.5 annual mean (synthetic stand-in),synthetic,,,2026-09-07
HS-02831,HK-KT-003,flood_riverine,y2050,0.0,scored,false,m,Aqueduct Floods v2 riverine (synthetic stand-in),synthetic,rcp8p5,100,2026-09-07
HS-02832,HK-KT-003,flood_coastal,y2050,0.0,scored,false,m,Aqueduct Floods v2 coastal-wtsub (synthetic stand-in),synthetic,rcp8p5,100,2026-09-07
HS-02833,HK-KT-003,wind,y2050,57.7,scored,false,m/s,STORM v4 (synthetic stand-in),synthetic,climate-change,100,2026-09-07
HS-02834,HK-KT-003,heat_days35,y2050,48.0,scored,false,days/yr,NEX-GDDP-CMIP6 vs ERA5-Land (synthetic stand-in),synthetic,ssp585,,2026-09-07
HS-02835,HK-KT-003,pm25,y2050,38.1,scored,true,ug/m3,GHAP PM2.5 annual mean (synthetic stand-in),synthetic,,,2026-09-07
HS-02836,HK-KT-004,flood_riverine,today,0.38,scored,false,m,Aqueduct Floods v2 riverine (synthetic stand-in),synthetic,rcp8p5,100,2026-09-07
HS-02837,HK-KT-004,flood_coastal,today,0.04,scored,false,m,Aqueduct Floods v2 coastal-wtsub (synthetic stand-in),synthetic,rcp8p5,100,2026-09-07
HS-02838,HK-KT-004,wind,today,58.4,scored,false,m/s,STORM v4 (synthetic stand-in),synthetic,present-climate,100,2026-09-07
HS-02839,HK-KT-004,heat_days35,today,0.0,scored,false,days/yr,NEX-GDDP-CMIP6 vs ERA5-Land (synthetic stand-in),synthetic,ssp585,,2026-09-07
HS-02840,HK-KT-004,pm25,today,37.1,scored,true,ug/m3,GHAP PM2.5 annual mean (synthetic stand-in),synthetic,,,2026-09-07
HS-02841,HK-KT-004,flood_riverine,y2030,0.43,scored,false,m,Aqueduct Floods v2 riverine (synthetic stand-in),synthetic,rcp8p5,100,2026-09-07
HS-02842,HK-KT-004,flood_coastal,y2030,0.18,scored,false,m,Aqueduct Floods v2 coastal-wtsub (synthetic stand-in),synthetic,rcp8p5,100,2026-09-07
HS-02843,HK-KT-004,wind,y2030,59.6,scored,false,m/s,STORM v4 (synthetic stand-in),synthetic,climate-change,100,2026-09-07
HS-02844,HK-KT-004,heat_days35,y2030,15.0,scored,false,days/yr,NEX-GDDP-CMIP6 vs ERA5-Land (synthetic stand-in),synthetic,ssp585,,2026-09-07
HS-02845,HK-KT-004,pm25,y2030,37.1,scored,true,ug/m3,GHAP PM2.5 annual mean (synthetic stand-in),synthetic,,,2026-09-07
HS-02846,HK-KT-004,flood_riverine,y2050,0.48,scored,false,m,Aqueduct Floods v2 riverine (synthetic stand-in),synthetic,rcp8p5,100,2026-09-07
HS-02847,HK-KT-004,flood_coastal,y2050,0.37,scored,false,m,Aqueduct Floods v2 coastal-wtsub (synthetic stand-in),synthetic,rcp8p5,100,2026-09-07
HS-02848,HK-KT-004,wind,y2050,61.4,scored,false,m/s,STORM v4 (synthetic stand-in),synthetic,climate-change,100,2026-09-07
HS-02849,HK-KT-004,heat_days35,y2050,53.0,scored,false,days/yr,NEX-GDDP-CMIP6 vs ERA5-Land (synthetic stand-in),synthetic,ssp585,,2026-09-07
HS-02850,HK-KT-004,pm25,y2050,37.1,scored,true,ug/m3,GHAP PM2.5 annual mean (synthetic stand-in),synthetic,,,2026-09-07
HS-02851,HK-KT-005,flood_riverine,today,0.0,scored,false,m,Aqueduct Floods v2 riverine (synthetic stand-in),synthetic,rcp8p5,100,2026-09-07
HS-02852,HK-KT-005,flood_coastal,today,0.0,scored,false,m,Aqueduct Floods v2 coastal-wtsub (synthetic stand-in),synthetic,rcp8p5,100,2026-09-07
HS-02853,HK-KT-005,wind,today,54.9,scored,false,m/s,STORM v4 (synthetic stand-in),synthetic,present-climate,100,2026-09-07
HS-02854,HK-KT-005,heat_days35,today,0.0,scored,false,days/yr,NEX-GDDP-CMIP6 vs ERA5-Land (synthetic stand-in),synthetic,ssp585,,2026-09-07
HS-02855,HK-KT-005,pm25,today,37.1,scored,true,ug/m3,GHAP PM2.5 annual mean (synthetic stand-in),synthetic,,,2026-09-07
HS-02856,HK-KT-005,flood_riverine,y2030,0.0,scored,false,m,Aqueduct Floods v2 riverine (synthetic stand-in),synthetic,rcp8p5,100,2026-09-07
HS-02857,HK-KT-005,flood_coastal,y2030,0.0,scored,false,m,Aqueduct Floods v2 coastal-wtsub (synthetic stand-in),synthetic,rcp8p5,100,2026-09-07
HS-02858,HK-KT-005,wind,y2030,56.0,scored,false,m/s,STORM v4 (synthetic stand-in),synthetic,climate-change,100,2026-09-07
HS-02859,HK-KT-005,heat_days35,y2030,17.0,scored,false,days/yr,NEX-GDDP-CMIP6 vs ERA5-Land (synthetic stand-in),synthetic,ssp585,,2026-09-07
HS-02860,HK-KT-005,pm25,y2030,37.1,scored,true,ug/m3,GHAP PM2.5 annual mean (synthetic stand-in),synthetic,,,2026-09-07
HS-02861,HK-KT-005,flood_riverine,y2050,0.0,scored,false,m,Aqueduct Floods v2 riverine (synthetic stand-in),synthetic,rcp8p5,100,2026-09-07
HS-02862,HK-KT-005,flood_coastal,y2050,0.0,scored,false,m,Aqueduct Floods v2 coastal-wtsub (synthetic stand-in),synthetic,rcp8p5,100,2026-09-07
HS-02863,HK-KT-005,wind,y2050,57.7,scored,false,m/s,STORM v4 (synthetic stand-in),synthetic,climate-change,100,2026-09-07
HS-02864,HK-KT-005,heat_days35,y2050,52.0,scored,false,days/yr,NEX-GDDP-CMIP6 vs ERA5-Land (synthetic stand-in),synthetic,ssp585,,2026-09-07
HS-02865,HK-KT-005,pm25,y2050,37.1,scored,true,ug/m3,GHAP PM2.5 annual mean (synthetic stand-in),synthetic,,,2026-09-07
HS-02866,HK-TP-001,flood_riverine,today,0.0,scored,false,m,Aqueduct Floods v2 riverine (synthetic stand-in),synthetic,rcp8p5,100,2026-09-07
HS-02867,HK-TP-001,flood_coastal,today,0.0,scored,false,m,Aqueduct Floods v2 coastal-wtsub (synthetic stand-in),synthetic,rcp8p5,100,2026-09-07
HS-02868,HK-TP-001,wind,today,56.7,scored,false,m/s,STORM v4 (synthetic stand-in),synthetic,present-climate,100,2026-09-07
HS-02869,HK-TP-001,heat_days35,today,0.0,scored,false,days/yr,NEX-GDDP-CMIP6 vs ERA5-Land (synthetic stand-in),synthetic,ssp585,,2026-09-07
HS-02870,HK-TP-001,pm25,today,34.7,scored,true,ug/m3,GHAP PM2.5 annual mean (synthetic stand-in),synthetic,,,2026-09-07
HS-02871,HK-TP-001,flood_riverine,y2030,0.0,scored,false,m,Aqueduct Floods v2 riverine (synthetic stand-in),synthetic,rcp8p5,100,2026-09-07
HS-02872,HK-TP-001,flood_coastal,y2030,0.0,scored,false,m,Aqueduct Floods v2 coastal-wtsub (synthetic stand-in),synthetic,rcp8p5,100,2026-09-07
HS-02873,HK-TP-001,wind,y2030,57.8,scored,false,m/s,STORM v4 (synthetic stand-in),synthetic,climate-change,100,2026-09-07
HS-02874,HK-TP-001,heat_days35,y2030,16.0,scored,false,days/yr,NEX-GDDP-CMIP6 vs ERA5-Land (synthetic stand-in),synthetic,ssp585,,2026-09-07
HS-02875,HK-TP-001,pm25,y2030,34.7,scored,true,ug/m3,GHAP PM2.5 annual mean (synthetic stand-in),synthetic,,,2026-09-07
HS-02876,HK-TP-001,flood_riverine,y2050,0.0,scored,false,m,Aqueduct Floods v2 riverine (synthetic stand-in),synthetic,rcp8p5,100,2026-09-07
HS-02877,HK-TP-001,flood_coastal,y2050,0.0,scored,false,m,Aqueduct Floods v2 coastal-wtsub (synthetic stand-in),synthetic,rcp8p5,100,2026-09-07
HS-02878,HK-TP-001,wind,y2050,59.6,scored,false,m/s,STORM v4 (synthetic stand-in),synthetic,climate-change,100,2026-09-07
HS-02879,HK-TP-001,heat_days35,y2050,56.0,scored,false,days/yr,NEX-GDDP-CMIP6 vs ERA5-Land (synthetic stand-in),synthetic,ssp585,,2026-09-07
HS-02880,HK-TP-001,pm25,y2050,34.7,scored,true,ug/m3,GHAP PM2.5 annual mean (synthetic stand-in),synthetic,,,2026-09-07
HS-02881,HK-TP-002,flood_riverine,today,0.0,scored,false,m,Aqueduct Floods v2 riverine (synthetic stand-in),synthetic,rcp8p5,100,2026-09-07
HS-02882,HK-TP-002,flood_coastal,today,0.0,scored,false,m,Aqueduct Floods v2 coastal-wtsub (synthetic stand-in),synthetic,rcp8p5,100,2026-09-07
HS-02883,HK-TP-002,wind,today,57.9,scored,false,m/s,STORM v4 (synthetic stand-in),synthetic,present-climate,100,2026-09-07
HS-02884,HK-TP-002,heat_days35,today,0.0,scored,false,days/yr,NEX-GDDP-CMIP6 vs ERA5-Land (synthetic stand-in),synthetic,ssp585,,2026-09-07
HS-02885,HK-TP-002,pm25,today,36.2,scored,true,ug/m3,GHAP PM2.5 annual mean (synthetic stand-in),synthetic,,,2026-09-07
HS-02886,HK-TP-002,flood_riverine,y2030,0.0,scored,false,m,Aqueduct Floods v2 riverine (synthetic stand-in),synthetic,rcp8p5,100,2026-09-07
HS-02887,HK-TP-002,flood_coastal,y2030,0.0,scored,false,m,Aqueduct Floods v2 coastal-wtsub (synthetic stand-in),synthetic,rcp8p5,100,2026-09-07
HS-02888,HK-TP-002,wind,y2030,59.0,scored,false,m/s,STORM v4 (synthetic stand-in),synthetic,climate-change,100,2026-09-07
HS-02889,HK-TP-002,heat_days35,y2030,18.0,scored,false,days/yr,NEX-GDDP-CMIP6 vs ERA5-Land (synthetic stand-in),synthetic,ssp585,,2026-09-07
HS-02890,HK-TP-002,pm25,y2030,36.2,scored,true,ug/m3,GHAP PM2.5 annual mean (synthetic stand-in),synthetic,,,2026-09-07
HS-02891,HK-TP-002,flood_riverine,y2050,0.0,scored,false,m,Aqueduct Floods v2 riverine (synthetic stand-in),synthetic,rcp8p5,100,2026-09-07
HS-02892,HK-TP-002,flood_coastal,y2050,0.0,scored,false,m,Aqueduct Floods v2 coastal-wtsub (synthetic stand-in),synthetic,rcp8p5,100,2026-09-07
HS-02893,HK-TP-002,wind,y2050,60.8,scored,false,m/s,STORM v4 (synthetic stand-in),synthetic,climate-change,100,2026-09-07
HS-02894,HK-TP-002,heat_days35,y2050,55.0,scored,false,days/yr,NEX-GDDP-CMIP6 vs ERA5-Land (synthetic stand-in),synthetic,ssp585,,2026-09-07
HS-02895,HK-TP-002,pm25,y2050,36.2,scored,true,ug/m3,GHAP PM2.5 annual mean (synthetic stand-in),synthetic,,,2026-09-07
HS-02896,HK-TP-003,flood_riverine,today,0.0,scored,false,m,Aqueduct Floods v2 riverine (synthetic stand-in),synthetic,rcp8p5,100,2026-09-07
HS-02897,HK-TP-003,flood_coastal,today,0.0,scored,false,m,Aqueduct Floods v2 coastal-wtsub (synthetic stand-in),synthetic,rcp8p5,100,2026-09-07
HS-02898,HK-TP-003,wind,today,57.4,scored,false,m/s,STORM v4 (synthetic stand-in),synthetic,present-climate,100,2026-09-07
HS-02899,HK-TP-003,heat_days35,today,0.0,scored,false,days/yr,NEX-GDDP-CMIP6 vs ERA5-Land (synthetic stand-in),synthetic,ssp585,,2026-09-07
HS-02900,HK-TP-003,pm25,today,35.8,scored,true,ug/m3,GHAP PM2.5 annual mean (synthetic stand-in),synthetic,,,2026-09-07
HS-02901,HK-TP-003,flood_riverine,y2030,0.0,scored,false,m,Aqueduct Floods v2 riverine (synthetic stand-in),synthetic,rcp8p5,100,2026-09-07
HS-02902,HK-TP-003,flood_coastal,y2030,0.0,scored,false,m,Aqueduct Floods v2 coastal-wtsub (synthetic stand-in),synthetic,rcp8p5,100,2026-09-07
HS-02903,HK-TP-003,wind,y2030,58.6,scored,false,m/s,STORM v4 (synthetic stand-in),synthetic,climate-change,100,2026-09-07
HS-02904,HK-TP-003,heat_days35,y2030,15.0,scored,false,days/yr,NEX-GDDP-CMIP6 vs ERA5-Land (synthetic stand-in),synthetic,ssp585,,2026-09-07
HS-02905,HK-TP-003,pm25,y2030,35.8,scored,true,ug/m3,GHAP PM2.5 annual mean (synthetic stand-in),synthetic,,,2026-09-07
HS-02906,HK-TP-003,flood_riverine,y2050,0.0,scored,false,m,Aqueduct Floods v2 riverine (synthetic stand-in),synthetic,rcp8p5,100,2026-09-07
HS-02907,HK-TP-003,flood_coastal,y2050,0.0,scored,false,m,Aqueduct Floods v2 coastal-wtsub (synthetic stand-in),synthetic,rcp8p5,100,2026-09-07
HS-02908,HK-TP-003,wind,y2050,60.3,scored,false,m/s,STORM v4 (synthetic stand-in),synthetic,climate-change,100,2026-09-07
HS-02909,HK-TP-003,heat_days35,y2050,50.0,scored,false,days/yr,NEX-GDDP-CMIP6 vs ERA5-Land (synthetic stand-in),synthetic,ssp585,,2026-09-07
HS-02910,HK-TP-003,pm25,y2050,35.8,scored,true,ug/m3,GHAP PM2.5 annual mean (synthetic stand-in),synthetic,,,2026-09-07
HS-02911,HK-TP-004,flood_riverine,today,0.0,scored,false,m,Aqueduct Floods v2 riverine (synthetic stand-in),synthetic,rcp8p5,100,2026-09-07
HS-02912,HK-TP-004,flood_coastal,today,0.0,scored,false,m,Aqueduct Floods v2 coastal-wtsub (synthetic stand-in),synthetic,rcp8p5,100,2026-09-07
HS-02913,HK-TP-004,wind,today,57.5,scored,false,m/s,STORM v4 (synthetic stand-in),synthetic,present-climate,100,2026-09-07
HS-02914,HK-TP-004,heat_days35,today,0.0,scored,false,days/yr,NEX-GDDP-CMIP6 vs ERA5-Land (synthetic stand-in),synthetic,ssp585,,2026-09-07
HS-02915,HK-TP-004,pm25,today,35.7,scored,true,ug/m3,GHAP PM2.5 annual mean (synthetic stand-in),synthetic,,,2026-09-07
HS-02916,HK-TP-004,flood_riverine,y2030,0.0,scored,false,m,Aqueduct Floods v2 riverine (synthetic stand-in),synthetic,rcp8p5,100,2026-09-07
HS-02917,HK-TP-004,flood_coastal,y2030,0.0,scored,false,m,Aqueduct Floods v2 coastal-wtsub (synthetic stand-in),synthetic,rcp8p5,100,2026-09-07
HS-02918,HK-TP-004,wind,y2030,58.7,scored,false,m/s,STORM v4 (synthetic stand-in),synthetic,climate-change,100,2026-09-07
HS-02919,HK-TP-004,heat_days35,y2030,15.0,scored,false,days/yr,NEX-GDDP-CMIP6 vs ERA5-Land (synthetic stand-in),synthetic,ssp585,,2026-09-07
HS-02920,HK-TP-004,pm25,y2030,35.7,scored,true,ug/m3,GHAP PM2.5 annual mean (synthetic stand-in),synthetic,,,2026-09-07
HS-02921,HK-TP-004,flood_riverine,y2050,0.0,scored,false,m,Aqueduct Floods v2 riverine (synthetic stand-in),synthetic,rcp8p5,100,2026-09-07
HS-02922,HK-TP-004,flood_coastal,y2050,0.0,scored,false,m,Aqueduct Floods v2 coastal-wtsub (synthetic stand-in),synthetic,rcp8p5,100,2026-09-07
HS-02923,HK-TP-004,wind,y2050,60.4,scored,false,m/s,STORM v4 (synthetic stand-in),synthetic,climate-change,100,2026-09-07
HS-02924,HK-TP-004,heat_days35,y2050,50.0,scored,false,days/yr,NEX-GDDP-CMIP6 vs ERA5-Land (synthetic stand-in),synthetic,ssp585,,2026-09-07
HS-02925,HK-TP-004,pm25,y2050,35.7,scored,true,ug/m3,GHAP PM2.5 annual mean (synthetic stand-in),synthetic,,,2026-09-07
HS-02926,HK-TP-005,flood_riverine,today,0.0,scored,false,m,Aqueduct Floods v2 riverine (synthetic stand-in),synthetic,rcp8p5,100,2026-09-07
HS-02927,HK-TP-005,flood_coastal,today,0.0,scored,false,m,Aqueduct Floods v2 coastal-wtsub (synthetic stand-in),synthetic,rcp8p5,100,2026-09-07
HS-02928,HK-TP-005,wind,today,55.7,scored,false,m/s,STORM v4 (synthetic stand-in),synthetic,present-climate,100,2026-09-07
HS-02929,HK-TP-005,heat_days35,today,0.0,scored,false,days/yr,NEX-GDDP-CMIP6 vs ERA5-Land (synthetic stand-in),synthetic,ssp585,,2026-09-07
HS-02930,HK-TP-005,pm25,today,34.8,scored,true,ug/m3,GHAP PM2.5 annual mean (synthetic stand-in),synthetic,,,2026-09-07
HS-02931,HK-TP-005,flood_riverine,y2030,0.0,scored,false,m,Aqueduct Floods v2 riverine (synthetic stand-in),synthetic,rcp8p5,100,2026-09-07
HS-02932,HK-TP-005,flood_coastal,y2030,0.0,scored,false,m,Aqueduct Floods v2 coastal-wtsub (synthetic stand-in),synthetic,rcp8p5,100,2026-09-07
HS-02933,HK-TP-005,wind,y2030,56.8,scored,false,m/s,STORM v4 (synthetic stand-in),synthetic,climate-change,100,2026-09-07
HS-02934,HK-TP-005,heat_days35,y2030,14.0,scored,false,days/yr,NEX-GDDP-CMIP6 vs ERA5-Land (synthetic stand-in),synthetic,ssp585,,2026-09-07
HS-02935,HK-TP-005,pm25,y2030,34.8,scored,true,ug/m3,GHAP PM2.5 annual mean (synthetic stand-in),synthetic,,,2026-09-07
HS-02936,HK-TP-005,flood_riverine,y2050,0.0,scored,false,m,Aqueduct Floods v2 riverine (synthetic stand-in),synthetic,rcp8p5,100,2026-09-07
HS-02937,HK-TP-005,flood_coastal,y2050,0.0,scored,false,m,Aqueduct Floods v2 coastal-wtsub (synthetic stand-in),synthetic,rcp8p5,100,2026-09-07
HS-02938,HK-TP-005,wind,y2050,58.5,scored,false,m/s,STORM v4 (synthetic stand-in),synthetic,climate-change,100,2026-09-07
HS-02939,HK-TP-005,heat_days35,y2050,49.0,scored,false,days/yr,NEX-GDDP-CMIP6 vs ERA5-Land (synthetic stand-in),synthetic,ssp585,,2026-09-07
HS-02940,HK-TP-005,pm25,y2050,34.8,scored,true,ug/m3,GHAP PM2.5 annual mean (synthetic stand-in),synthetic,,,2026-09-07
HS-02941,HK-TC-001,flood_riverine,today,0.0,scored,false,m,Aqueduct Floods v2 riverine (synthetic stand-in),synthetic,rcp8p5,100,2026-09-07
HS-02942,HK-TC-001,flood_coastal,today,0.0,scored,false,m,Aqueduct Floods v2 coastal-wtsub (synthetic stand-in),synthetic,rcp8p5,100,2026-09-07
HS-02943,HK-TC-001,wind,today,55.3,scored,false,m/s,STORM v4 (synthetic stand-in),synthetic,present-climate,100,2026-09-07
HS-02944,HK-TC-001,heat_days35,today,0.0,scored,false,days/yr,NEX-GDDP-CMIP6 vs ERA5-Land (synthetic stand-in),synthetic,ssp585,,2026-09-07
HS-02945,HK-TC-001,pm25,today,36.8,scored,true,ug/m3,GHAP PM2.5 annual mean (synthetic stand-in),synthetic,,,2026-09-07
HS-02946,HK-TC-001,flood_riverine,y2030,0.0,scored,false,m,Aqueduct Floods v2 riverine (synthetic stand-in),synthetic,rcp8p5,100,2026-09-07
HS-02947,HK-TC-001,flood_coastal,y2030,0.0,scored,false,m,Aqueduct Floods v2 coastal-wtsub (synthetic stand-in),synthetic,rcp8p5,100,2026-09-07
HS-02948,HK-TC-001,wind,y2030,56.4,scored,false,m/s,STORM v4 (synthetic stand-in),synthetic,climate-change,100,2026-09-07
HS-02949,HK-TC-001,heat_days35,y2030,18.0,scored,false,days/yr,NEX-GDDP-CMIP6 vs ERA5-Land (synthetic stand-in),synthetic,ssp585,,2026-09-07
HS-02950,HK-TC-001,pm25,y2030,36.8,scored,true,ug/m3,GHAP PM2.5 annual mean (synthetic stand-in),synthetic,,,2026-09-07
HS-02951,HK-TC-001,flood_riverine,y2050,0.0,scored,false,m,Aqueduct Floods v2 riverine (synthetic stand-in),synthetic,rcp8p5,100,2026-09-07
HS-02952,HK-TC-001,flood_coastal,y2050,0.0,scored,false,m,Aqueduct Floods v2 coastal-wtsub (synthetic stand-in),synthetic,rcp8p5,100,2026-09-07
HS-02953,HK-TC-001,wind,y2050,58.1,scored,false,m/s,STORM v4 (synthetic stand-in),synthetic,climate-change,100,2026-09-07
HS-02954,HK-TC-001,heat_days35,y2050,59.0,scored,false,days/yr,NEX-GDDP-CMIP6 vs ERA5-Land (synthetic stand-in),synthetic,ssp585,,2026-09-07
HS-02955,HK-TC-001,pm25,y2050,36.8,scored,true,ug/m3,GHAP PM2.5 annual mean (synthetic stand-in),synthetic,,,2026-09-07
HS-02956,HK-TC-002,flood_riverine,today,0.0,scored,false,m,Aqueduct Floods v2 riverine (synthetic stand-in),synthetic,rcp8p5,100,2026-09-07
HS-02957,HK-TC-002,flood_coastal,today,0.0,scored,false,m,Aqueduct Floods v2 coastal-wtsub (synthetic stand-in),synthetic,rcp8p5,100,2026-09-07
HS-02958,HK-TC-002,wind,today,55.7,scored,false,m/s,STORM v4 (synthetic stand-in),synthetic,present-climate,100,2026-09-07
HS-02959,HK-TC-002,heat_days35,today,0.0,scored,false,days/yr,NEX-GDDP-CMIP6 vs ERA5-Land (synthetic stand-in),synthetic,ssp585,,2026-09-07
HS-02960,HK-TC-002,pm25,today,37.4,scored,true,ug/m3,GHAP PM2.5 annual mean (synthetic stand-in),synthetic,,,2026-09-07
HS-02961,HK-TC-002,flood_riverine,y2030,0.0,scored,false,m,Aqueduct Floods v2 riverine (synthetic stand-in),synthetic,rcp8p5,100,2026-09-07
HS-02962,HK-TC-002,flood_coastal,y2030,0.0,scored,false,m,Aqueduct Floods v2 coastal-wtsub (synthetic stand-in),synthetic,rcp8p5,100,2026-09-07
HS-02963,HK-TC-002,wind,y2030,56.8,scored,false,m/s,STORM v4 (synthetic stand-in),synthetic,climate-change,100,2026-09-07
HS-02964,HK-TC-002,heat_days35,y2030,15.0,scored,false,days/yr,NEX-GDDP-CMIP6 vs ERA5-Land (synthetic stand-in),synthetic,ssp585,,2026-09-07
HS-02965,HK-TC-002,pm25,y2030,37.4,scored,true,ug/m3,GHAP PM2.5 annual mean (synthetic stand-in),synthetic,,,2026-09-07
HS-02966,HK-TC-002,flood_riverine,y2050,0.0,scored,false,m,Aqueduct Floods v2 riverine (synthetic stand-in),synthetic,rcp8p5,100,2026-09-07
HS-02967,HK-TC-002,flood_coastal,y2050,0.0,scored,false,m,Aqueduct Floods v2 coastal-wtsub (synthetic stand-in),synthetic,rcp8p5,100,2026-09-07
HS-02968,HK-TC-002,wind,y2050,58.5,scored,false,m/s,STORM v4 (synthetic stand-in),synthetic,climate-change,100,2026-09-07
HS-02969,HK-TC-002,heat_days35,y2050,48.0,scored,false,days/yr,NEX-GDDP-CMIP6 vs ERA5-Land (synthetic stand-in),synthetic,ssp585,,2026-09-07
HS-02970,HK-TC-002,pm25,y2050,37.4,scored,true,ug/m3,GHAP PM2.5 annual mean (synthetic stand-in),synthetic,,,2026-09-07
HS-02971,HK-TC-003,flood_riverine,today,0.0,scored,false,m,Aqueduct Floods v2 riverine (synthetic stand-in),synthetic,rcp8p5,100,2026-09-07
HS-02972,HK-TC-003,flood_coastal,today,0.0,scored,false,m,Aqueduct Floods v2 coastal-wtsub (synthetic stand-in),synthetic,rcp8p5,100,2026-09-07
HS-02973,HK-TC-003,wind,today,54.9,scored,false,m/s,STORM v4 (synthetic stand-in),synthetic,present-climate,100,2026-09-07
HS-02974,HK-TC-003,heat_days35,today,0.0,scored,false,days/yr,NEX-GDDP-CMIP6 vs ERA5-Land (synthetic stand-in),synthetic,ssp585,,2026-09-07
HS-02975,HK-TC-003,pm25,today,36.3,scored,true,ug/m3,GHAP PM2.5 annual mean (synthetic stand-in),synthetic,,,2026-09-07
HS-02976,HK-TC-003,flood_riverine,y2030,0.0,scored,false,m,Aqueduct Floods v2 riverine (synthetic stand-in),synthetic,rcp8p5,100,2026-09-07
HS-02977,HK-TC-003,flood_coastal,y2030,0.0,scored,false,m,Aqueduct Floods v2 coastal-wtsub (synthetic stand-in),synthetic,rcp8p5,100,2026-09-07
HS-02978,HK-TC-003,wind,y2030,56.0,scored,false,m/s,STORM v4 (synthetic stand-in),synthetic,climate-change,100,2026-09-07
HS-02979,HK-TC-003,heat_days35,y2030,14.0,scored,false,days/yr,NEX-GDDP-CMIP6 vs ERA5-Land (synthetic stand-in),synthetic,ssp585,,2026-09-07
HS-02980,HK-TC-003,pm25,y2030,36.3,scored,true,ug/m3,GHAP PM2.5 annual mean (synthetic stand-in),synthetic,,,2026-09-07
HS-02981,HK-TC-003,flood_riverine,y2050,0.0,scored,false,m,Aqueduct Floods v2 riverine (synthetic stand-in),synthetic,rcp8p5,100,2026-09-07
HS-02982,HK-TC-003,flood_coastal,y2050,0.0,scored,false,m,Aqueduct Floods v2 coastal-wtsub (synthetic stand-in),synthetic,rcp8p5,100,2026-09-07
HS-02983,HK-TC-003,wind,y2050,57.7,scored,false,m/s,STORM v4 (synthetic stand-in),synthetic,climate-change,100,2026-09-07
HS-02984,HK-TC-003,heat_days35,y2050,48.0,scored,false,days/yr,NEX-GDDP-CMIP6 vs ERA5-Land (synthetic stand-in),synthetic,ssp585,,2026-09-07
HS-02985,HK-TC-003,pm25,y2050,36.3,scored,true,ug/m3,GHAP PM2.5 annual mean (synthetic stand-in),synthetic,,,2026-09-07
HS-02986,HK-TC-004,flood_riverine,today,0.0,scored,false,m,Aqueduct Floods v2 riverine (synthetic stand-in),synthetic,rcp8p5,100,2026-09-07
HS-02987,HK-TC-004,flood_coastal,today,0.0,scored,false,m,Aqueduct Floods v2 coastal-wtsub (synthetic stand-in),synthetic,rcp8p5,100,2026-09-07
HS-02988,HK-TC-004,wind,today,57.2,scored,false,m/s,STORM v4 (synthetic stand-in),synthetic,present-climate,100,2026-09-07
HS-02989,HK-TC-004,heat_days35,today,0.0,scored,false,days/yr,NEX-GDDP-CMIP6 vs ERA5-Land (synthetic stand-in),synthetic,ssp585,,2026-09-07
HS-02990,HK-TC-004,pm25,today,35.4,scored,true,ug/m3,GHAP PM2.5 annual mean (synthetic stand-in),synthetic,,,2026-09-07
HS-02991,HK-TC-004,flood_riverine,y2030,0.0,scored,false,m,Aqueduct Floods v2 riverine (synthetic stand-in),synthetic,rcp8p5,100,2026-09-07
HS-02992,HK-TC-004,flood_coastal,y2030,0.0,scored,false,m,Aqueduct Floods v2 coastal-wtsub (synthetic stand-in),synthetic,rcp8p5,100,2026-09-07
HS-02993,HK-TC-004,wind,y2030,58.4,scored,false,m/s,STORM v4 (synthetic stand-in),synthetic,climate-change,100,2026-09-07
HS-02994,HK-TC-004,heat_days35,y2030,16.0,scored,false,days/yr,NEX-GDDP-CMIP6 vs ERA5-Land (synthetic stand-in),synthetic,ssp585,,2026-09-07
HS-02995,HK-TC-004,pm25,y2030,35.4,scored,true,ug/m3,GHAP PM2.5 annual mean (synthetic stand-in),synthetic,,,2026-09-07
HS-02996,HK-TC-004,flood_riverine,y2050,0.0,scored,false,m,Aqueduct Floods v2 riverine (synthetic stand-in),synthetic,rcp8p5,100,2026-09-07
HS-02997,HK-TC-004,flood_coastal,y2050,0.0,scored,false,m,Aqueduct Floods v2 coastal-wtsub (synthetic stand-in),synthetic,rcp8p5,100,2026-09-07
HS-02998,HK-TC-004,wind,y2050,60.1,scored,false,m/s,STORM v4 (synthetic stand-in),synthetic,climate-change,100,2026-09-07
HS-02999,HK-TC-004,heat_days35,y2050,53.0,scored,false,days/yr,NEX-GDDP-CMIP6 vs ERA5-Land (synthetic stand-in),synthetic,ssp585,,2026-09-07
HS-03000,HK-TC-004,pm25,y2050,35.4,scored,true,ug/m3,GHAP PM2.5 annual mean (synthetic stand-in),synthetic,,,2026-09-07
